county_fips,DEMOCRAT,LIBERTARIAN,OTHER,REPUBLICAN,total,dem_share,rep_share,NAME,pop,median_income,bachelors,state,county,fips,bachelors_pct
01001,7439.0,65.0,293.0,20484.0,28281.0,0.26303878929316504,0.7243025352710301,"Autauga County, Alabama",58761,68315,6726,1,1,01001,0.11446367488640424
01003,24934.0,241.0,1276.0,95798.0,122249.0,0.20396076859524415,0.7836301319438196,"Baldwin County, Alabama",233420,71039,33474,1,3,01003,0.1434067346414189
01005,4158.0,14.0,77.0,5606.0,9855.0,0.42191780821917807,0.5688483003551497,"Barbour County, Alabama",24877,39712,1167,1,5,01005,0.046910801141616755
01007,1619.0,11.0,55.0,7572.0,9257.0,0.17489467430052932,0.8179755860429945,"Bibb County, Alabama",22251,50669,1047,1,7,01007,0.04705406498584333
01009,2576.0,33.0,200.0,25354.0,28163.0,0.09146752831729574,0.9002592053403402,"Blount County, Alabama",59077,57440,3840,1,9,01009,0.06499991536469353
01011,2983.0,6.0,21.0,1101.0,4111.0,0.7256142057893457,0.2678180491364631,"Bullock County, Alabama",10328,36136,492,1,11,01011,0.04763749031758327
01013,3251.0,8.0,49.0,5172.0,8480.0,0.38337264150943395,0.6099056603773585,"Butler County, Alabama",18981,44429,1029,1,13,01013,0.05421210684368579
01015,13194.0,67.0,480.0,34912.0,48653.0,0.27118574394179185,0.7175713727827677,"Calhoun County, Alabama",116162,54339,9098,1,15,01015,0.07832165424149033
01017,5405.0,28.0,101.0,8711.0,14245.0,0.37943137943137945,0.6115128115128116,"Chambers County, Alabama",34612,48805,2273,1,17,01017,0.06567086559574714
01019,1553.0,16.0,79.0,11358.0,13006.0,0.11940642780255267,0.8732892511148701,"Cherokee County, Alabama",25069,46621,1530,1,19,01019,0.061031552913957475
01021,2698.0,23.0,122.0,16920.0,19763.0,0.13651773516166574,0.8561453220664879,"Chilton County, Alabama",45140,62471,2504,1,21,01021,0.055471865307930884
01023,2515.0,9.0,29.0,4103.0,6656.0,0.3778545673076923,0.6164362980769231,"Choctaw County, Alabama",12669,43299,873,1,23,01023,0.06890835898650248
01025,4927.0,9.0,57.0,6965.0,11958.0,0.4120254223114233,0.5824552600769359,"Clarke County, Alabama",23058,47549,1346,1,25,01025,0.05837453378436985
01027,993.0,10.0,30.0,5734.0,6767.0,0.14674153982562435,0.8473474213092951,"Clay County, Alabama",14209,48074,926,1,27,01027,0.06516996269969738
01029,605.0,13.0,45.0,6988.0,7651.0,0.07907463076721997,0.9133446608286498,"Cleburne County, Alabama",15144,51553,1172,1,29,01029,0.07739038563127311
01031,4601.0,36.0,187.0,17495.0,22319.0,0.20614722881849545,0.7838612841077109,"Coffee County, Alabama",53559,62199,4786,1,31,01031,0.08935939804701358
01033,7137.0,39.0,270.0,19714.0,27160.0,0.2627761413843888,0.7258468335787923,"Colbert County, Alabama",57270,56149,4578,1,33,01033,0.07993713986380303
01035,2580.0,7.0,41.0,3423.0,6051.0,0.4263758056519584,0.5656916212196331,"Conecuh County, Alabama",11576,39888,642,1,35,01035,0.05545957152729786
01037,1478.0,6.0,26.0,3758.0,5268.0,0.28056188306757784,0.7133637053910402,"Coosa County, Alabama",10329,52279,578,1,37,01037,0.055958950527640626
01039,2314.0,17.0,87.0,14677.0,17095.0,0.13536121673003804,0.8585551330798479,"Covington County, Alabama",37542,48772,2585,1,39,01039,0.06885621437323532
01041,1457.0,4.0,25.0,5000.0,6486.0,0.2246376811594203,0.7708911501695961,"Crenshaw County, Alabama",13205,48557,1092,1,41,01041,0.08269594850435441
01043,4039.0,81.0,322.0,38704.0,43146.0,0.09361238585268623,0.897047234969638,"Cullman County, Alabama",88284,58119,7463,1,43,01043,0.08453400389651579
01045,4484.0,28.0,151.0,14476.0,19139.0,0.2342860128533361,0.756361356392706,"Dale County, Alabama",49455,52813,4360,1,45,01045,0.08816095440299263
01047,10236.0,24.0,97.0,5190.0,15547.0,0.6583906863060397,0.33382646169679037,"Dallas County, Alabama",38326,37180,2633,1,47,01047,0.06870009914940249
01049,3758.0,40.0,229.0,25633.0,29660.0,0.12670262980445043,0.8642279163857046,"DeKalb County, Alabama",71680,47920,3996,1,49,01049,0.05574776785714286
01051,9774.0,75.0,401.0,31374.0,41624.0,0.23481645204689602,0.7537478377858927,"Elmore County, Alabama",87694,73258,9637,1,51,01051,0.10989349328346296
01053,3964.0,19.0,90.0,10884.0,14957.0,0.26502640903924585,0.7276860332954469,"Escambia County, Alabama",36755,41153,2168,1,53,01053,0.058985172085430554
01055,10027.0,75.0,382.0,35653.0,46137.0,0.2173309924789215,0.7727637254264473,"Etowah County, Alabama",103348,52177,7840,1,55,01055,0.07586020048767272
01057,1142.0,4.0,65.0,7158.0,8369.0,0.13645596845501254,0.8552993189150436,"Fayette County, Alabama",16297,45650,943,1,57,01057,0.057863410443639934
01059,1568.0,16.0,96.0,10417.0,12097.0,0.1296189137802761,0.8611225923782756,"Franklin County, Alabama",32011,47359,2204,1,59,01059,0.06885133235450314
01061,1391.0,18.0,63.0,10929.0,12401.0,0.11216837351826466,0.8812998951697444,"Geneva County, Alabama",26647,47608,1842,1,61,01061,0.06912598041055278
01063,3133.0,1.0,20.0,885.0,4039.0,0.7756870512503095,0.21911364199059172,"Greene County, Alabama",7706,32796,579,1,63,01063,0.07513625746171815
01065,3868.0,13.0,55.0,3369.0,7305.0,0.5295003422313483,0.4611909650924025,"Hale County, Alabama",14742,35851,1079,1,65,01065,0.07319223985890652
01067,2263.0,9.0,59.0,6989.0,9320.0,0.24281115879828327,0.7498927038626609,"Henry County, Alabama",17282,58395,1758,1,67,01067,0.10172433746094202
01069,11352.0,86.0,442.0,32469.0,44349.0,0.25596969491984034,0.7321247378745857,"Houston County, Alabama",107040,55064,10616,1,69,01069,0.0991778774289985
01071,3276.0,31.0,176.0,20073.0,23556.0,0.1390728476821192,0.8521395822720326,"Jackson County, Alabama",52618,46748,3874,1,71,01071,0.07362499524877418
01073,162112.0,731.0,4738.0,131123.0,298704.0,0.5427178745513953,0.43897303015694467,"Jefferson County, Alabama",672265,63595,96805,1,73,01073,0.14399827448997046
01075,806.0,4.0,47.0,6033.0,6890.0,0.1169811320754717,0.8756168359941945,"Lamar County, Alabama",13885,49565,606,1,75,01075,0.04364422038170688
01077,10326.0,90.0,513.0,32708.0,43637.0,0.23663404908678415,0.7495474024337145,"Lauderdale County, Alabama",94329,56081,10372,1,77,01077,0.10995558099842043
01079,2983.0,18.0,97.0,13024.0,16122.0,0.18502667162883016,0.8078402183351941,"Lawrence County, Alabama",33116,54786,2364,1,79,01079,0.07138543302331199
01081,25798.0,250.0,1059.0,46020.0,73127.0,0.3527835136133029,0.6293161212684781,"Lee County, Alabama",175126,59288,23707,1,81,01081,0.1353711042335233
01083,14581.0,173.0,691.0,37887.0,53332.0,0.2734005850146254,0.7103990099752494,"Limestone County, Alabama",104199,80146,13776,1,83,01083,0.13220856246221174
01085,3867.0,5.0,25.0,1758.0,5655.0,0.6838196286472149,0.31087533156498676,"Lowndes County, Alabama",10153,33125,739,1,85,01085,0.07278636856101645
01087,6084.0,10.0,58.0,1682.0,7834.0,0.7766147561909624,0.21470513147817208,"Macon County, Alabama",19198,41206,1275,1,87,01087,0.06641316803833733
01089,87824.0,931.0,3432.0,105430.0,197617.0,0.4444152071937131,0.5335067327203631,"Madison County, Alabama",389781,78058,71617,1,89,01089,0.1837365084496166
01091,4631.0,10.0,46.0,4995.0,9682.0,0.47831026647386904,0.5159058045858294,"Marengo County, Alabama",19180,42975,1654,1,91,01091,0.08623566214807091
01093,1197.0,9.0,92.0,12245.0,13543.0,0.08838514361662851,0.9041571291442073,"Marion County, Alabama",29203,49743,1476,1,93,01093,0.05054275245693936
01095,5553.0,57.0,244.0,34434.0,40288.0,0.13783260524225577,0.8546961874503575,"Marshall County, Alabama",97923,58272,9437,1,95,01095,0.09637163894080042
01097,72055.0,334.0,2016.0,100759.0,175164.0,0.4113573565344477,0.5752266447443538,"Mobile County, Alabama",413878,55352,43806,1,97,01097,0.10584278458869521
01099,3740.0,10.0,58.0,6007.0,9815.0,0.38104941416199695,0.6120224146714213,"Monroe County, Alabama",19816,39965,1072,1,99,01099,0.05409769882922891
01101,57946.0,178.0,1197.0,30477.0,89798.0,0.6452927682131006,0.3393950867502617,"Montgomery County, Alabama",228132,56707,29456,1,101,01101,0.1291182297967843
01103,12392.0,152.0,550.0,40449.0,53543.0,0.23144015090674785,0.7554488915451133,"Morgan County, Alabama",123102,61588,13494,1,103,01103,0.10961641565531023
01105,3174.0,2.0,20.0,1269.0,4465.0,0.7108622620380739,0.28421052631578947,"Perry County, Alabama",8479,32332,537,1,105,01105,0.06333294020521288
01107,3388.0,11.0,48.0,5465.0,8912.0,0.38016157989228005,0.613218132854578,"Pickens County, Alabama",18925,45339,1229,1,107,01107,0.06494055482166447
01109,4899.0,20.0,73.0,8224.0,13216.0,0.3706870460048426,0.6222760290556901,"Pike County, Alabama",32997,42616,3024,1,109,01109,0.09164469497227021
01111,1920.0,8.0,61.0,9102.0,11091.0,0.17311333513659724,0.8206654043819313,"Randolph County, Alabama",22179,49879,1892,1,111,01111,0.08530592001442806
01113,10422.0,45.0,173.0,10078.0,20718.0,0.5030408340573415,0.48643691476011197,"Russell County, Alabama",58849,47420,4088,1,113,01113,0.06946592125609612
01115,7640.0,71.0,314.0,35501.0,43526.0,0.1755272710563801,0.8156274410697054,"St. Clair County, Alabama",91719,73218,8608,1,115,01115,0.09385187365758457
01117,33087.0,326.0,1619.0,79666.0,114698.0,0.28847059233814015,0.6945718321156428,"Shelby County, Alabama",223916,90618,45813,1,117,01117,0.204599046070848
01119,3725.0,3.0,37.0,1542.0,5307.0,0.7019031467872621,0.29055963821368,"Sumter County, Alabama",12196,31726,901,1,119,01119,0.07387668087897671
01121,10898.0,41.0,211.0,22100.0,33250.0,0.3277593984962406,0.6646616541353384,"Talladega County, Alabama",81105,52457,5623,1,121,01121,0.06932988101843289
01123,4975.0,31.0,133.0,14884.0,20023.0,0.24846426609399191,0.743345153073965,"Tallapoosa County, Alabama",41251,53282,3380,1,123,01123,0.08193740757799811
01125,33399.0,167.0,966.0,50724.0,85256.0,0.3917495542835695,0.5949610584592286,"Tuscaloosa County, Alabama",231558,61645,25838,1,125,01125,0.11158327503260522
01127,4102.0,42.0,178.0,25464.0,29786.0,0.13771570536493655,0.8548982743570805,"Walker County, Alabama",64978,52987,4268,1,127,01127,0.06568376989134785
01129,1863.0,6.0,38.0,6534.0,8441.0,0.22070844686648503,0.7740789006041938,"Washington County, Alabama",15434,51184,707,1,129,01129,0.045807956459764154
01131,3449.0,3.0,18.0,1793.0,5263.0,0.6553296598897967,0.3406802204066122,"Wilcox County, Alabama",10441,38208,554,1,131,01131,0.05306005171918399
01133,884.0,10.0,64.0,10191.0,11149.0,0.07928962238765809,0.9140730110323796,"Winston County, Alabama",23655,49494,1384,1,133,01133,0.058507715070809554
02013,3682.0,69.0,237.0,3589.0,7577.0,0.48594430513395803,0.4736703180678369,"Aleutians East Borough, Alaska",3407,79961,339,2,13,02013,0.099501027296742
02016,5344.0,103.0,293.0,3929.0,9669.0,0.5526941772675561,0.4063501913331265,"Aleutians West Census Area, Alaska",5219,100662,508,2,16,02016,0.09733665453151945
02020,3924.0,66.0,236.0,3041.0,7267.0,0.5399752304940141,0.418467042796202,"Anchorage Municipality, Alaska",290674,95731,44340,2,20,02020,0.15254202302235495
04001,37744.0,384.0,1652.0,25590.0,65370.0,0.5773902401713324,0.3914639743001377,"Apache County, Arizona",66054,37483,3475,4,1,04001,0.052608471856359945
04003,44592.0,760.0,1778.0,71872.0,119002.0,0.37471639132115425,0.6039562360296465,"Cochise County, Arizona",125504,58421,14684,4,3,04003,0.11700025497195309
04005,42646.0,518.0,1435.0,27978.0,72577.0,0.5875966215192141,0.38549402703335767,"Coconino County, Arizona",144705,67266,20215,4,5,04005,0.13969800628865622
04007,17008.0,276.0,872.0,37802.0,55958.0,0.30394224239608275,0.6755423710640123,"Gila County, Arizona",53419,55242,4700,4,7,04007,0.08798367622007151
04009,7557.0,163.0,374.0,21697.0,29791.0,0.2536672149306838,0.7283072068745594,"Graham County, Arizona",38453,64089,2192,4,9,04009,0.057004655033417416
04011,1908.0,54.0,104.0,4616.0,6682.0,0.28554325052379526,0.6908111343909009,"Greenlee County, Arizona",9483,73756,774,4,11,04011,0.08161974058842139
04012,4202.0,56.0,202.0,10940.0,15400.0,0.27285714285714285,0.7103896103896103,"La Paz County, Arizona",16681,46634,1103,4,12,04012,0.06612313410466998
04013,980016.0,10737.0,19290.0,1051531.0,2061574.0,0.47537270066463777,0.5100622145991364,"Maricopa County, Arizona",4430871,80675,655112,4,13,04013,0.14785174291916872
04015,48162.0,802.0,2380.0,171366.0,222710.0,0.2162543217637286,0.7694580396030712,"Mohave County, Arizona",214229,53592,14796,4,15,04015,0.06906627954198545
04017,41508.0,508.0,1519.0,58960.0,102495.0,0.4049758524806088,0.575247573052344,"Navajo County, Arizona",107110,50335,7133,4,17,04017,0.06659508916067594
04019,584900.0,5696.0,20700.0,429338.0,1040634.0,0.5620612049961851,0.4125734888539102,"Pima County, Arizona",1042393,64323,140892,4,19,04019,0.13516207418890955
04021,161312.0,2168.0,5858.0,253852.0,423190.0,0.38118102979749047,0.5998534937025922,"Pinal County, Arizona",433338,73313,43734,4,21,04021,0.10092352851584675
04023,22530.0,162.0,766.0,15398.0,38856.0,0.579833230389129,0.396283714226889,"Santa Cruz County, Arizona",47838,51885,4308,4,23,04023,0.09005393202056942
04025,97434.0,1568.0,4030.0,198692.0,301724.0,0.32292426190823403,0.6585223581816495,"Yavapai County, Arizona",237830,62430,31291,4,25,04025,0.13156876760711433
04027,53646.0,656.0,2028.0,81490.0,137820.0,0.3892468437091859,0.5912784791757365,"Yuma County, Arizona",204374,56439,14038,4,27,04027,0.06868779786078465
05001,3006.0,42.0,144.0,7902.0,11094.0,0.2709572742022715,0.7122769064359114,"Arkansas County, Arkansas",17024,58695,1237,5,1,05001,0.07266212406015038
05003,3548.0,22.0,200.0,10290.0,14060.0,0.2523470839260313,0.7318634423897582,"Ashley County, Arkansas",19018,44804,1090,5,3,05003,0.057314123461983384
05005,8682.0,164.0,556.0,32506.0,41908.0,0.20716808246635487,0.7756514269351914,"Baxter County, Arkansas",41801,47403,4004,5,5,05005,0.09578718212482955
05007,90462.0,1632.0,5282.0,159814.0,257190.0,0.3517321824332206,0.6213849683113651,"Benton County, Arkansas",286528,85269,43246,5,7,05007,0.150931148090239
05009,5708.0,82.0,498.0,27936.0,34224.0,0.16678354371201495,0.8162692847124825,"Boone County, Arkansas",37662,52275,2892,5,9,05009,0.0767882746534969
05011,1922.0,4.0,66.0,4426.0,6418.0,0.2994702399501402,0.6896229354939234,"Bradley County, Arkansas",10461,43688,620,5,11,05011,0.05926775642863971
05013,758.0,24.0,54.0,3348.0,4184.0,0.18116634799235182,0.8001912045889101,"Calhoun County, Arkansas",4773,60237,266,5,13,05013,0.05573014875340457
05015,7624.0,102.0,410.0,14940.0,23076.0,0.3303865487952851,0.6474258970358814,"Carroll County, Arkansas",28362,56826,2932,5,15,05015,0.1033777589732741
05017,3592.0,12.0,60.0,3316.0,6980.0,0.5146131805157593,0.47507163323782237,"Chicot County, Arkansas",10234,36593,889,5,17,05017,0.08686730506155951
05019,5918.0,72.0,272.0,9052.0,15314.0,0.38644377693613685,0.5910931174089069,"Clark County, Arkansas",21469,48071,2161,5,19,05019,0.1006567609110811
05021,1814.0,46.0,138.0,7936.0,9934.0,0.18260519428226293,0.7988725588886652,"Clay County, Arkansas",14537,44685,898,5,21,05021,0.06177340579211667
05023,3882.0,98.0,308.0,21190.0,25478.0,0.1523667477824005,0.831697935473742,"Cleburne County, Arkansas",24948,52780,2123,5,23,05023,0.08509700176366843
05025,1048.0,14.0,78.0,5608.0,6748.0,0.15530527563722585,0.8310610551274452,"Cleveland County, Arkansas",7548,48913,546,5,25,05025,0.07233704292527822
05027,4932.0,46.0,168.0,10734.0,15880.0,0.3105793450881612,0.6759445843828715,"Columbia County, Arkansas",22707,47441,1884,5,27,05027,0.08297000924824943
05029,4898.0,78.0,320.0,11786.0,17082.0,0.2867345744058073,0.6899660461304297,"Conway County, Arkansas",20782,50282,2044,5,29,05029,0.09835434510634203
05031,22420.0,394.0,1366.0,50304.0,74484.0,0.3010042425218839,0.6753665216690833,"Craighead County, Arkansas",111038,55169,12275,5,31,05031,0.11054774041319188
05033,9506.0,232.0,700.0,37230.0,47668.0,0.199420995216917,0.7810271041369472,"Crawford County, Arkansas",60593,56702,5977,5,33,05033,0.09864175729869787
05035,14724.0,112.0,470.0,14056.0,29362.0,0.5014644778966011,0.4787139840610313,"Crittenden County, Arkansas",47945,51860,3808,5,35,05035,0.07942434039003024
05037,3284.0,50.0,228.0,9506.0,13068.0,0.251300887664524,0.7274257728803183,"Cross County, Arkansas",16827,48129,1235,5,37,05037,0.0733939501990848
05039,1596.0,18.0,70.0,2964.0,4648.0,0.3433734939759036,0.6376936316695353,"Dallas County, Arkansas",6472,40085,408,5,39,05039,0.0630407911001236
05041,3276.0,16.0,108.0,3610.0,7010.0,0.4673323823109843,0.514978601997147,"Desha County, Arkansas",11285,38067,636,5,41,05041,0.0563579973416039
05043,4100.0,48.0,176.0,8406.0,12730.0,0.3220738413197172,0.6603299293008641,"Drew County, Arkansas",17309,44968,1856,5,43,05043,0.10722745392570339
05045,35504.0,584.0,2128.0,70714.0,108930.0,0.3259340861103461,0.6491691912237216,"Faulkner County, Arkansas",124611,61273,15574,5,45,05045,0.12498094068741925
05047,2464.0,84.0,230.0,11164.0,13942.0,0.1767321761583704,0.8007459474967723,"Franklin County, Arkansas",17160,47695,1051,5,47,05047,0.061247086247086246
05049,1812.0,38.0,156.0,8080.0,10086.0,0.17965496728138014,0.8011104501288915,"Fulton County, Arkansas",12183,38917,830,5,49,05049,0.06812771895263893
05051,26030.0,438.0,1468.0,56718.0,84654.0,0.3074869468660666,0.6699978736976399,"Garland County, Arkansas",100021,54229,11550,5,51,05051,0.11547575009248058
05053,2384.0,68.0,194.0,13510.0,16156.0,0.14756127754394652,0.8362218370883883,"Grant County, Arkansas",18022,68598,1730,5,53,05053,0.09599378537343248
05055,5870.0,88.0,448.0,25234.0,31640.0,0.18552465233881163,0.7975347661188369,"Greene County, Arkansas",45954,54879,3283,5,55,05055,0.07144100622361492
05057,3552.0,52.0,188.0,8386.0,12178.0,0.2916735096074889,0.6886188208244375,"Hempstead County, Arkansas",20037,45049,1279,5,57,05057,0.06383191096471527
05059,5636.0,98.0,380.0,18452.0,24566.0,0.22942277945127412,0.7511194333631849,"Hot Spring County, Arkansas",33129,50260,2420,5,59,05059,0.0730477829092336
05061,2316.0,22.0,116.0,6492.0,8946.0,0.25888665325285043,0.7256874580818243,"Howard County, Arkansas",12779,44824,844,5,61,05061,0.0660458564832929
05063,5378.0,126.0,472.0,22046.0,28022.0,0.19192063378773822,0.7867389907929484,"Independence County, Arkansas",37910,52361,2948,5,63,05063,0.07776312318649432
05065,1898.0,42.0,202.0,9708.0,11850.0,0.16016877637130802,0.8192405063291139,"Izard County, Arkansas",13748,46159,1391,5,65,05065,0.10117835321501309
05067,2366.0,44.0,122.0,7018.0,9550.0,0.24774869109947645,0.734869109947644,"Jackson County, Arkansas",16784,41929,927,5,67,05067,0.05523117254528122
05069,25604.0,114.0,562.0,16936.0,43216.0,0.5924657534246576,0.3918918918918919,"Jefferson County, Arkansas",66934,46855,6384,5,69,05069,0.09537753608031793
05071,4214.0,62.0,310.0,13532.0,18118.0,0.2325863781874379,0.7468815542554366,"Johnson County, Arkansas",25925,42470,1771,5,71,05071,0.06831243972999036
05073,1396.0,6.0,70.0,3178.0,4650.0,0.3002150537634409,0.6834408602150538,"Lafayette County, Arkansas",6277,40262,324,5,73,05073,0.051617014497371355
05075,1930.0,46.0,192.0,9216.0,11384.0,0.16953619114546734,0.8095572733661279,"Lawrence County, Arkansas",16258,43606,957,5,75,05075,0.05886332882273342
05077,2540.0,10.0,128.0,2362.0,5040.0,0.503968253968254,0.46865079365079365,"Lee County, Arkansas",8666,33801,394,5,77,05077,0.04546503577198246
05079,1626.0,26.0,88.0,5004.0,6744.0,0.2411032028469751,0.7419928825622776,"Lincoln County, Arkansas",13016,50526,547,5,79,05079,0.04202519975414874
05081,2168.0,32.0,110.0,7488.0,9798.0,0.2212696468667075,0.7642375995101041,"Little River County, Arkansas",12024,58627,974,5,81,05081,0.08100465735196274
05083,2928.0,74.0,274.0,13134.0,16410.0,0.17842778793418648,0.8003656307129798,"Logan County, Arkansas",21247,51131,1379,5,83,05083,0.0649032804631242
05085,13580.0,288.0,922.0,46450.0,61240.0,0.2217504898758981,0.758491182233834,"Lonoke County, Arkansas",74292,68078,6608,5,85,05085,0.08894631992677543
05087,2982.0,64.0,186.0,11770.0,15002.0,0.1987734968670844,0.7845620583922144,"Madison County, Arkansas",16737,51514,973,5,87,05087,0.05813467168548724
05089,3002.0,46.0,194.0,12460.0,15702.0,0.19118583619921029,0.7935294866895937,"Marion County, Arkansas",16905,42891,1161,5,89,05089,0.06867790594498668
05091,7538.0,90.0,294.0,23684.0,31606.0,0.23849901917357463,0.7493513889767766,"Miller County, Arkansas",42682,47613,2614,5,91,05091,0.0612436155756525
05093,7148.0,78.0,282.0,13926.0,21434.0,0.3334888494914622,0.6497154054306242,"Mississippi County, Arkansas",40361,50012,2413,5,93,05093,0.05978543643616362
05095,2004.0,18.0,74.0,2770.0,4866.0,0.4118372379778052,0.5692560624743116,"Monroe County, Arkansas",6787,41786,468,5,95,05095,0.06895535582731693
05097,1290.0,18.0,132.0,5974.0,7414.0,0.17399514432155383,0.8057728621526841,"Montgomery County, Arkansas",8555,47103,760,5,97,05097,0.08883693746347165
05099,1698.0,10.0,102.0,4004.0,5814.0,0.29205366357069146,0.6886824905400757,"Nevada County, Arkansas",8292,43421,476,5,99,05099,0.05740472744814279
05101,1288.0,20.0,106.0,6126.0,7540.0,0.17082228116710876,0.8124668435013263,"Newton County, Arkansas",7243,50699,494,5,101,05101,0.0682037829628607
05103,6824.0,60.0,256.0,10112.0,17252.0,0.39554834222119173,0.5861349408764202,"Ouachita County, Arkansas",22606,47348,1573,5,103,05103,0.06958329646996372
05105,1846.0,34.0,170.0,7118.0,9168.0,0.2013525305410122,0.7763961605584643,"Perry County, Arkansas",10055,53980,782,5,105,05105,0.07777225261064147
05107,5508.0,28.0,144.0,4196.0,9876.0,0.5577156743620899,0.4248683677602268,"Phillips County, Arkansas",16373,37458,1021,5,107,05107,0.06235876137543517
05109,1120.0,28.0,76.0,7492.0,8716.0,0.12849931161083067,0.8595686094538779,"Pike County, Arkansas",10205,49248,866,5,109,05109,0.08486036256736894
05111,2470.0,36.0,190.0,11462.0,14158.0,0.17445966944483685,0.8095776239581862,"Poinsett County, Arkansas",22997,43440,1297,5,111,05111,0.056398660694873246
05113,2290.0,68.0,244.0,13974.0,16576.0,0.1381515444015444,0.8430260617760618,"Polk County, Arkansas",19384,48449,1513,5,113,05113,0.07805406520841932
05115,10974.0,230.0,942.0,36236.0,48382.0,0.22681989169525857,0.7489562233888636,"Pope County, Arkansas",63475,51678,6437,5,115,05115,0.1014100039385585
05117,1048.0,26.0,70.0,5256.0,6400.0,0.16375,0.82125,"Prairie County, Arkansas",8217,47045,596,5,117,05117,0.0725325544602653
05119,184076.0,1662.0,6156.0,115954.0,307848.0,0.5979444401133027,0.37665991008549676,"Pulaski County, Arkansas",398322,58326,59004,5,119,05119,0.14813141127027882
05121,2276.0,58.0,204.0,10734.0,13272.0,0.17148884870403858,0.8087703435804702,"Randolph County, Arkansas",18619,45993,1248,5,121,05121,0.06702830442021591
05123,5906.0,46.0,188.0,5818.0,11958.0,0.49389530021742767,0.48653621006857334,"St. Francis County, Arkansas",23138,39822,1213,5,123,05123,0.05242458293715965
05125,33218.0,612.0,1916.0,79472.0,115218.0,0.2883056466871496,0.6897533371521811,"Saline County, Arkansas",123988,73236,16876,5,125,05125,0.13610994612381844
05127,850.0,28.0,64.0,5826.0,6768.0,0.12559101654846336,0.8608156028368794,"Scott County, Arkansas",9871,45340,638,5,127,05127,0.06463377570661534
05129,1022.0,26.0,80.0,6610.0,7738.0,0.1320754716981132,0.8542258981649005,"Searcy County, Arkansas",7880,42063,637,5,129,05129,0.08083756345177665
05131,27304.0,518.0,1644.0,61438.0,90904.0,0.3003608202059315,0.675855847927484,"Sebastian County, Arkansas",128184,54047,12935,5,131,05131,0.10090962990700868
05133,1724.0,38.0,122.0,7544.0,9428.0,0.1828595672464998,0.8001697072549852,"Sevier County, Arkansas",15913,53567,764,5,133,05133,0.04801106013950858
05135,2632.0,68.0,218.0,11956.0,14874.0,0.17695307247546055,0.8038187441172516,"Sharp County, Arkansas",17422,43332,946,5,135,05135,0.05429916197910688
05137,2178.0,46.0,220.0,9616.0,12060.0,0.18059701492537314,0.7973466003316749,"Stone County, Arkansas",12393,37664,847,5,137,05137,0.06834503348664568
05139,10038.0,94.0,372.0,20392.0,30896.0,0.3248964267219058,0.6600207146556188,"Union County, Arkansas",38815,49745,3250,5,139,05139,0.08373051655287904
05141,2874.0,66.0,256.0,12046.0,15242.0,0.18855793202991733,0.790316231465687,"Van Buren County, Arkansas",15900,45768,1229,5,141,05141,0.07729559748427672
05143,87558.0,1312.0,4960.0,100486.0,194316.0,0.45059593651577845,0.5171267420078635,"Washington County, Arkansas",247331,61985,30466,5,143,05143,0.12317905964072437
05145,11282.0,306.0,1058.0,49028.0,61674.0,0.1829295975613711,0.7949541135648733,"White County, Arkansas",77118,51144,6067,5,145,05145,0.07867164604891205
05147,1520.0,8.0,82.0,3026.0,4636.0,0.32786885245901637,0.6527178602243313,"Woodruff County, Arkansas",6259,49608,375,5,147,05147,0.05991372423709858
05149,2426.0,38.0,196.0,10294.0,12954.0,0.18727806083063148,0.7946580206885904,"Yell County, Arkansas",20342,55879,1306,5,149,05149,0.0642021433487366
06001,499551.0,2524.0,27043.0,140789.0,669907.0,0.7457020153543701,0.2101620075622437,"Alameda County, California",1663823,122488,343246,6,1,06001,0.20629958835765583
06003,479.0,2.0,14.0,243.0,738.0,0.6490514905149052,0.32926829268292684,"Alpine County, California",1515,101125,248,6,3,06003,0.16369636963696368
06005,7783.0,130.0,472.0,14018.0,22403.0,0.3474088291746641,0.6257197696737045,"Amador County, California",40577,74853,4598,6,5,06005,0.11331542499445499
06007,44228.0,505.0,2644.0,47179.0,94556.0,0.46774398240196285,0.49895300139599813,"Butte County, California",213605,66085,28092,6,7,06007,0.1315137754266052
06009,9181.0,121.0,553.0,16625.0,26480.0,0.34671450151057404,0.6278323262839879,"Calaveras County, California",45674,77526,5150,6,9,06009,0.11275561588649997
06011,2431.0,22.0,154.0,4414.0,7021.0,0.34624697336561744,0.6286853724540664,"Colusa County, California",21811,69619,1530,6,11,06011,0.0701480904130943
06013,356008.0,2356.0,15232.0,155308.0,528904.0,0.6731051381725228,0.29364119008364464,"Contra Costa County, California",1162648,120020,219701,6,13,06013,0.1889660499136454
06015,4266.0,38.0,261.0,5999.0,10564.0,0.40382430897387356,0.5678720181749337,"Del Norte County, California",27462,61149,2193,6,15,06015,0.07985580074284465
06017,47703.0,733.0,2345.0,61109.0,111890.0,0.42633836804003933,0.5461524711770489,"El Dorado County, California",191713,99246,35536,6,17,06017,0.1853604085273299
06019,151628.0,1117.0,7325.0,165924.0,325994.0,0.46512512500230063,0.5089786928593778,"Fresno County, California",1008280,67756,96794,6,19,06019,0.09599912722656405
06021,3260.0,47.0,231.0,6904.0,10442.0,0.31220072782991765,0.6611760199195557,"Glenn County, California",28657,64033,2120,6,21,06021,0.07397843458840772
06023,39800.0,329.0,2540.0,21559.0,64228.0,0.6196674347636545,0.33566357351933734,"Humboldt County, California",136132,57881,19011,6,23,06023,0.13965122087385773
06025,26083.0,90.0,1306.0,26546.0,54025.0,0.4827950023137436,0.49136510874595096,"Imperial County, California",179578,53847,13008,6,25,06025,0.0724364899932063
06027,4201.0,40.0,242.0,4468.0,8951.0,0.4693330354150374,0.4991621047927606,"Inyo County, California",18829,63417,2406,6,27,06027,0.1277816134685857
06029,108241.0,1039.0,6087.0,167879.0,283246.0,0.38214484935356546,0.5926968077219096,"Kern County, California",906883,63883,66940,6,29,06029,0.07381327028955223
06031,15519.0,130.0,778.0,25074.0,41501.0,0.37394279655911905,0.604178212573191,"Kings County, California",152515,68540,9541,6,31,06031,0.062557781201849
06033,12794.0,98.0,706.0,13161.0,26759.0,0.47811951119249596,0.49183452296423635,"Lake County, California",68024,56259,5943,6,33,06033,0.08736622368575797
06035,2478.0,53.0,221.0,8619.0,11371.0,0.21792278603464954,0.7579808284231818,"Lassen County, California",31873,59515,2138,6,35,06035,0.06707871866470053
06037,2417109.0,12870.0,108586.0,1189862.0,3728427.0,0.648291893605534,0.3191324384251053,"Los Angeles County, California",9936690,83411,1542422,6,37,06037,0.15522492902566146
06039,20981.0,181.0,1118.0,32344.0,54624.0,0.3840985647334505,0.5921206795547744,"Madera County, California",157243,73543,11497,6,39,06039,0.07311613235565335
06041,116152.0,637.0,3270.0,24054.0,144113.0,0.8059786417602853,0.16691068814055637,"Marin County, California",260485,142019,65256,6,41,06041,0.25051730425936236
06043,3622.0,42.0,220.0,5625.0,9509.0,0.3809023030812914,0.5915448522452413,"Mariposa County, California",17130,60021,2607,6,43,06043,0.1521891418563923
06045,24049.0,202.0,1437.0,13528.0,39216.0,0.6132445940432476,0.3449612403100775,"Mendocino County, California",91145,61335,9382,6,45,06045,0.10293488397608207
06047,40190.0,267.0,1980.0,43955.0,86392.0,0.465205111584406,0.5087855356977498,"Merced County, California",282290,64772,17165,6,47,06047,0.06080626306280775
06049,1008.0,17.0,107.0,2884.0,4016.0,0.250996015936255,0.7181274900398407,"Modoc County, California",8651,54962,1062,6,49,06049,0.12276037452317651
06051,3522.0,52.0,196.0,2294.0,6064.0,0.5808047493403694,0.3782981530343008,"Mono County, California",13219,82038,1897,6,51,06051,0.1435055601785309
06053,93060.0,676.0,3756.0,49226.0,146718.0,0.6342780026990553,0.33551438814596707,"Monterey County, California",437609,91043,45473,6,53,06053,0.10391239668288357
06055,43212.0,297.0,1683.0,20357.0,65549.0,0.659232024897405,0.3105615646310394,"Napa County, California",137384,105809,24039,6,55,06055,0.17497670762243056
06057,33784.0,341.0,1830.0,26177.0,62132.0,0.543745573939355,0.4213126891135003,"Nevada County, California",102322,79395,19803,6,57,06057,0.19353609194503626
06059,691731.0,6748.0,37671.0,654815.0,1390965.0,0.497302951548026,0.47076310331316745,"Orange County, California",3175227,109361,591937,6,59,06059,0.18642352184583968
06061,103958.0,1546.0,5364.0,123941.0,234809.0,0.44273430745840237,0.5278375190048081,"Placer County, California",406608,109375,79373,6,61,06061,0.1952076693031126
06063,4020.0,54.0,268.0,5725.0,10067.0,0.3993245256779577,0.5686897784841561,"Plumas County, California",19650,67885,2227,6,63,06063,0.11333333333333333
06065,451782.0,3121.0,21825.0,463677.0,940405.0,0.4804121628447318,0.49306096841254565,"Riverside County, California",2429487,84505,244893,6,65,06065,0.10080029240740947
06067,381564.0,3237.0,19685.0,252140.0,656626.0,0.5810979157084855,0.3839933234443961,"Sacramento County, California",1579211,84010,227553,6,67,06067,0.14409284129859784
06069,15179.0,91.0,677.0,11702.0,27649.0,0.5489891135303266,0.42323411334948824,"San Benito County, California",64753,104451,6667,6,69,06069,0.10296048059549365
06071,362114.0,2405.0,18779.0,378416.0,761714.0,0.47539365168554076,0.49679538514455557,"San Bernardino County, California",2180563,77423,201183,6,71,06071,0.0922619525324423
06073,841372.0,7487.0,35657.0,593270.0,1477786.0,0.5693463058927342,0.40145866857582896,"San Diego County, California",3289701,96974,564011,6,73,06073,0.17144749629221623
06075,323719.0,1871.0,14780.0,62594.0,402964.0,0.8033447156569817,0.15533397524344605,"San Francisco County, California",851036,136689,238669,6,75,06075,0.2804452455595298
06077,126647.0,755.0,7273.0,128996.0,263671.0,0.4803220680317517,0.4892308975958676,"San Joaquin County, California",779445,82837,68376,6,77,06077,0.08772395743124915
06079,81314.0,880.0,3640.0,64932.0,150766.0,0.5393391082870144,0.4306806574426595,"San Luis Obispo County, California",281712,90158,45318,6,79,06079,0.16086641676605895
06081,242957.0,1687.0,9250.0,76616.0,330510.0,0.7350972739100179,0.23181144292154549,"San Mateo County, California",754250,149907,161021,6,81,06081,0.21348491879350348
06083,114149.0,899.0,4797.0,64870.0,184715.0,0.6179736350594158,0.35118967057358635,"Santa Barbara County, California",445213,92332,59212,6,83,06083,0.13299701491196347
06085,510744.0,4090.0,24675.0,210924.0,750433.0,0.680599067471713,0.2810697290764132,"Santa Clara County, California",1916831,153792,377331,6,85,06085,0.19685146995222844
06087,100998.0,608.0,4551.0,27978.0,134135.0,0.7529578409811011,0.20858090729488948,"Santa Cruz County, California",268571,104409,44286,6,87,06087,0.1648949439812936
06089,27130.0,407.0,1824.0,59539.0,88900.0,0.3051743532058493,0.6697300337457818,"Shasta County, California",181852,68347,19783,6,89,06089,0.10878626575456965
06091,641.0,13.0,34.0,1066.0,1754.0,0.3654503990877993,0.6077537058152793,"Sierra County, California",2916,61108,265,6,91,06091,0.09087791495198902
06093,8329.0,99.0,600.0,12461.0,21489.0,0.38759365256642936,0.5798780771557541,"Siskiyou County, California",44049,53898,4772,6,93,06093,0.10833390088310745
06095,113997.0,801.0,4691.0,70345.0,189834.0,0.600508865640507,0.37056059504619826,"Solano County, California",450995,97037,60316,6,95,06095,0.1337398419051209
06097,179600.0,1128.0,7272.0,63426.0,251426.0,0.7143254874197577,0.25226507998377257,"Sonoma County, California",488436,99266,82815,6,97,06097,0.1695513844188389
06099,85347.0,622.0,4517.0,106986.0,197472.0,0.43219798249878466,0.5417780748663101,"Stanislaus County, California",552063,74872,44136,6,99,06099,0.07994739730791595
06101,13016.0,141.0,807.0,25372.0,39336.0,0.33089282082570676,0.6450071181614806,"Sutter County, California",99101,72654,9068,6,101,06101,0.09150260844996519
06103,7415.0,94.0,520.0,18503.0,26532.0,0.2794738429066787,0.6973842906678728,"Tehama County, California",65484,59029,5951,6,103,06103,0.09087716083318062
06105,2449.0,25.0,192.0,2979.0,5645.0,0.43383525243578386,0.5277236492471213,"Trinity County, California",15889,47317,1463,6,105,06105,0.09207627918685883
06107,53221.0,452.0,2744.0,81854.0,138271.0,0.38490355895307043,0.5919824113516211,"Tulare County, California",473446,64474,28337,6,107,06107,0.05985265479062026
06109,10909.0,128.0,563.0,17210.0,28810.0,0.37865324540090245,0.5973620270739327,"Tuolumne County, California",54993,70432,6941,6,109,06109,0.12621606386267342
06111,217424.0,1745.0,9525.0,158901.0,387595.0,0.5609566686876766,0.4099665888362853,"Ventura County, California",842009,102141,125787,6,111,06111,0.14938913954601435
06113,61405.0,440.0,2900.0,27844.0,92589.0,0.6631997321496074,0.30072686820248623,"Yolo County, California",217141,85097,28888,6,113,06113,0.1330379799300915
06115,10725.0,132.0,722.0,18491.0,30070.0,0.3566677751912205,0.6149318257399401,"Yuba County, California",81705,66693,5915,6,115,06115,0.07239459029435164
08001,124056.0,1403.0,4853.0,103024.0,233336.0,0.5316624952857681,0.4415263825556279,"Adams County, Colorado",520149,86297,62602,8,1,08001,0.12035397549548303
08003,3244.0,40.0,178.0,4057.0,7519.0,0.43144035111052004,0.5395664317063439,"Alamosa County, Colorado",16460,52271,1551,8,3,08003,0.09422843256379101
08005,190725.0,2192.0,7223.0,125311.0,325451.0,0.5860329204703627,0.3850379934306547,"Arapahoe County, Colorado",654453,92292,125322,8,5,08005,0.1914912148007573
08007,3904.0,49.0,184.0,5218.0,9355.0,0.41731694281133086,0.5577765900587921,"Archuleta County, Colorado",13509,66813,2539,8,7,08007,0.18794877489081352
08009,275.0,8.0,35.0,1686.0,2004.0,0.1372255489021956,0.8413173652694611,"Baca County, Colorado",3496,42115,444,8,9,08009,0.12700228832951946
08011,645.0,3.0,45.0,1496.0,2189.0,0.29465509365006853,0.6834170854271356,"Bent County, Colorado",5561,45776,410,8,11,08011,0.07372774680812803
08013,150149.0,1263.0,3980.0,40758.0,196150.0,0.7654804996176395,0.20778995666581698,"Boulder County, Colorado",328658,99770,75431,8,13,08013,0.22951213723688454
08014,29426.0,371.0,949.0,16071.0,46817.0,0.6285323707200376,0.34327274280709996,"Broomfield County, Colorado",73946,117541,18430,8,14,08014,0.24923592892110458
08015,7992.0,106.0,284.0,6034.0,14416.0,0.5543840177580466,0.41856270810210877,"Chaffee County, Colorado",19564,65703,3738,8,15,08015,0.19106522183602534
08017,108.0,0.0,17.0,930.0,1055.0,0.1023696682464455,0.8815165876777251,"Cheyenne County, Colorado",1726,65577,196,8,17,08017,0.11355735805330243
08019,3464.0,63.0,122.0,2452.0,6101.0,0.5677757744632027,0.40190132765120473,"Clear Creek County, Colorado",9403,87169,2202,8,19,08019,0.234180580665745
08021,1627.0,15.0,104.0,2358.0,4104.0,0.39644249512670565,0.5745614035087719,"Conejos County, Colorado",7553,44093,818,8,21,08021,0.10830133721699987
08023,1155.0,7.0,68.0,850.0,2080.0,0.5552884615384616,0.40865384615384615,"Costilla County, Colorado",3534,34578,441,8,23,08023,0.12478777589134125
08025,422.0,7.0,46.0,1231.0,1706.0,0.2473622508792497,0.7215709261430246,"Crowley County, Colorado",5782,40685,387,8,25,08025,0.06693185748875821
08027,1188.0,35.0,61.0,2583.0,3867.0,0.30721489526764933,0.6679596586501164,"Custer County, Colorado",4885,66250,853,8,27,08027,0.17461617195496418
08029,6030.0,90.0,408.0,12948.0,19476.0,0.3096118299445471,0.6648182378311769,"Delta County, Colorado",31173,56349,3710,8,29,08029,0.11901324864466044
08031,278634.0,2089.0,7588.0,74765.0,363076.0,0.7674261036256872,0.20592107437561283,"Denver County, Colorado",710800,85853,172213,8,31,08031,0.24228052898142938
08033,325.0,1.0,17.0,1076.0,1419.0,0.22903453136011276,0.7582804792107117,"Dolores County, Colorado",2329,64708,300,8,33,08033,0.12881064834693
08035,110408.0,1977.0,3922.0,127451.0,243758.0,0.45294103167896027,0.5228587369440183,"Douglas County, Colorado",360206,139010,94158,8,35,08035,0.26140042087027976
08037,16943.0,170.0,537.0,10148.0,27798.0,0.6095042808835168,0.3650622346931434,"Eagle County, Colorado",55650,98887,14027,8,37,08037,0.2520575022461815
08039,4768.0,116.0,324.0,15209.0,20417.0,0.23353088112847137,0.7449184503110153,"Elbert County, Colorado",26457,124360,4850,8,39,08039,0.18331632460218467
08041,166597.0,3001.0,7282.0,203933.0,380813.0,0.4374771869657811,0.5355200584013676,"El Paso County, Colorado",730323,82748,117443,8,41,08041,0.1608096691463914
08043,7526.0,141.0,487.0,17313.0,25467.0,0.2955196921506263,0.679820944752032,"Fremont County, Colorado",49107,56165,5340,8,43,08043,0.10874213452257316
08045,15128.0,155.0,596.0,14493.0,30372.0,0.4980903463716581,0.47718293164757014,"Garfield County, Colorado",61683,82772,8965,8,45,08045,0.14533988294992137
08047,2254.0,28.0,118.0,1729.0,4129.0,0.5458948898038266,0.41874545894889803,"Gilpin County, Colorado",5856,95902,973,8,47,08047,0.16615437158469945
08049,4743.0,75.0,243.0,4822.0,9883.0,0.4799150055651118,0.48790852979864413,"Grand County, Colorado",15724,79367,2648,8,49,08049,0.1684049860086492
08051,6887.0,83.0,280.0,3689.0,10939.0,0.629582228722918,0.3372337507998903,"Gunnison County, Colorado",17018,76538,4652,8,51,08051,0.27335762134210834
08053,257.0,6.0,11.0,332.0,606.0,0.4240924092409241,0.5478547854785478,"Hinsdale County, Colorado",911,58712,197,8,53,08053,0.21624588364434688
08055,1965.0,11.0,116.0,2346.0,4438.0,0.4427670121676431,0.5286164939161785,"Huerfano County, Colorado",6896,49631,847,8,55,08055,0.12282482598607888
08057,173.0,6.0,21.0,634.0,834.0,0.20743405275779375,0.7601918465227818,"Jackson County, Colorado",1440,38686,174,8,57,08057,0.12083333333333333
08059,210875.0,2785.0,7339.0,140505.0,361504.0,0.5833268788173851,0.38866789855713907,"Jefferson County, Colorado",580519,103167,132350,8,59,08059,0.22798564732592733
08061,102.0,4.0,13.0,744.0,863.0,0.11819235225955968,0.8621089223638471,"Kiowa County, Colorado",1347,45250,117,8,61,08061,0.08685968819599109
08063,556.0,13.0,46.0,3083.0,3698.0,0.1503515413737155,0.8336938885884262,"Kit Carson County, Colorado",7039,58992,578,8,63,08063,0.0821139366387271
08065,2199.0,35.0,120.0,1557.0,3911.0,0.5622602914855536,0.39810790079263614,"Lake County, Colorado",7403,78942,1245,8,65,08065,0.1681750641631771
08067,20677.0,200.0,780.0,14024.0,35681.0,0.579496090356212,0.3930383117065105,"La Plata County, Colorado",55983,81936,12325,8,67,08067,0.22015611882178518
08069,129376.0,1760.0,4666.0,89680.0,225482.0,0.5737752902670723,0.3977257608146105,"Larimer County, Colorado",359363,87199,73222,8,69,08069,0.20375497755751149
08071,3276.0,30.0,158.0,4328.0,7792.0,0.4204312114989733,0.555441478439425,"Las Animas County, Colorado",14422,48965,1069,8,71,08071,0.07412286784079877
08073,432.0,7.0,42.0,2090.0,2571.0,0.16802800466744458,0.8129132633216647,"Lincoln County, Colorado",5583,59167,766,8,73,08073,0.13720222102812107
08075,2098.0,39.0,170.0,7855.0,10162.0,0.20645542216099194,0.7729777602834088,"Logan County, Colorado",21302,54864,1791,8,75,08075,0.08407661252464557
08077,33573.0,501.0,1687.0,55839.0,91600.0,0.3665174672489083,0.6095960698689956,"Mesa County, Colorado",156131,68077,22061,8,77,08077,0.14129801256637053
08079,317.0,4.0,15.0,417.0,753.0,0.4209827357237716,0.5537848605577689,"Mineral County, Colorado",794,58929,278,8,79,08079,0.3501259445843829
08081,1167.0,21.0,125.0,5358.0,6671.0,0.17493629141058312,0.8031779343426773,"Moffat County, Colorado",13232,63983,1333,8,81,08081,0.10074062877871826
08083,5793.0,86.0,285.0,8972.0,15136.0,0.3827299154334038,0.5927589852008457,"Montezuma County, Colorado",26070,61377,3328,8,83,08083,0.12765630993479093
08085,8354.0,142.0,417.0,16704.0,25617.0,0.32611156653784595,0.6520669867666004,"Montrose County, Colorado",42823,62817,5769,8,85,08085,0.13471732480209234
08087,3291.0,63.0,274.0,9830.0,13458.0,0.24453856442264824,0.7304205676920791,"Morgan County, Colorado",29045,70471,2194,8,87,08087,0.07553795834050611
08089,3164.0,29.0,212.0,5520.0,8925.0,0.3545098039215686,0.6184873949579832,"Otero County, Colorado",18580,47500,1399,8,89,08089,0.07529601722282024
08091,2442.0,21.0,62.0,1573.0,4098.0,0.595900439238653,0.3838457784285017,"Ouray County, Colorado",4936,78750,1275,8,91,08091,0.2583063209076175
08093,4841.0,109.0,266.0,6828.0,12044.0,0.4019428761208901,0.5669212886084357,"Park County, Colorado",17597,85019,3305,8,93,08093,0.18781610501790078
08095,412.0,10.0,44.0,1888.0,2354.0,0.1750212404418012,0.8020390824129142,"Phillips County, Colorado",4493,58474,572,8,95,08095,0.1273091475628756
08097,7932.0,51.0,192.0,2992.0,11167.0,0.7103071550102982,0.26793230052834244,"Pitkin County, Colorado",17325,96123,5045,8,97,08097,0.2911976911976912
08099,1227.0,7.0,77.0,3833.0,5144.0,0.2385303265940902,0.7451399688958009,"Prowers County, Colorado",11968,49422,777,8,99,08099,0.06492312834224599
08101,39328.0,355.0,1736.0,43688.0,85107.0,0.46210064977028914,0.513330278355482,"Pueblo County, Colorado",168135,59436,18044,8,101,08101,0.10731852380527553
08103,637.0,18.0,47.0,2988.0,3690.0,0.17262872628726286,0.8097560975609757,"Rio Blanco County, Colorado",6511,69882,711,8,103,08103,0.10919981569651359
08105,2306.0,22.0,123.0,3743.0,6194.0,0.37229577010009685,0.6042944785276073,"Rio Grande County, Colorado",11442,57591,1693,8,105,08105,0.14796364271980422
08107,10208.0,135.0,316.0,5676.0,16335.0,0.6249158249158249,0.3474747474747475,"Routt County, Colorado",24944,95144,5931,8,107,08107,0.23777261064785118
08109,1704.0,13.0,106.0,1577.0,3400.0,0.5011764705882353,0.4638235294117647,"Saguache County, Colorado",6454,51946,627,8,109,08109,0.09714905484970561
08111,376.0,5.0,19.0,188.0,588.0,0.6394557823129252,0.3197278911564626,"San Juan County, Colorado",690,67344,134,8,111,08111,0.19420289855072465
08113,3529.0,23.0,98.0,1154.0,4804.0,0.7345961698584513,0.2402164862614488,"San Miguel County, Colorado",8082,72829,2874,8,113,08113,0.3556050482553823
08115,283.0,6.0,21.0,1048.0,1358.0,0.20839469808541974,0.7717231222385862,"Sedgwick County, Colorado",2391,45855,309,8,115,08115,0.12923462986198245
08117,11762.0,165.0,371.0,5244.0,17542.0,0.670505073537795,0.29893968760688633,"Summit County, Colorado",30955,100611,7876,8,117,08117,0.2544338555968341
08119,5065.0,110.0,295.0,10856.0,16326.0,0.3102413328433174,0.6649516109273551,"Teller County, Colorado",24758,69655,4448,8,119,08119,0.17965910008886016
08121,329.0,8.0,33.0,2436.0,2806.0,0.1172487526728439,0.8681397006414825,"Washington County, Colorado",4817,59087,561,8,121,08121,0.11646252854473739
08123,68752.0,1130.0,3503.0,106469.0,179854.0,0.38226561544363763,0.5919746016213151,"Weld County, Colorado",331466,89182,42730,8,123,08123,0.12891216595367247
08125,758.0,21.0,77.0,3807.0,4663.0,0.16255629423118165,0.8164271927943384,"Yuma County, Colorado",9938,60118,1020,8,125,08125,0.10263634534111492
10001,44222.0,323.0,1138.0,42458.0,88141.0,0.5017188368636616,0.4817054492234034,"Kent County, Delaware",182400,69278,19471,10,1,10001,0.10674890350877193
10003,180700.0,1270.0,3079.0,90868.0,275917.0,0.6549070916253801,0.3293309219801607,"New Castle County, Delaware",570567,85309,86580,10,3,10003,0.1517437917019386
10005,64836.0,445.0,1333.0,81025.0,147639.0,0.4391522565175868,0.5488048550857159,"Sussex County, Delaware",240668,75406,33162,10,5,10005,0.1377914803796101
11001,294185.0,0.0,13153.0,21076.0,328414.0,0.8957748451649442,0.06417509606776813,"District of Columbia, District of Columbia",670587,101722,124860,11,1,11001,0.1861950798330418
12001,81578.0,619.0,1412.0,52939.0,136548.0,0.5974309400357384,0.3876951694642177,"Alachua County, Florida",279729,57566,40168,12,1,12001,0.1435961233908533
12003,1982.0,36.0,33.0,12926.0,14977.0,0.132336248915003,0.8630566869199439,"Baker County, Florida",27969,67872,1603,12,3,12003,0.05731345418141514
12005,25201.0,388.0,691.0,71497.0,97777.0,0.2577395502009675,0.73122513474539,"Bay County, Florida",181055,65999,22211,12,5,12005,0.12267543011791997
12007,2946.0,27.0,39.0,10920.0,13932.0,0.21145564168819983,0.7838070628768303,"Bradford County, Florida",27816,54759,1602,12,7,12007,0.05759275237273512
12009,141233.0,1462.0,2221.0,216533.0,361449.0,0.39074115573704726,0.5990693016165489,"Brevard County, Florida",610723,71308,91368,12,9,12009,0.1496062863196572
12011,507328.0,1797.0,6462.0,358952.0,874539.0,0.5801090631749984,0.4104471041314338,"Broward County, Florida",1940907,70331,299209,12,11,12011,0.1541593698203984
12013,1021.0,17.0,23.0,5367.0,6428.0,0.1588363410080896,0.8349408836341008,"Calhoun County, Florida",13753,41526,769,12,13,12013,0.05591507307496546
12015,40450.0,330.0,416.0,82480.0,123676.0,0.3270642646916136,0.6669038455318737,"Charlotte County, Florida",189900,62164,24826,12,15,12015,0.13073196419167984
12017,26276.0,240.0,365.0,71356.0,98237.0,0.26747559473518123,0.7263658295754145,"Citrus County, Florida",155173,52569,15052,12,17,12017,0.09700141132800165
12019,37926.0,483.0,691.0,87711.0,126811.0,0.2990750013800065,0.6916671266688221,"Clay County, Florida",219650,82242,28107,12,19,12019,0.12796266788071933
12021,71720.0,525.0,858.0,143267.0,216370.0,0.33146924250127097,0.6621389286869714,"Collier County, Florida",380221,82011,66537,12,21,12021,0.1749955946673119
12023,8250.0,88.0,146.0,25108.0,33592.0,0.2455941890926411,0.747439866634913,"Columbia County, Florida",69832,53501,5293,12,23,12023,0.07579619658609234
12027,3525.0,29.0,46.0,8888.0,12488.0,0.2822709801409353,0.7117232543241512,"DeSoto County, Florida",34258,45000,1960,12,27,12027,0.05721291377196567
12029,1183.0,18.0,27.0,6920.0,8148.0,0.14518900343642613,0.8492881688757977,"Dixie County, Florida",16737,45057,661,12,29,12029,0.039493338113162454
12031,229365.0,1843.0,3789.0,236285.0,471282.0,0.486683132392071,0.5013664854588123,"Duval County, Florida",995708,65579,146544,12,31,12031,0.147175678010019
12033,64601.0,648.0,1099.0,96407.0,162755.0,0.3969217535559583,0.5923443212190102,"Escambia County, Florida",321296,61642,38493,12,33,12033,0.119805413077038
12035,28431.0,212.0,311.0,51014.0,79968.0,0.3555297118847539,0.6379301720688275,"Flagler County, Florida",117515,69251,16803,12,35,12035,0.1429860017870059
12037,1870.0,18.0,39.0,4831.0,6758.0,0.2767090855282628,0.7148564664101805,"Franklin County, Florida",12276,58107,1120,12,37,12037,0.09123492994460737
12039,14203.0,48.0,122.0,7495.0,21868.0,0.6494878361075545,0.3427382476678251,"Gadsden County, Florida",43746,45721,3856,12,39,12039,0.08814520184702601
12041,1662.0,33.0,60.0,8931.0,10686.0,0.15553060078607525,0.8357664233576643,"Gilchrist County, Florida",18070,56823,1284,12,41,12041,0.07105700055340343
12043,1222.0,9.0,14.0,4034.0,5279.0,0.2314832354612616,0.7641598787649176,"Glades County, Florida",12179,37221,912,12,43,12043,0.0748829953198128
12045,1970.0,19.0,24.0,6684.0,8697.0,0.22651489019202023,0.7685408761641945,"Gulf County, Florida",15002,56250,1515,12,45,12045,0.10098653512864951
12047,1727.0,14.0,28.0,3964.0,5733.0,0.301238444095587,0.6914355485784057,"Hamilton County, Florida",13492,47668,667,12,47,12047,0.04943670323154462
12049,1751.0,13.0,43.0,6336.0,8143.0,0.2150313152400835,0.7780916124278522,"Hardee County, Florida",25528,44665,1169,12,49,12049,0.04579285490441868
12051,4096.0,38.0,73.0,9253.0,13460.0,0.3043090638930163,0.687444279346211,"Hendry County, Florida",39902,49259,1947,12,51,12051,0.048794546639266204
12053,34431.0,278.0,536.0,75446.0,110691.0,0.3110550993305689,0.6815910959337255,"Hernando County, Florida",196621,59202,19903,12,53,12053,0.1012251997497724
12055,15227.0,101.0,195.0,36382.0,51905.0,0.29336287448222714,0.7009343993834891,"Highlands County, Florida",102339,53679,9422,12,55,12055,0.09206656308934033
12057,321455.0,2368.0,6153.0,342017.0,671993.0,0.478360637685214,0.5089591707056472,"Hillsborough County, Florida",1468560,70612,231039,12,57,12057,0.15732350057198888
12059,882.0,19.0,22.0,8193.0,9116.0,0.096752961825362,0.8987494515138219,"Holmes County, Florida",19529,46063,1089,12,59,12059,0.05576322392339598
12061,35654.0,223.0,403.0,62737.0,99017.0,0.36007958229394954,0.633598271003969,"Indian River County, Florida",160986,67543,25090,12,61,12061,0.15585206166995888
12063,5892.0,54.0,78.0,16074.0,22098.0,0.2666304642954114,0.7273961444474613,"Jackson County, Florida",47704,46144,2905,12,63,12063,0.06089636089216837
12065,3429.0,34.0,28.0,5011.0,8502.0,0.4033168666196189,0.5893907315925665,"Jefferson County, Florida",14458,51573,1428,12,65,12065,0.09876884769677687
12067,441.0,6.0,13.0,3296.0,3756.0,0.11741214057507987,0.8775292864749734,"Lafayette County, Florida",8107,57852,332,12,67,12067,0.04095226347600839
12069,84546.0,607.0,1135.0,140500.0,226788.0,0.37279750251336047,0.6195213150607616,"Lake County, Florida",386829,66239,46866,12,69,12069,0.12115430849289996
12071,139240.0,970.0,1661.0,250661.0,392532.0,0.35472267229168575,0.6385746894520702,"Lee County, Florida",772902,69368,108170,12,71,12071,0.13995306002572125
12073,94520.0,560.0,1325.0,60397.0,156802.0,0.6027984336934478,0.38518003596892897,"Leon County, Florida",294128,61317,46636,12,73,12073,0.15855681879997824
12075,5994.0,54.0,85.0,18245.0,24378.0,0.245877430470096,0.7484207071950119,"Levy County, Florida",43268,49933,3561,12,75,12075,0.08230100767310715
12077,566.0,11.0,15.0,2898.0,3490.0,0.16217765042979942,0.8303724928366762,"Liberty County, Florida",7704,51723,518,12,77,12077,0.06723779854620976
12079,3231.0,18.0,33.0,5874.0,9156.0,0.35288335517693314,0.6415465268676278,"Madison County, Florida",17986,43386,1204,12,79,12079,0.06694095407539197
12081,86674.0,660.0,1040.0,140486.0,228860.0,0.3787206152232806,0.6138512627807393,"Manatee County, Florida",405069,71385,61199,12,81,12081,0.15108290192535098
12083,72436.0,547.0,950.0,140173.0,214106.0,0.3383184030340112,0.6546897331228457,"Marion County, Florida",378225,55265,39294,12,83,12083,0.10389054134443783
12085,33539.0,231.0,400.0,64121.0,98291.0,0.34122147500788474,0.6523588120987679,"Martin County, Florida",159399,77894,27796,12,85,12085,0.17438001493108488
12086,480355.0,2096.0,6064.0,605590.0,1094105.0,0.43903921470060003,0.5535026345734642,"Miami-Dade County, Florida",2688237,64215,388029,12,86,12086,0.14434330008849666
12087,17933.0,134.0,197.0,26064.0,44328.0,0.4045524273596824,0.5879805089334055,"Monroe County, Florida",82044,80111,14115,12,87,12087,0.17204183121252012
12089,17143.0,258.0,279.0,47945.0,65625.0,0.26122666666666666,0.7305904761904762,"Nassau County, Florida",91538,84085,13840,12,89,12089,0.15119403963381328
12091,32074.0,594.0,659.0,80309.0,113636.0,0.2822521032067303,0.7067214615086769,"Okaloosa County, Florida",212021,73988,30071,12,91,12091,0.14183029039576267
12093,3671.0,25.0,47.0,12315.0,16058.0,0.22860879312492216,0.7669074604558476,"Okeechobee County, Florida",39870,50476,3190,12,93,12093,0.0800100326059694
12095,340807.0,2056.0,6057.0,258279.0,607199.0,0.5612772748308216,0.42536137246602845,"Orange County, Florida",1427403,72629,231437,12,95,12095,0.1621385130898562
12097,84205.0,475.0,1387.0,86713.0,172780.0,0.4873538604005093,0.5018694293320987,"Osceola County, Florida",393745,64312,47040,12,97,12097,0.11946818372296791
12099,372512.0,1650.0,4711.0,366836.0,745709.0,0.4995407055567252,0.4919291573522648,"Palm Beach County, Florida",1494805,76066,258721,12,99,12099,0.17308010074892713
12101,117450.0,1014.0,2228.0,197779.0,318471.0,0.3687933909209944,0.6210267182883213,"Pasco County, Florida",569211,63187,72486,12,101,12101,0.1273446929170378
12103,242452.0,1876.0,3274.0,269472.0,517074.0,0.46889226687089275,0.5211478434421378,"Pinellas County, Florida",959918,66406,167442,12,103,12103,0.1744336495408983
12105,136879.0,1017.0,1991.0,209044.0,348931.0,0.39228099538304134,0.5990983890797894,"Polk County, Florida",736229,60901,73601,12,105,12105,0.09997025382048248
12107,9354.0,86.0,132.0,26700.0,36272.0,0.25788486987207765,0.736104984561094,"Putnam County, Florida",73604,44852,4890,12,107,12107,0.06643660670615728
12109,66862.0,748.0,1088.0,128759.0,197457.0,0.3386154960320475,0.6520862770122102,"St. Johns County, Florida",278722,100020,58157,12,109,12109,0.20865593673983396
12111,83517.0,378.0,943.0,100293.0,185131.0,0.45112379882353576,0.5417407133327211,"St. Lucie County, Florida",334682,66154,40046,12,111,12111,0.11965388039990199
12113,27035.0,535.0,541.0,84314.0,112425.0,0.2404714253947076,0.7499577496108517,"Santa Rosa County, Florida",188994,84715,25825,12,113,12113,0.13664454956241998
12115,112668.0,809.0,1170.0,163219.0,277866.0,0.40547602081578893,0.5874018411752427,"Sarasota County, Florida",439392,77213,77261,12,115,12115,0.17583615541475495
12117,120717.0,910.0,2365.0,129735.0,253727.0,0.4757751441509969,0.5113172819605324,"Seminole County, Florida",471321,79490,90716,12,117,12117,0.1924717973525474
12119,32551.0,249.0,284.0,72134.0,105218.0,0.30936721853675225,0.6855671082894562,"Sumter County, Florida",131832,70105,23971,12,119,12119,0.1818299047272286
12121,4217.0,38.0,75.0,17561.0,21891.0,0.19263624320497008,0.802201818098762,"Suwannee County, Florida",43881,49729,2831,12,121,12121,0.06451539390624644
12123,1991.0,18.0,34.0,7954.0,9997.0,0.19915974792437732,0.7956386916074822,"Taylor County, Florida",21421,46239,1541,12,123,12123,0.0719387516922646
12125,971.0,14.0,22.0,5224.0,6231.0,0.15583373455304125,0.8383887016530251,"Union County, Florida",15524,64043,679,12,125,12125,0.04373872713218243
12127,120132.0,1012.0,1663.0,187691.0,310498.0,0.38690104284085564,0.6044837647907555,"Volusia County, Florida",558520,63075,71226,12,127,12127,0.12752631955883406
12129,5441.0,75.0,94.0,14246.0,19856.0,0.2740229653505238,0.7174657534246576,"Wakulla County, Florida",33732,72035,2917,12,129,12129,0.08647575002964544
12131,10287.0,180.0,164.0,38970.0,49601.0,0.20739501219733472,0.7856696437571823,"Walton County, Florida",76618,74832,12778,12,131,12131,0.16677543136077685
12133,2140.0,30.0,44.0,10370.0,12584.0,0.17005721551176098,0.8240623013350286,"Washington County, Florida",25014,47536,1302,12,133,12133,0.052050851523147035
13001,1560.0,8.0,5.0,6761.0,8334.0,0.18718502519798416,0.8112550995920327,"Appling County, Georgia",18441,43268,676,13,1,13001,0.03665744807765305
13003,700.0,6.0,1.0,2350.0,3057.0,0.2289826627412496,0.7687275106313379,"Atkinson County, Georgia",8265,38007,306,13,3,13003,0.037023593466424684
13005,645.0,6.0,2.0,4186.0,4839.0,0.1332920024798512,0.8650547633808638,"Bacon County, Georgia",11138,43938,373,13,5,13005,0.03348895672472616
13007,590.0,1.0,2.0,883.0,1476.0,0.3997289972899729,0.5982384823848238,"Baker County, Georgia",2878,45417,227,13,7,13007,0.07887421820708826
13009,9159.0,59.0,33.0,9574.0,18825.0,0.4865338645418327,0.5085790172642762,"Baldwin County, Georgia",43778,54699,3770,13,9,13009,0.08611631413038512
13011,1136.0,15.0,10.0,9358.0,10519.0,0.1079950565643122,0.8896282916627056,"Banks County, Georgia",18381,69096,1372,13,11,13011,0.07464229367281432
13013,12949.0,183.0,72.0,30730.0,43934.0,0.2947375608867847,0.6994582783265808,"Barrow County, Georgia",84399,75053,7743,13,13,13013,0.09174279316105641
13015,13942.0,242.0,92.0,43271.0,57547.0,0.24227153457174136,0.7519245138756148,"Bartow County, Georgia",109410,74812,10517,13,15,13015,0.09612466867745179
13017,2199.0,14.0,7.0,4281.0,6501.0,0.33825565297646515,0.6585140747577296,"Ben Hill County, Georgia",17169,38255,1003,13,17,13017,0.058419243986254296
13019,1209.0,15.0,3.0,6841.0,8068.0,0.14985126425384235,0.8479176995537928,"Berrien County, Georgia",18187,48670,1211,13,19,13019,0.06658602298344972
13021,42172.0,215.0,136.0,26658.0,69181.0,0.6095893381130657,0.38533701449820035,"Bibb County, Georgia",156554,48897,13738,13,21,13021,0.08775246879670913
13023,1339.0,13.0,7.0,4685.0,6044.0,0.221542025148908,0.7751489080079418,"Bleckley County, Georgia",12413,56021,897,13,23,13023,0.07226295013292516
13025,736.0,16.0,4.0,7744.0,8500.0,0.08658823529411765,0.9110588235294118,"Brantley County, Georgia",18105,40166,589,13,25,13025,0.03253244959955813
13027,2629.0,8.0,13.0,4560.0,7210.0,0.36463245492371704,0.6324549237170597,"Brooks County, Georgia",16275,42263,1114,13,27,13027,0.06844854070660522
13029,7779.0,79.0,55.0,16738.0,24651.0,0.31556529146890594,0.6789988235771368,"Bryan County, Georgia",44995,90627,5989,13,29,13029,0.13310367818646515
13031,11514.0,110.0,48.0,20985.0,32657.0,0.3525737207949291,0.6425881128088924,"Bulloch County, Georgia",79829,53675,8064,13,31,13031,0.10101592153227523
13033,4994.0,33.0,16.0,6027.0,11070.0,0.45112917795844626,0.5444444444444444,"Burke County, Georgia",24337,50321,1667,13,33,13033,0.06849652792045034
13035,3544.0,39.0,12.0,9424.0,13019.0,0.2722175282279745,0.7238651202089255,"Butts County, Georgia",25522,60076,1494,13,35,13035,0.058537732152652615
13037,1153.0,3.0,0.0,900.0,2056.0,0.5607976653696498,0.4377431906614786,"Calhoun County, Georgia",5594,48663,295,13,37,13037,0.05273507329281373
13039,8405.0,115.0,54.0,17819.0,26393.0,0.31845565111961505,0.6751411359072481,"Camden County, Georgia",55105,68104,4874,13,39,13039,0.08844932401778423
13043,1196.0,3.0,3.0,3366.0,4568.0,0.2618213660245184,0.7368651488616462,"Candler County, Georgia",10946,45519,590,13,43,13043,0.05390096839027955
13045,17634.0,216.0,108.0,42536.0,60494.0,0.291499983469435,0.7031441134657983,"Carroll County, Georgia",120060,66895,10252,13,45,13045,0.08539063801432617
13047,7704.0,137.0,47.0,27150.0,35038.0,0.21987556367372568,0.7748729950339631,"Catoosa County, Georgia",68052,68896,6953,13,47,13047,0.1021718685710927
13049,1007.0,9.0,5.0,3607.0,4628.0,0.2175885911840968,0.7793863439930856,"Charlton County, Georgia",12547,45770,870,13,49,13049,0.06933928429106559
13051,82758.0,571.0,444.0,57336.0,141109.0,0.5864827899000064,0.4063241891020417,"Chatham County, Georgia",296266,66171,43032,13,51,13051,0.14524785159282536
13053,703.0,6.0,3.0,982.0,1694.0,0.4149940968122786,0.5796930342384888,"Chattahoochee County, Georgia",9402,52943,866,13,53,13053,0.09210806211444374
13055,1896.0,28.0,13.0,8769.0,10706.0,0.1770969549785167,0.8190734167756398,"Chattooga County, Georgia",24902,43556,950,13,55,13055,0.038149546221187054
13057,48838.0,869.0,432.0,112142.0,162281.0,0.3009471225836666,0.6910359191772296,"Cherokee County, Georgia",268567,100824,50928,13,57,13057,0.18962865877043716
13059,36297.0,297.0,244.0,16049.0,52887.0,0.6863123262805605,0.3034583167886248,"Clarke County, Georgia",128864,48692,17848,13,59,13059,0.13850260740004966
13061,771.0,6.0,2.0,663.0,1442.0,0.5346740638002774,0.45977808599167824,"Clay County, Georgia",2855,43264,190,13,61,13061,0.06654991243432574
13063,94203.0,298.0,351.0,16877.0,111729.0,0.8431383078699353,0.1510529942987049,"Clayton County, Georgia",296312,56207,25582,13,63,13063,0.0863346742622641
13065,702.0,3.0,2.0,2201.0,2908.0,0.24140302613480055,0.7568775790921596,"Clinch County, Georgia",6713,53350,412,13,65,13065,0.06137345449128557
13067,228404.0,2335.0,1951.0,168679.0,401369.0,0.5690623839907916,0.4202591630145826,"Cobb County, Georgia",765813,94244,163719,13,67,13067,0.21378456620611036
13069,4295.0,22.0,10.0,11388.0,15715.0,0.27330575882914415,0.7246579700922685,"Coffee County, Georgia",43056,48398,2268,13,69,13069,0.052675585284280936
13071,4114.0,31.0,15.0,12451.0,16611.0,0.24766720847631088,0.7495635422310517,"Colquitt County, Georgia",45813,47235,2315,13,71,13071,0.05053150852378146
13073,31624.0,338.0,301.0,53657.0,85920.0,0.3680633147113594,0.6244995344506518,"Columbia County, Georgia",156921,92571,22587,13,73,13073,0.14393866977651174
13075,1956.0,18.0,9.0,5374.0,7357.0,0.265869240179421,0.7304607856463232,"Cook County, Georgia",17242,46706,1087,13,75,13075,0.06304373042570467
13077,28111.0,415.0,186.0,57204.0,85916.0,0.32719167559011125,0.6658131197914242,"Coweta County, Georgia",147449,90031,21935,13,77,13077,0.14876330120923167
13079,1582.0,11.0,5.0,4742.0,6340.0,0.24952681388012618,0.7479495268138802,"Crawford County, Georgia",12156,56948,503,13,79,13079,0.04137874300756828
13081,2993.0,17.0,7.0,5099.0,8116.0,0.36877772301626416,0.628265155248891,"Crisp County, Georgia",20255,47463,1157,13,81,13081,0.057121698346087386
13083,1343.0,35.0,18.0,6804.0,8200.0,0.16378048780487806,0.8297560975609756,"Dade County, Georgia",16239,59531,1474,13,83,13083,0.09076913603054375
13085,3350.0,66.0,30.0,16115.0,19561.0,0.1712591380808752,0.8238331373651654,"Dawson County, Georgia",27355,84516,4797,13,85,13085,0.17536099433375982
13087,4372.0,22.0,15.0,7140.0,11549.0,0.3785609143648801,0.6182353450515196,"Decatur County, Georgia",29063,47383,1893,13,87,13087,0.06513436327977153
13089,299630.0,1557.0,2199.0,62622.0,366008.0,0.818643308342987,0.17109462088260366,"DeKalb County, Georgia",761209,76044,137065,13,89,13089,0.18006224308961138
13091,2081.0,13.0,7.0,6249.0,8350.0,0.24922155688622755,0.7483832335329341,"Dodge County, Georgia",19977,46091,1400,13,91,13091,0.07008059268158383
13093,1921.0,7.0,6.0,2243.0,4177.0,0.45989944936557337,0.5369882690926502,"Dooly County, Georgia",11236,54109,763,13,93,13093,0.0679067283730865
13095,23831.0,63.0,52.0,9904.0,33850.0,0.7040177252584934,0.29258493353028064,"Dougherty County, Georgia",85038,45640,7102,13,95,13095,0.08351560478844752
13097,46240.0,233.0,252.0,23996.0,70721.0,0.6538369084147566,0.33930515688409385,"Douglas County, Georgia",144735,76930,17347,13,97,13097,0.1198535254085052
13099,2158.0,1.0,2.0,2718.0,4879.0,0.4423037507686001,0.5570813691330191,"Early County, Georgia",10753,48355,621,13,99,13099,0.057751325211568866
13101,127.0,1.0,3.0,1307.0,1438.0,0.08831710709318498,0.9089012517385258,"Echols County, Georgia",3707,61184,195,13,101,13101,0.052603183166981385
13103,9144.0,111.0,46.0,26943.0,36244.0,0.2522900342125593,0.7433782143251296,"Effingham County, Georgia",65314,79474,7658,13,103,13103,0.11724898184156536
13105,2700.0,19.0,10.0,6860.0,9589.0,0.2815726353112942,0.7154030660131401,"Elbert County, Georgia",19570,48190,1180,13,105,13105,0.06029637199795605
13107,2673.0,22.0,5.0,6919.0,9619.0,0.2778875142946252,0.7193055411165402,"Emanuel County, Georgia",22907,47905,1174,13,107,13107,0.05125070939014275
13109,1214.0,12.0,7.0,3011.0,4244.0,0.28605089538171535,0.7094721960414703,"Evans County, Georgia",10759,55222,731,13,109,13109,0.06794311739009201
13111,2807.0,44.0,13.0,13232.0,16096.0,0.17439115308151093,0.8220675944333996,"Fannin County, Georgia",25436,54857,2598,13,111,13111,0.10213870105362478
13113,35822.0,377.0,257.0,38177.0,74633.0,0.4799753460265566,0.5115297522543647,"Fayette County, Georgia",119259,105910,23851,13,113,13113,0.19999329191088303
13115,12862.0,167.0,78.0,31631.0,44738.0,0.28749608833653717,0.7070275828155036,"Floyd County, Georgia",98541,57868,8512,13,115,13115,0.08638028840787083
13117,45509.0,701.0,758.0,91281.0,138249.0,0.32918140456712164,0.660265173708309,"Forsyth County, Georgia",253225,131660,58027,13,117,13117,0.22915193997433111
13119,1647.0,25.0,9.0,10459.0,12140.0,0.135667215815486,0.8615321252059308,"Franklin County, Georgia",23480,52597,1587,13,119,13119,0.06758943781942078
13121,384752.0,2507.0,3324.0,144655.0,535238.0,0.7188428325343118,0.27026294844536447,"Fulton County, Georgia",1061944,86267,242267,13,121,13121,0.2281353819033772
13123,3413.0,75.0,17.0,14976.0,18481.0,0.18467615388777664,0.8103457605107949,"Gilmer County, Georgia",31519,70334,3307,13,123,13123,0.10492084139725245
13125,133.0,3.0,0.0,1534.0,1670.0,0.07964071856287425,0.918562874251497,"Glascock County, Georgia",2903,60469,232,13,125,13125,0.07991732690320358
13127,16144.0,124.0,86.0,27558.0,43912.0,0.3676443796684278,0.627573328475132,"Glynn County, Georgia",84566,65970,10955,13,127,13127,0.1295437882837074
13129,4982.0,94.0,35.0,22495.0,27606.0,0.18046801419981162,0.8148590886039266,"Gordon County, Georgia",57785,57555,3675,13,129,13129,0.06359781950333132
13131,3290.0,31.0,12.0,7385.0,10718.0,0.3069602537786901,0.6890278036947192,"Grady County, Georgia",26075,51929,1671,13,131,13131,0.06408437200383509
13133,4514.0,45.0,12.0,8215.0,12786.0,0.35304239011418737,0.6424996089472861,"Greene County, Georgia",19020,77527,3029,13,133,13133,0.1592534174553102
13135,242507.0,1923.0,3210.0,173041.0,420681.0,0.5764629255896986,0.41133542993384536,"Gwinnett County, Georgia",957977,82296,154792,13,135,13135,0.16158216742155604
13137,4036.0,63.0,39.0,19142.0,23280.0,0.1733676975945017,0.8222508591065292,"Habersham County, Georgia",46326,61292,4024,13,137,13137,0.0868626689116263
13139,28347.0,450.0,185.0,72991.0,101973.0,0.2779853490629873,0.7157875123807282,"Hall County, Georgia",204953,74153,21466,13,139,13139,0.10473620781349871
13141,2864.0,7.0,5.0,1364.0,4240.0,0.6754716981132075,0.32169811320754715,"Hancock County, Georgia",8588,31767,538,13,141,13141,0.06264555193292967
13143,2065.0,39.0,21.0,14239.0,16364.0,0.12619164018577364,0.8701417746272305,"Haralson County, Georgia",30178,65940,2281,13,143,13143,0.07558486314533766
13145,5976.0,61.0,33.0,16283.0,22353.0,0.2673466648771977,0.7284480830313604,"Harris County, Georgia",34914,85936,4385,13,145,13145,0.12559431746577304
13147,3210.0,42.0,15.0,11064.0,14331.0,0.22398995185262718,0.7720326564789617,"Hart County, Georgia",26110,61765,2482,13,147,13147,0.09505936422826504
13149,859.0,14.0,2.0,5335.0,6210.0,0.13832528180354267,0.8590982286634461,"Heard County, Georgia",11489,62965,602,13,149,13149,0.052397945861258594
13151,83253.0,445.0,354.0,44982.0,129034.0,0.645202039772463,0.3486057938217834,"Henry County, Georgia",240853,79663,28106,13,151,13151,0.11669358488372576
13153,35907.0,339.0,178.0,45090.0,81514.0,0.4405010182299973,0.5531565129916334,"Houston County, Georgia",164117,76968,19718,13,153,13153,0.12014599340714247
13155,986.0,12.0,4.0,3340.0,4342.0,0.22708429295255642,0.7692307692307693,"Irwin County, Georgia",9487,46383,551,13,155,13155,0.058079477179297984
13157,10472.0,208.0,66.0,36497.0,47243.0,0.2216624685138539,0.7725377304574222,"Jackson County, Georgia",77033,82056,9536,13,157,13157,0.12379110251450677
13159,1881.0,25.0,9.0,7203.0,9118.0,0.20629524018425094,0.7899758719017328,"Jasper County, Georgia",14882,57374,1036,13,159,13159,0.06961429915333961
13161,924.0,9.0,4.0,4935.0,5872.0,0.15735694822888283,0.8404291553133515,"Jeff Davis County, Georgia",14791,41780,814,13,161,13161,0.05503346629707254
13163,3674.0,19.0,5.0,3765.0,7463.0,0.49229532359640893,0.5044888114699183,"Jefferson County, Georgia",15591,46865,794,13,163,13163,0.05092681675325508
13165,1179.0,9.0,4.0,2217.0,3409.0,0.3458492226459372,0.6503373423291288,"Jenkins County, Georgia",8704,31463,326,13,165,13165,0.03745404411764706
13167,1066.0,5.0,0.0,2913.0,3984.0,0.267570281124498,0.7311746987951807,"Johnson County, Georgia",9225,47796,276,13,167,13167,0.02991869918699187
13169,4959.0,40.0,14.0,11079.0,16092.0,0.308165548098434,0.6884787472035794,"Jones County, Georgia",28382,66288,2276,13,169,13169,0.08019167077725319
13171,2795.0,33.0,9.0,7575.0,10412.0,0.2684402612370342,0.7275259316173646,"Lamar County, Georgia",18676,64966,1122,13,171,13171,0.06007710430499036
13173,995.0,13.0,2.0,2726.0,3736.0,0.26632762312633834,0.7296573875802997,"Lanier County, Georgia",9964,39971,744,13,173,13173,0.07466880770774789
13175,7820.0,46.0,26.0,15460.0,23352.0,0.33487495717711546,0.6620417951353204,"Laurens County, Georgia",49407,46776,2907,13,175,13175,0.05883781650373429
13177,4957.0,45.0,26.0,12655.0,17683.0,0.28032573658315896,0.7156591076174857,"Lee County, Georgia",32968,83632,4222,13,177,13177,0.12806357680174715
13179,13459.0,75.0,53.0,9441.0,23028.0,0.5844623936077818,0.40997915581031785,"Liberty County, Georgia",65550,55149,5266,13,179,13179,0.08033562166285278
13181,1351.0,15.0,6.0,3559.0,4931.0,0.2739809369296289,0.7217602920300142,"Lincoln County, Georgia",7726,50754,584,13,181,13181,0.07558892052808698
13183,2476.0,15.0,8.0,4557.0,7056.0,0.35090702947845803,0.6458333333333334,"Long County, Georgia",16804,56819,848,13,183,13183,0.050464175196381814
13185,19487.0,140.0,87.0,28081.0,47795.0,0.4077204728528089,0.587530076367821,"Lowndes County, Georgia",118257,52821,11039,13,185,13185,0.09334753968052631
13187,3356.0,81.0,32.0,14339.0,17808.0,0.18845462713387243,0.8051999101527404,"Lumpkin County, Georgia",33405,67592,3938,13,187,13187,0.11788654393054931
13189,3937.0,30.0,8.0,6562.0,10537.0,0.37363575970390056,0.6227579007307583,"McDuffie County, Georgia",21715,54752,1489,13,189,13189,0.06857011282523601
13191,2628.0,25.0,8.0,4747.0,7408.0,0.3547516198704104,0.64079373650108,"McIntosh County, Georgia",11183,51262,1052,13,191,13191,0.09407135831172315
13193,2755.0,11.0,4.0,1916.0,4686.0,0.5879214682031584,0.40887750746905677,"Macon County, Georgia",12099,33960,515,13,193,13193,0.04256550128109761
13195,3753.0,57.0,26.0,12951.0,16787.0,0.2235658545302913,0.7714898433311491,"Madison County, Georgia",30378,53626,2002,13,195,13195,0.06590295608664165
13197,1253.0,11.0,9.0,2348.0,3621.0,0.3460370063518365,0.6484396575531621,"Marion County, Georgia",7508,48836,509,13,197,13197,0.06779435269046351
13199,4373.0,28.0,12.0,7375.0,11788.0,0.37097047845266373,0.6256362402443163,"Meriwether County, Georgia",20679,52392,1186,13,199,13199,0.057352870061414964
13201,670.0,5.0,4.0,2045.0,2724.0,0.2459618208516887,0.7507342143906021,"Miller County, Georgia",5923,52132,461,13,201,13201,0.07783217963869661
13205,3701.0,18.0,8.0,5150.0,8877.0,0.4169201306747775,0.5801509518981638,"Mitchell County, Georgia",21634,45966,933,13,205,13205,0.043126560044374596
13207,4689.0,41.0,20.0,12954.0,17704.0,0.2648553999096249,0.7316990510619069,"Monroe County, Georgia",28287,74867,3120,13,207,13207,0.11029801675681408
13209,927.0,9.0,4.0,3033.0,3973.0,0.23332494336773218,0.7634029700478228,"Montgomery County, Georgia",8687,49138,606,13,209,13209,0.06975941061356049
13211,3533.0,49.0,10.0,9589.0,13181.0,0.2680373264547455,0.7274865336469161,"Morgan County, Georgia",20171,81524,2519,13,211,13211,0.1248822567051708
13213,2459.0,29.0,15.0,14965.0,17468.0,0.14077169681703686,0.8567094114953057,"Murray County, Georgia",40063,60617,2039,13,213,13213,0.05089484062601403
13215,49413.0,255.0,207.0,30616.0,80491.0,0.6138947211489483,0.3803655067026127,"Muscogee County, Georgia",204572,54561,22117,13,215,13215,0.10811352482255636
13217,33839.0,190.0,129.0,24893.0,59051.0,0.5730470271460263,0.4215508628135002,"Newton County, Georgia",113298,70732,9900,13,217,13217,0.08738018323359635
13219,8620.0,164.0,79.0,18424.0,27287.0,0.3159013449628028,0.6751933154982226,"Oconee County, Georgia",41978,116221,7238,13,219,13219,0.17242365048358663
13221,2515.0,26.0,26.0,6255.0,8822.0,0.2850827476762639,0.709022897302199,"Oglethorpe County, Georgia",14974,66672,1411,13,221,13221,0.09422999866435154
13223,35802.0,402.0,223.0,58769.0,95196.0,0.3760872305559057,0.6173473675364511,"Paulding County, Georgia",169898,89237,19595,13,223,13223,0.11533390622608859
13225,6293.0,39.0,18.0,7104.0,13454.0,0.46774193548387094,0.5280214062732272,"Peach County, Georgia",28054,60940,2061,13,225,13225,0.07346545947102018
13227,3522.0,84.0,28.0,17281.0,20915.0,0.1683958881185752,0.8262491035142242,"Pickens County, Georgia",33439,72558,3942,13,227,13227,0.11788630042764436
13229,1089.0,15.0,2.0,8655.0,9761.0,0.11156643786497285,0.886691937301506,"Pierce County, Georgia",19822,54861,1244,13,229,13229,0.06275855110483301
13231,1648.0,29.0,8.0,10864.0,12549.0,0.13132520519563312,0.865726352697426,"Pike County, Georgia",19145,83866,1489,13,231,13231,0.07777487594672239
13233,3749.0,47.0,23.0,15352.0,19171.0,0.19555578738719942,0.800792864222002,"Polk County, Georgia",43019,51956,2561,13,233,13233,0.059531834770682725
13235,1281.0,14.0,5.0,3036.0,4336.0,0.29543357933579334,0.7001845018450185,"Pulaski County, Georgia",9887,42545,603,13,235,13235,0.06098917770810155
13237,3696.0,33.0,12.0,9136.0,12877.0,0.2870233750097072,0.7094820222101421,"Putnam County, Georgia",22206,60825,2654,13,237,13237,0.11951724759074124
13239,480.0,4.0,0.0,656.0,1140.0,0.42105263157894735,0.5754385964912281,"Quitman County, Georgia",2180,38889,118,13,239,13239,0.05412844036697248
13241,2222.0,35.0,15.0,8151.0,10423.0,0.2131823851098532,0.7820205315168378,"Rabun County, Georgia",16915,57261,2052,13,241,13241,0.12131244457582027
13243,1601.0,12.0,4.0,1373.0,2990.0,0.5354515050167225,0.4591973244147157,"Randolph County, Georgia",6365,24638,404,13,243,13243,0.06347211311861745
13245,56657.0,275.0,174.0,26472.0,83578.0,0.677893704084807,0.3167340687740793,"Richmond County, Georgia",206153,50605,19289,13,245,13245,0.09356642881743171
13247,33165.0,149.0,135.0,11711.0,45160.0,0.7343888396811338,0.25932240921169175,"Rockdale County, Georgia",93641,68999,10631,13,247,13247,0.11352933010113092
13249,453.0,3.0,2.0,1970.0,2428.0,0.18657331136738056,0.8113673805601318,"Schley County, Georgia",4565,53274,302,13,249,13249,0.06615553121577218
13251,2581.0,11.0,3.0,4325.0,6920.0,0.3729768786127168,0.625,"Screven County, Georgia",14026,49941,844,13,251,13251,0.06017396264080992
13253,1191.0,3.0,2.0,2811.0,4007.0,0.29722984776640876,0.7015223359121537,"Seminole County, Georgia",9117,46063,741,13,253,13253,0.08127673576834485
13255,13679.0,115.0,60.0,19184.0,33038.0,0.4140383800472184,0.580664689145832,"Spalding County, Georgia",67415,57367,5262,13,255,13255,0.07805384558332715
13257,2404.0,47.0,16.0,10632.0,13099.0,0.18352545995877548,0.8116650125963814,"Stephens County, Georgia",26732,52901,1777,13,257,13257,0.06647463713900943
13259,1177.0,3.0,1.0,847.0,2028.0,0.5803747534516766,0.4176528599605523,"Stewart County, Georgia",5121,43094,467,13,259,13259,0.09119312634251123
13261,6136.0,28.0,16.0,5869.0,12049.0,0.5092538799900407,0.4870943646775666,"Sumter County, Georgia",29378,38899,2616,13,261,13261,0.0890462250663762
13263,1888.0,5.0,3.0,1483.0,3379.0,0.5587451908848772,0.43888724474696655,"Talbot County, Georgia",5793,48065,435,13,263,13263,0.07509062661833248
13265,507.0,1.0,1.0,375.0,884.0,0.5735294117647058,0.4242081447963801,"Taliaferro County, Georgia",1635,45881,86,13,265,13265,0.052599388379204894
13267,1967.0,19.0,11.0,6515.0,8512.0,0.23108552631578946,0.7653900375939849,"Tattnall County, Georgia",24309,51868,1288,13,267,13267,0.05298449134065573
13269,1366.0,9.0,7.0,2600.0,3982.0,0.34304369663485684,0.6529382219989954,"Taylor County, Georgia",7799,40727,566,13,269,13269,0.07257340684703167
13271,1274.0,7.0,3.0,2930.0,4214.0,0.3023255813953488,0.6953013763644993,"Telfair County, Georgia",12619,41801,321,13,271,13271,0.02543783184087487
13273,2253.0,7.0,6.0,2075.0,4341.0,0.5190048375950241,0.47800046072333563,"Terrell County, Georgia",9004,43507,396,13,273,13273,0.043980453131941356
13275,8347.0,37.0,26.0,13670.0,22080.0,0.37803442028985507,0.6191123188405797,"Thomas County, Georgia",45665,55958,4882,13,275,13275,0.10690901127778386
13277,5438.0,35.0,20.0,11496.0,16989.0,0.32008946965683677,0.6766731414444641,"Tift County, Georgia",41247,52561,2594,13,277,13277,0.06288942226101292
13279,2674.0,18.0,12.0,8208.0,10912.0,0.24505131964809385,0.7521994134897361,"Toombs County, Georgia",26946,47310,1511,13,279,13279,0.05607511318934165
13281,1649.0,27.0,7.0,7155.0,8838.0,0.1865806743607151,0.8095723014256619,"Towns County, Georgia",12546,55574,1754,13,281,13281,0.13980551570221583
13283,864.0,2.0,5.0,2250.0,3121.0,0.2768343479653957,0.7209227811598846,"Treutlen County, Georgia",6411,38641,480,13,283,13283,0.07487131492746842
13285,11757.0,102.0,53.0,19392.0,31304.0,0.37557500638895985,0.6194735497061078,"Troup County, Georgia",69527,53599,5486,13,285,13285,0.07890459821364362
13287,1365.0,10.0,1.0,2457.0,3833.0,0.35611792329767805,0.6410122619358205,"Turner County, Georgia",8894,39666,453,13,287,13287,0.05093321340229368
13289,1895.0,7.0,5.0,2549.0,4456.0,0.4252692998204668,0.5720377019748654,"Twiggs County, Georgia",7955,50446,392,13,289,13289,0.04927718416090509
13291,3309.0,68.0,26.0,14477.0,17880.0,0.18506711409395973,0.809675615212528,"Union County, Georgia",24880,59783,3047,13,291,13291,0.12246784565916399
13293,4098.0,25.0,11.0,9528.0,13662.0,0.29995608256477824,0.6974088713219148,"Upson County, Georgia",27638,48740,1873,13,293,13293,0.06776901367682177
13295,6436.0,132.0,56.0,25462.0,32086.0,0.20058592532568723,0.7935548214174406,"Walker County, Georgia",68065,52276,5968,13,295,13295,0.08768089326379197
13297,15605.0,249.0,115.0,42407.0,58376.0,0.2673187611347129,0.7264457996436892,"Walton County, Georgia",97752,79425,9940,13,297,13297,0.10168589900973893
13299,4068.0,24.0,21.0,10279.0,14392.0,0.28265703168426903,0.7142162312395776,"Ware County, Georgia",35917,44138,2561,13,299,13299,0.07130328256814322
13301,1354.0,5.0,1.0,1232.0,2592.0,0.5223765432098766,0.47530864197530864,"Warren County, Georgia",5197,45091,260,13,301,13301,0.05002886280546469
13303,4643.0,17.0,9.0,4824.0,9493.0,0.48909722953755397,0.5081639102496577,"Washington County, Georgia",19975,43810,1756,13,303,13303,0.087909887359199
13305,2708.0,23.0,19.0,10811.0,13561.0,0.19969028832681956,0.797212594941376,"Wayne County, Georgia",30277,49847,1713,13,305,13305,0.05657760015853618
13307,544.0,1.0,1.0,790.0,1336.0,0.40718562874251496,0.5913173652694611,"Webster County, Georgia",2354,35000,129,13,307,13307,0.05480033984706882
13309,622.0,5.0,1.0,1648.0,2276.0,0.273286467486819,0.7240773286467487,"Wheeler County, Georgia",7550,36354,557,13,309,13309,0.07377483443708609
13311,2609.0,60.0,20.0,14136.0,16825.0,0.15506686478454682,0.8401783060921248,"White County, Georgia",28165,66256,2647,13,311,13311,0.0939818924196698
13313,10953.0,128.0,92.0,28655.0,39828.0,0.2750075323892739,0.7194687154765491,"Whitfield County, Georgia",103033,59659,7260,13,313,13313,0.07046286141333359
13315,847.0,6.0,1.0,2493.0,3347.0,0.2530624439796833,0.7448461308634599,"Wilcox County, Georgia",8839,46759,455,13,315,13315,0.05147641135875099
13317,2112.0,8.0,7.0,2971.0,5098.0,0.4142801098469988,0.5827775598273833,"Wilkes County, Georgia",9610,51780,839,13,317,13317,0.08730489073881374
13319,2012.0,4.0,4.0,2888.0,4908.0,0.4099429502852486,0.5884270578647107,"Wilkinson County, Georgia",8852,40757,494,13,319,13319,0.055806597379123364
13321,2300.0,9.0,9.0,6991.0,9309.0,0.2470727253195832,0.750993662047481,"Worth County, Georgia",20706,56496,950,13,321,13321,0.04588042113397083
15001,52163.0,492.0,1420.0,28748.0,82823.0,0.6298129746567982,0.3471016505077092,"Hawaii County, Hawaii",202163,74238,27870,15,1,15001,0.13785905432744863
15003,204301.0,1769.0,4362.0,130489.0,340921.0,0.5992619991141642,0.3827543624476052,"Honolulu County, Hawaii",1010100,99816,164506,15,3,15003,0.16286110286110286
15007,17675.0,139.0,447.0,11803.0,30064.0,0.587912453432677,0.3925957956359766,"Kauai County, Hawaii",73511,88869,11228,15,7,15007,0.15273904585708262
15009,38905.0,333.0,1034.0,22621.0,62893.0,0.6185903041673955,0.35967436757667787,"Maui County, Hawaii",164765,95379,23629,15,9,15009,0.1434103116559949
16001,116116.0,1546.0,5998.0,143759.0,267419.0,0.4342099850795942,0.5375796035435029,"Ada County, Idaho",497494,83881,94823,16,1,16001,0.19060129368394393
16003,577.0,9.0,58.0,2037.0,2681.0,0.21521820216337187,0.7597911227154047,"Adams County, Idaho",4464,55891,436,16,3,16003,0.09767025089605735
16005,14306.0,205.0,1136.0,24329.0,39976.0,0.3578647188312988,0.6085901540924554,"Bannock County, Idaho",87434,60998,10949,16,5,16005,0.1252258846672919
16007,346.0,11.0,60.0,2908.0,3325.0,0.10406015037593985,0.8745864661654136,"Bear Lake County, Idaho",6436,63244,604,16,7,16007,0.09384711000621504
16009,935.0,20.0,96.0,4094.0,5145.0,0.18172983479105928,0.7957240038872692,"Benewah County, Idaho",9731,54191,883,16,9,16009,0.09074093104511355
16011,3878.0,87.0,498.0,16188.0,20651.0,0.18778751634303423,0.78388455764854,"Bingham County, Idaho",48253,69433,4176,16,11,16011,0.08654384183366837
16013,8424.0,73.0,311.0,4281.0,13089.0,0.6435938574375429,0.32706853082741233,"Blaine County, Idaho",24248,81794,5439,16,13,16013,0.22430715935334872
16015,1065.0,24.0,94.0,3727.0,4910.0,0.21690427698574338,0.7590631364562118,"Boise County, Idaho",7809,70776,1079,16,15,16015,0.1381739019080548
16017,7650.0,126.0,582.0,21352.0,29710.0,0.2574890609222484,0.7186805789296533,"Bonner County, Idaho",47976,61816,6500,16,17,16017,0.13548440887110222
16019,14458.0,355.0,1570.0,40053.0,56436.0,0.25618399603090225,0.709706570274293,"Bonneville County, Idaho",124490,73103,16371,16,19,16019,0.13150453851714997
16021,1145.0,25.0,146.0,5794.0,7110.0,0.16104078762306612,0.8149085794655415,"Boundary County, Idaho",12335,58810,952,16,21,16021,0.07717875962707742
16023,185.0,1.0,40.0,1268.0,1494.0,0.12382864792503347,0.8487282463186078,"Butte County, Idaho",2605,37358,232,16,23,16023,0.0890595009596929
16025,153.0,4.0,24.0,547.0,728.0,0.21016483516483517,0.7513736263736264,"Camas County, Idaho",1133,63750,136,16,25,16025,0.12003530450132392
16027,25669.0,442.0,2164.0,72755.0,101030.0,0.2540730476096209,0.7201326338711274,"Canyon County, Idaho",235006,68473,22406,16,27,16027,0.09534224658093836
16029,445.0,15.0,90.0,2906.0,3456.0,0.12876157407407407,0.8408564814814815,"Caribou County, Idaho",7058,65380,454,16,29,16029,0.06432417115330122
16031,1359.0,18.0,222.0,7959.0,9558.0,0.14218455743879474,0.8327055869428751,"Cassia County, Idaho",24859,63525,2163,16,31,16031,0.08701074057685346
16033,50.0,0.0,3.0,280.0,333.0,0.15015015015015015,0.8408408408408409,"Clark County, Idaho",756,53500,54,16,33,16033,0.07142857142857142
16035,774.0,9.0,87.0,3550.0,4420.0,0.1751131221719457,0.8031674208144797,"Clearwater County, Idaho",8810,55885,872,16,35,16035,0.09897843359818388
16037,586.0,9.0,57.0,1998.0,2650.0,0.2211320754716981,0.7539622641509434,"Custer County, Idaho",4344,60357,814,16,37,16037,0.18738489871086556
16039,2611.0,44.0,226.0,7791.0,10672.0,0.24465892053973012,0.7300412293853074,"Elmore County, Idaho",28752,55000,2806,16,39,16039,0.09759321090706734
16041,703.0,28.0,174.0,6279.0,7184.0,0.09785634743875278,0.8740256124721604,"Franklin County, Idaho",14376,61679,1007,16,41,16041,0.07004730105731775
16043,954.0,27.0,177.0,5645.0,6803.0,0.1402322504777304,0.8297809789798618,"Fremont County, Idaho",13519,67015,1526,16,43,16043,0.11287817146238627
16045,1699.0,36.0,178.0,8707.0,10620.0,0.15998116760828626,0.8198681732580038,"Gem County, Idaho",19250,65204,2476,16,45,16045,0.1286233766233766
16047,1100.0,23.0,119.0,4676.0,5918.0,0.18587360594795538,0.7901318012842177,"Gooding County, Idaho",15520,60938,1123,16,47,16047,0.07235824742268042
16049,1460.0,24.0,235.0,8148.0,9867.0,0.1479679740549306,0.8257829127394345,"Idaho County, Idaho",16787,54745,2059,16,49,16049,0.12265443497944838
16051,1891.0,88.0,360.0,13481.0,15820.0,0.11953223767383059,0.852149178255373,"Jefferson County, Idaho",31383,77491,3264,16,51,16051,0.10400535321670969
16053,1742.0,19.0,173.0,6012.0,7946.0,0.21922980115781526,0.7566070979108985,"Jerome County, Idaho",24474,67347,1311,16,53,16053,0.05356705074773229
16055,22113.0,424.0,1769.0,72059.0,96365.0,0.22947128106677736,0.747771493799616,"Kootenai County, Idaho",173396,71949,21597,16,55,16055,0.12455304620637155
16057,9039.0,153.0,600.0,10669.0,20461.0,0.44176726455207466,0.5214310151019012,"Latah County, Idaho",39872,62258,6316,16,57,16057,0.15840690208667738
16059,1038.0,22.0,98.0,3716.0,4874.0,0.21296676241280263,0.7624128026261797,"Lemhi County, Idaho",8043,49216,811,16,59,16059,0.10083302250404078
16061,305.0,4.0,34.0,1503.0,1846.0,0.16522210184182015,0.814192849404117,"Lewis County, Idaho",3630,46484,329,16,61,16061,0.090633608815427
16063,392.0,6.0,53.0,1466.0,1917.0,0.20448617631716223,0.764736567553469,"Lincoln County, Idaho",5203,62250,217,16,63,16063,0.0417067076686527
16065,2767.0,136.0,535.0,13925.0,17363.0,0.15936186142947648,0.801992743189541,"Madison County, Idaho",52487,53025,4845,16,65,16065,0.09230857164631243
16067,1373.0,23.0,151.0,6401.0,7948.0,0.17274786109713136,0.8053598389531957,"Minidoka County, Idaho",21626,63594,1213,16,67,16067,0.05608989179691112
16069,5928.0,80.0,420.0,13707.0,20135.0,0.29441271417928977,0.6807549043953315,"Nez Perce County, Idaho",42200,65023,5147,16,69,16069,0.12196682464454976
16071,253.0,9.0,76.0,2119.0,2457.0,0.10297110297110297,0.8624338624338624,"Oneida County, Idaho",4572,67383,525,16,71,16071,0.11482939632545931
16073,756.0,13.0,80.0,4101.0,4950.0,0.15272727272727274,0.8284848484848485,"Owyhee County, Idaho",12043,58440,847,16,73,16073,0.07033131279581499
16075,2064.0,25.0,214.0,9458.0,11761.0,0.17549528101351927,0.8041833177450897,"Payette County, Idaho",25571,62721,2481,16,75,16075,0.09702397246881232
16077,785.0,11.0,79.0,2146.0,3021.0,0.2598477325388944,0.7103608076795763,"Power County, Idaho",7918,56671,473,16,77,16077,0.0597373074008588
16079,1472.0,23.0,137.0,4500.0,6132.0,0.2400521852576647,0.7338551859099804,"Shoshone County, Idaho",13399,44807,675,16,79,16079,0.05037689379804463
16081,3463.0,37.0,193.0,3005.0,6698.0,0.5170200059719319,0.4486413854882054,"Teton County, Idaho",11813,88906,2754,16,81,16081,0.2331329890798273
16083,9064.0,179.0,836.0,27304.0,37383.0,0.24246315169997057,0.7303854693309794,"Twin Falls County, Idaho",90592,61183,8180,16,83,16083,0.09029494878134935
16085,2869.0,35.0,122.0,4214.0,7240.0,0.3962707182320442,0.5820441988950277,"Valley County, Idaho",11830,72878,2184,16,85,16085,0.18461538461538463
16087,1010.0,14.0,102.0,4429.0,5555.0,0.18181818181818182,0.7972997299729973,"Washington County, Idaho",10612,50046,863,16,87,16087,0.0813230305314738
17001,8111.0,9.0,485.0,23161.0,31766.0,0.2553358937228483,0.7291128879934521,"Adams County, Illinois",65583,63767,8164,17,1,17001,0.12448347895033773
17003,904.0,0.0,26.0,1341.0,2271.0,0.3980625275209159,0.5904887714663144,"Alexander County, Illinois",5261,40365,222,17,3,17003,0.04219730089336628
17005,2117.0,2.0,180.0,5692.0,7991.0,0.2649230384182205,0.7123013390063822,"Bond County, Illinois",16750,58617,1404,17,5,17005,0.08382089552238806
17007,10159.0,8.0,416.0,13673.0,24256.0,0.4188242084432718,0.5636955804749341,"Boone County, Illinois",53459,80502,5325,17,7,17007,0.09960904618492676
17009,467.0,0.0,50.0,1938.0,2455.0,0.19022403258655804,0.7894093686354379,"Brown County, Illinois",6334,64760,496,17,9,17009,0.07830754657404483
17011,5900.0,1.0,314.0,9784.0,15999.0,0.3687730483155197,0.6115382211388212,"Bureau County, Illinois",33203,64165,3356,17,11,17011,0.10107520404782701
17013,560.0,0.0,61.0,2059.0,2680.0,0.208955223880597,0.7682835820895523,"Calhoun County, Illinois",4472,88059,452,17,13,17013,0.10107334525939177
17015,2600.0,1.0,157.0,5082.0,7840.0,0.33163265306122447,0.6482142857142857,"Carroll County, Illinois",15594,61539,1553,17,15,17015,0.0995895857381044
17017,1438.0,0.0,91.0,3712.0,5241.0,0.27437511925205116,0.7082617821026521,"Cass County, Illinois",12955,64826,1249,17,17,17017,0.09641065225781552
17019,54314.0,108.0,2194.0,32965.0,89581.0,0.6063116062557908,0.36799098023018273,"Champaign County, Illinois",206525,61090,24912,17,19,17019,0.12062462171649921
17021,4026.0,5.0,236.0,11278.0,15545.0,0.2589900289482149,0.7255065937600514,"Christian County, Illinois",33893,56933,2981,17,21,17021,0.08795326468592335
17023,1927.0,1.0,148.0,6130.0,8206.0,0.23482817450645868,0.7470143797221546,"Clark County, Illinois",15467,65874,1790,17,23,17023,0.11573026443395616
17025,1054.0,1.0,104.0,5610.0,6769.0,0.15570985374501403,0.828778253804107,"Clay County, Illinois",13248,58028,890,17,25,17025,0.06717995169082126
17027,4447.0,4.0,372.0,14407.0,19230.0,0.2312532501300052,0.7491939677587104,"Clinton County, Illinois",36998,78054,4352,17,27,17027,0.11762797989080491
17029,7495.0,14.0,392.0,13606.0,21507.0,0.3484911889152369,0.6326312363416562,"Coles County, Illinois",47076,53732,4881,17,29,17029,0.10368340555697171
17031,1447821.0,1306.0,46260.0,583852.0,2079239.0,0.6963225487786637,0.28080081222024017,"Cook County, Illinois",5225367,78304,874091,17,31,17031,0.1672783940343329
17033,2048.0,3.0,157.0,6727.0,8935.0,0.22921096810296587,0.7528819250139899,"Crawford County, Illinois",18729,64163,1669,17,33,17033,0.08911314005018954
17035,1059.0,0.0,83.0,4627.0,5769.0,0.18356734269370775,0.8020454151499393,"Cumberland County, Illinois",10447,71274,884,17,35,17035,0.08461759356753135
17037,23648.0,48.0,989.0,22716.0,47401.0,0.49889242842978,0.4792303959832071,"DeKalb County, Illinois",100686,68617,12450,17,37,17037,0.12365174900184733
17039,2058.0,17.0,154.0,5529.0,7758.0,0.2652745552977572,0.7126836813611755,"De Witt County, Illinois",15535,61823,1586,17,39,17039,0.10209205020920502
17041,2198.0,1.0,135.0,6076.0,8410.0,0.26135552913198573,0.7224732461355529,"Douglas County, Illinois",19714,67177,1847,17,41,17041,0.09368976361976261
17043,251164.0,466.0,14009.0,191243.0,456882.0,0.549734942501565,0.41858291637665745,"DuPage County, Illinois",930559,107035,195110,17,43,17043,0.20966967167046904
17045,1816.0,4.0,137.0,5955.0,7912.0,0.2295247724974722,0.7526541961577351,"Edgar County, Illinois",16852,56687,1661,17,45,17045,0.09856396866840732
17047,457.0,0.0,38.0,2794.0,3289.0,0.13894800851322592,0.8494983277591973,"Edwards County, Illinois",6182,60784,436,17,47,17047,0.07052733743125202
17049,3617.0,6.0,337.0,15124.0,19084.0,0.1895304967512052,0.7924963320058688,"Effingham County, Illinois",34594,73181,4213,17,49,17049,0.12178412441463837
17051,1632.0,0.0,122.0,7847.0,9601.0,0.1699822935110926,0.8173106968024164,"Fayette County, Illinois",21464,51962,1629,17,51,17051,0.07589452105851659
17053,1643.0,0.0,132.0,4778.0,6553.0,0.2507248588432779,0.729131695406684,"Ford County, Illinois",13484,58930,1102,17,53,17053,0.08172649065559182
17055,4257.0,3.0,232.0,13200.0,17692.0,0.24061722812570654,0.7460999321727334,"Franklin County, Illinois",37810,51031,3286,17,55,17055,0.08690822533721237
17057,5980.0,0.0,337.0,9827.0,16144.0,0.370416253716551,0.608709117938553,"Fulton County, Illinois",33691,57223,2980,17,57,17057,0.08845092161111276
17059,561.0,0.0,46.0,1923.0,2530.0,0.2217391304347826,0.7600790513833993,"Gallatin County, Illinois",4967,51868,276,17,59,17059,0.055566740487215625
17061,1220.0,0.0,117.0,4719.0,6056.0,0.20145310435931307,0.7792272126816381,"Greene County, Illinois",12015,58900,909,17,61,17061,0.07565543071161049
17063,9143.0,18.0,431.0,16997.0,26589.0,0.34386400391139194,0.6392493136259355,"Grundy County, Illinois",52624,89993,5864,17,63,17063,0.11143204621465491
17065,739.0,0.0,57.0,3385.0,4181.0,0.1767519732121502,0.8096149246591724,"Hamilton County, Illinois",8008,60574,565,17,65,17065,0.07055444555444555
17067,2183.0,4.0,170.0,6708.0,9065.0,0.24081632653061225,0.7399889685603971,"Hancock County, Illinois",17582,61026,2154,17,67,17067,0.12251165965191674
17069,357.0,0.0,23.0,1546.0,1926.0,0.1853582554517134,0.8026998961578401,"Hardin County, Illinois",3665,53026,201,17,69,17069,0.054843110504774896
17071,1026.0,2.0,67.0,2369.0,3464.0,0.29618937644341803,0.683891454965358,"Henderson County, Illinois",6374,64946,743,17,71,17071,0.11656730467524318
17073,9226.0,15.0,492.0,15359.0,25092.0,0.3676869121632393,0.6121074446038578,"Henry County, Illinois",49157,66313,5767,17,73,17073,0.11731798116239803
17075,2747.0,3.0,198.0,10376.0,13324.0,0.20616931852296608,0.7787451215851096,"Iroquois County, Illinois",27043,62866,2502,17,75,17075,0.09251932108124099
17077,11394.0,22.0,435.0,10614.0,22465.0,0.5071889606053862,0.47246828399732915,"Jackson County, Illinois",53176,44847,5608,17,77,17077,0.10546111027531217
17079,912.0,3.0,61.0,4449.0,5425.0,0.16811059907834103,0.8200921658986176,"Jasper County, Illinois",9295,67429,972,17,79,17079,0.10457235072619687
17081,4240.0,0.0,233.0,12189.0,16662.0,0.25447125195054615,0.7315448325531149,"Jefferson County, Illinois",37043,58384,2993,17,81,17081,0.08079799152336474
17083,2816.0,3.0,191.0,8684.0,11694.0,0.24080725158200786,0.7426030442962203,"Jersey County, Illinois",21462,77607,2037,17,83,17083,0.0949119373776908
17085,5051.0,8.0,219.0,7136.0,12414.0,0.406879329788948,0.57483486386338,"Jo Daviess County, Illinois",21942,67729,3010,17,85,17085,0.13717983775407894
17087,1241.0,0.0,64.0,4798.0,6103.0,0.20334261838440112,0.7861707357037523,"Johnson County, Illinois",13313,63295,1116,17,87,17087,0.08382783745211447
17089,120077.0,170.0,4027.0,99260.0,223534.0,0.5371755527123391,0.44404878005135684,"Kane County, Illinois",517254,96400,79861,17,89,17089,0.1543941661156801
17091,18399.0,0.0,885.0,28285.0,47569.0,0.3867855115726629,0.5946099350417289,"Kankakee County, Illinois",107421,65489,8806,17,91,17091,0.08197652228149058
17093,32977.0,47.0,1403.0,31970.0,66397.0,0.4966640059038812,0.48149765802671807,"Kendall County, Illinois",132795,106358,19178,17,93,17093,0.14441808803042283
17095,9838.0,3.0,433.0,11917.0,22191.0,0.4433328827001938,0.537019512414943,"Knox County, Illinois",49751,50263,4754,17,95,17095,0.0955558682237543
17097,184642.0,261.0,5608.0,120402.0,310913.0,0.593870310987318,0.3872530257660503,"Lake County, Illinois",713159,104553,128444,17,97,17097,0.1801056987291754
17099,21029.0,23.0,739.0,30717.0,52508.0,0.40049135369848404,0.5849965719509408,"LaSalle County, Illinois",109495,67942,9511,17,99,17099,0.08686241380884972
17101,1283.0,5.0,107.0,4715.0,6110.0,0.2099836333878887,0.7716857610474632,"Lawrence County, Illinois",15302,55811,1011,17,101,17101,0.06606979479806561
17103,6105.0,4.0,324.0,9680.0,16113.0,0.37888661329361384,0.6007571526096941,"Lee County, Illinois",34221,64588,3046,17,103,17103,0.08900967242336577
17105,4311.0,1.0,267.0,11970.0,16549.0,0.26049912381412776,0.7233065442020666,"Livingston County, Illinois",35771,68175,3100,17,105,17105,0.08666238014033714
17107,3543.0,6.0,258.0,8757.0,12564.0,0.2819961795606495,0.6969914040114613,"Logan County, Illinois",28027,62547,2695,17,107,17107,0.09615727691154957
17109,4736.0,14.0,235.0,6987.0,11972.0,0.39558970932175075,0.583611760775142,"McDonough County, Illinois",27370,48904,2678,17,109,17109,0.0978443551333577
17111,75370.0,146.0,2834.0,83933.0,162283.0,0.46443558475009705,0.5172014320662053,"McHenry County, Illinois",311133,100101,49733,17,111,17111,0.15984482520336962
17113,44495.0,72.0,1665.0,40290.0,86522.0,0.5142622685559742,0.465661912577148,"McLean County, Illinois",171284,75356,32113,17,113,17113,0.18748394479344246
17115,18009.0,32.0,738.0,26562.0,45341.0,0.3971901810723186,0.5858273968372996,"Macon County, Illinois",103542,59622,11357,17,115,17115,0.10968495876069614
17117,6892.0,5.0,463.0,16065.0,23425.0,0.2942155816435432,0.6858057630736393,"Macoupin County, Illinois",44907,64706,4294,17,117,17117,0.09561983655109449
17119,56341.0,88.0,2718.0,73925.0,133072.0,0.4233873391848022,0.5555263316099555,"Madison County, Illinois",265512,71759,34114,17,119,17119,0.12848383500557414
17121,4116.0,1.0,236.0,12409.0,16762.0,0.24555542298055125,0.7403054528099272,"Marion County, Illinois",37543,59099,2877,17,121,17121,0.07663212849266175
17123,1913.0,0.0,95.0,4119.0,6127.0,0.3122245797290681,0.6722702790925412,"Marshall County, Illinois",11740,64940,1065,17,123,17123,0.09071550255536627
17125,1773.0,3.0,134.0,4464.0,6374.0,0.2781612802008158,0.7003451521807342,"Mason County, Illinois",13074,58479,1154,17,125,17125,0.08826678904696345
17127,1683.0,0.0,54.0,4939.0,6676.0,0.2520970641102457,0.7398142600359496,"Massac County, Illinois",14135,57365,1021,17,127,17127,0.07223204810753449
17129,1834.0,0.0,98.0,4499.0,6431.0,0.2851811537863474,0.6995801586067486,"Menard County, Illinois",12284,84846,1355,17,129,17129,0.11030608922175188
17131,2950.0,0.0,181.0,5215.0,8346.0,0.35346273664030675,0.6248502276539659,"Mercer County, Illinois",15692,67028,1285,17,131,17131,0.08188886056589345
17133,6473.0,5.0,369.0,14055.0,20902.0,0.30968328389627786,0.6724236915127739,"Monroe County, Illinois",34905,100685,5921,17,133,17133,0.16963185790001434
17135,3573.0,5.0,247.0,9378.0,13203.0,0.27062031356509886,0.7102931152010906,"Montgomery County, Illinois",28352,61796,2389,17,135,17135,0.08426213318284424
17137,4848.0,10.0,212.0,9607.0,14677.0,0.3303127342099884,0.6545615589016829,"Morgan County, Illinois",32882,61188,3509,17,137,17137,0.10671492001703059
17139,1615.0,0.0,97.0,4816.0,6528.0,0.24739583333333334,0.7377450980392157,"Moultrie County, Illinois",14531,72833,1365,17,139,17139,0.09393709999311817
17141,8883.0,24.0,442.0,16450.0,25799.0,0.3443156711500446,0.6376216132408233,"Ogle County, Illinois",51672,75782,5486,17,141,17141,0.10616968570986221
17143,40564.0,0.0,1678.0,36896.0,79138.0,0.5125729737926155,0.4662235588465718,"Peoria County, Illinois",181186,63409,24988,17,143,17143,0.13791352532756393
17145,2146.0,3.0,150.0,6949.0,9248.0,0.2320501730103806,0.7514057093425606,"Perry County, Illinois",20996,56338,1133,17,145,17145,0.0539626595542008
17147,3204.0,6.0,194.0,6104.0,9508.0,0.33697938578039544,0.6419856962557846,"Piatt County, Illinois",16698,81151,2318,17,147,17147,0.13881902024194515
17149,1302.0,1.0,120.0,6086.0,7509.0,0.17339192968437875,0.8104940737781329,"Pike County, Illinois",14776,55514,1357,17,149,17149,0.09183811586356254
17151,416.0,0.0,19.0,1698.0,2133.0,0.19503047351148617,0.7960618846694796,"Pope County, Illinois",3799,57582,303,17,151,17151,0.07975783100816004
17153,769.0,0.0,29.0,1583.0,2381.0,0.3229735405291894,0.6648467030659386,"Pulaski County, Illinois",5177,41038,325,17,153,17153,0.06277767046552057
17155,1254.0,0.0,66.0,2014.0,3334.0,0.376124775044991,0.6040791841631674,"Putnam County, Illinois",5628,75726,620,17,155,17155,0.11016346837242359
17157,3461.0,0.0,248.0,10624.0,14333.0,0.24147073187748552,0.7412265401520965,"Randolph County, Illinois",30413,63860,1891,17,157,17157,0.062177358366488016
17159,1747.0,7.0,112.0,5889.0,7755.0,0.22527401676337847,0.7593810444874275,"Richland County, Illinois",15716,61607,1370,17,159,17159,0.08717230847543904
17161,34126.0,32.0,1239.0,28061.0,63458.0,0.537773015222667,0.44219798922121717,"Rock Island County, Illinois",143819,64435,15122,17,161,17161,0.10514605163434596
17163,63433.0,67.0,2441.0,54021.0,119962.0,0.5287757789966823,0.45031760057351494,"St. Clair County, Illinois",256791,68915,31097,17,163,17163,0.12109848086576243
17165,2634.0,0.0,141.0,7830.0,10605.0,0.24837340876944838,0.7383309759547383,"Saline County, Illinois",23662,51710,2439,17,165,17165,0.10307666300397261
17167,46074.0,66.0,2052.0,50979.0,99171.0,0.4645914632301782,0.5140514868257857,"Sangamon County, Illinois",196122,71653,28222,17,167,17167,0.1439002253699228
17169,961.0,2.0,76.0,2720.0,3759.0,0.2556530992285182,0.7235967012503325,"Schuyler County, Illinois",6879,63737,592,17,169,17169,0.08605902020642535
17171,488.0,0.0,28.0,2071.0,2587.0,0.18863548511789718,0.8005411673753382,"Scott County, Illinois",4899,70500,594,17,171,17171,0.12124923453766075
17173,2240.0,2.0,161.0,9267.0,11670.0,0.1919451585261354,0.7940874035989717,"Shelby County, Illinois",21042,65585,1986,17,173,17173,0.0943826632449387
17175,725.0,0.0,53.0,1983.0,2761.0,0.2625860195581311,0.7182180369431366,"Stark County, Illinois",5395,58125,524,17,175,17175,0.09712696941612604
17177,8278.0,13.0,357.0,12347.0,20995.0,0.39428435341748036,0.5880924029530841,"Stephenson County, Illinois",44482,57527,4130,17,177,17177,0.09284654466975406
17179,24325.0,0.0,1251.0,42451.0,68027.0,0.35757860849368633,0.624031634498067,"Tazewell County, Illinois",131276,74606,17268,17,179,17179,0.1315396569060605
17181,2285.0,0.0,104.0,5837.0,8226.0,0.2777777777777778,0.7095793824459032,"Union County, Illinois",17122,54090,1845,17,181,17181,0.10775610325896508
17183,9254.0,8.0,510.0,19777.0,29549.0,0.31317472672510066,0.6692950692070798,"Vermilion County, Illinois",74113,52787,4973,17,183,17183,0.06710023882449773
17185,1200.0,0.0,82.0,4095.0,5377.0,0.22317277292170354,0.7615770875953134,"Wabash County, Illinois",11321,54074,934,17,185,17185,0.08250154579984101
17187,2711.0,5.0,152.0,4579.0,7447.0,0.36403921042030346,0.6148784745535115,"Warren County, Illinois",16760,62700,1545,17,187,17187,0.09218377088305489
17189,1564.0,0.0,106.0,5892.0,7562.0,0.20682359164242264,0.7791589526580269,"Washington County, Illinois",13781,75111,1495,17,189,17189,0.10848269356360206
17191,1155.0,0.0,101.0,7019.0,8275.0,0.13957703927492446,0.8482175226586103,"Wayne County, Illinois",16127,53522,1205,17,191,17191,0.07471941464624543
17193,1390.0,0.0,91.0,5586.0,7067.0,0.19668883543229093,0.7904344134710627,"White County, Illinois",13834,54605,997,17,193,17193,0.07206881596067659
17195,11012.0,8.0,529.0,14898.0,26447.0,0.41637992967066206,0.563315309865013,"Whiteside County, Illinois",55569,62828,4612,17,195,17195,0.08299591498857277
17197,162874.0,230.0,6828.0,157672.0,327604.0,0.49716731175443524,0.48128838475720687,"Will County, Illinois",696774,103678,105392,17,197,17197,0.15125707905289232
17199,9890.0,15.0,477.0,22686.0,33068.0,0.29908068223055523,0.6860408854481674,"Williamson County, Illinois",67120,60325,7790,17,199,17199,0.11606078665077472
17201,59942.0,34.0,2114.0,59257.0,121347.0,0.49397183284300394,0.48832686428177047,"Winnebago County, Illinois",284591,61738,29684,17,201,17201,0.10430407145693293
17203,5958.0,0.0,328.0,14837.0,21123.0,0.28206220707285895,0.7024096955924821,"Woodford County, Illinois",38414,80093,5778,17,203,17203,0.15041391159473108
18001,3179.0,102.0,157.0,10528.0,13966.0,0.2276242302735214,0.7538307317771731,"Adams County, Indiana",35827,61731,2340,18,1,18001,0.06531386942808497
18003,69960.0,1242.0,1678.0,90283.0,163163.0,0.42877368030742263,0.5533301054773447,"Allen County, Indiana",385456,66222,51044,18,3,18003,0.13242497198123782
18005,12525.0,301.0,442.0,22220.0,35488.0,0.35293620378719565,0.6261271415689811,"Bartholomew County, Indiana",82371,76912,11174,18,5,18005,0.1356545386118901
18007,1010.0,22.0,49.0,2873.0,3954.0,0.25543753161355587,0.7266059686393526,"Benton County, Indiana",8709,58620,872,18,7,18007,0.10012630612010563
18009,1227.0,26.0,72.0,3811.0,5136.0,0.2389018691588785,0.7420171339563862,"Blackford County, Indiana",12074,51108,779,18,9,18009,0.06451880072883882
18011,16426.0,406.0,437.0,22840.0,40109.0,0.40953401979605575,0.5694482535091875,"Boone County, Indiana",71235,103038,14669,18,11,18011,0.20592405418684637
18013,2832.0,65.0,83.0,5647.0,8627.0,0.3282717051118581,0.6545728526718442,"Brown County, Indiana",15513,73933,2015,18,13,18013,0.12989105911171275
18015,2120.0,48.0,114.0,6902.0,9184.0,0.2308362369337979,0.7515243902439024,"Carroll County, Indiana",20397,61464,1565,18,15,18015,0.07672696965239986
18017,3722.0,71.0,135.0,10285.0,14213.0,0.26187293323014144,0.7236332934637304,"Cass County, Indiana",37820,55862,2599,18,17,18017,0.06872025383395029
18019,22810.0,365.0,703.0,34734.0,58612.0,0.38916945335426195,0.5926090220432676,"Clark County, Indiana",121484,69005,14075,18,19,18019,0.11585887853544499
18021,2495.0,61.0,145.0,9354.0,12055.0,0.20696806304437992,0.7759435918705931,"Clay County, Indiana",26396,68364,2202,18,21,18021,0.08342173056523716
18023,3135.0,85.0,122.0,9108.0,12450.0,0.25180722891566265,0.7315662650602409,"Clinton County, Indiana",33020,59515,2293,18,23,18023,0.069442761962447
18025,1235.0,34.0,74.0,3668.0,5011.0,0.24645779285571742,0.7319896228297745,"Crawford County, Indiana",10511,46706,587,18,25,18025,0.05584625630292075
18027,1963.0,55.0,109.0,9322.0,11449.0,0.17145602236003143,0.8142195824962879,"Daviess County, Indiana",33337,64113,2232,18,27,18027,0.06695263521012688
18029,5335.0,161.0,260.0,20844.0,26600.0,0.20056390977443608,0.783609022556391,"Dearborn County, Indiana",50709,80352,5821,18,29,18029,0.11479224595239504
18031,2406.0,68.0,146.0,9491.0,12111.0,0.19866237304929402,0.7836677400710098,"Decatur County, Indiana",26432,71566,2753,18,31,18031,0.10415405569007263
18033,5064.0,126.0,225.0,14377.0,19792.0,0.25586095392077607,0.7264046079223929,"DeKalb County, Indiana",43312,68110,3936,18,33,18033,0.09087550794237163
18035,18848.0,311.0,558.0,26067.0,45784.0,0.4116721998951599,0.569347370260353,"Delaware County, Indiana",112156,53377,10495,18,35,18035,0.09357502050715076
18037,5944.0,160.0,337.0,14983.0,21424.0,0.27744585511575803,0.6993558625840179,"Dubois County, Indiana",43584,68945,5105,18,37,18037,0.11713013950073421
18039,23082.0,409.0,622.0,45652.0,69765.0,0.3308535798752956,0.6543682362216011,"Elkhart County, Indiana",206841,63978,17339,18,39,18039,0.08382767439724233
18041,2084.0,42.0,87.0,7625.0,9838.0,0.2118316731042895,0.7750559056718845,"Fayette County, Indiana",23391,52219,1863,18,41,18041,0.07964601769911504
18043,17025.0,294.0,454.0,23408.0,41181.0,0.41341880964522476,0.5684174740778515,"Floyd County, Indiana",80191,75686,10841,18,43,18043,0.1351897345088601
18045,1526.0,56.0,89.0,6311.0,7982.0,0.19118015534953645,0.7906539714357304,"Fountain County, Indiana",16468,60559,1011,18,45,18045,0.06139179013845033
18047,2061.0,64.0,99.0,9810.0,12034.0,0.17126474987535317,0.8151902941665282,"Franklin County, Indiana",22850,75985,2090,18,47,18047,0.09146608315098469
18049,2097.0,45.0,79.0,6633.0,8854.0,0.23684210526315788,0.7491529252315338,"Fulton County, Indiana",20420,62644,1707,18,49,18049,0.0835945151811949
18051,3722.0,96.0,187.0,11896.0,15901.0,0.23407332872146405,0.7481290484875165,"Gibson County, Indiana",33006,64153,2907,18,51,18051,0.08807489547355027
18053,7083.0,202.0,291.0,17580.0,25156.0,0.2815630465892829,0.698839243122913,"Grant County, Indiana",66560,53033,4783,18,53,18053,0.07185997596153847
18055,3270.0,82.0,149.0,11132.0,14633.0,0.22346750495455478,0.7607462584569125,"Greene County, Indiana",30900,57771,2434,18,55,18055,0.07877022653721683
18057,90394.0,1817.0,2198.0,102318.0,196727.0,0.45948954642728246,0.5201014603994368,"Hamilton County, Indiana",349527,114866,87064,18,57,18057,0.2490909142927442
18059,14312.0,375.0,475.0,29288.0,44450.0,0.32197975253093364,0.6588976377952755,"Hancock County, Indiana",80170,85262,12440,18,59,18059,0.15517026319071972
18061,5233.0,115.0,270.0,14830.0,20448.0,0.2559174491392801,0.725254303599374,"Harrison County, Indiana",39684,71302,3825,18,61,18061,0.0963864529785304
18063,31917.0,685.0,804.0,49783.0,83189.0,0.3836685138660159,0.598432485064131,"Hendricks County, Indiana",175639,95261,30424,18,63,18063,0.17321893201396046
18065,5208.0,122.0,241.0,15033.0,20604.0,0.25276645311589985,0.7296156086196856,"Henry County, Indiana",48913,57632,4026,18,65,18065,0.08230940649725021
18067,12197.0,268.0,448.0,25871.0,38784.0,0.31448535478547857,0.6670534240924092,"Howard County, Indiana",83452,62014,7700,18,67,18067,0.0922686095000719
18069,4416.0,123.0,206.0,12990.0,17735.0,0.24899915421482943,0.7324499577107415,"Huntington County, Indiana",36699,59894,3695,18,69,18069,0.10068394234175318
18071,4015.0,109.0,207.0,14323.0,18654.0,0.21523533826525143,0.76782459526107,"Jackson County, Indiana",46212,65609,3867,18,71,18071,0.0836795637496754
18073,3489.0,75.0,180.0,12082.0,15826.0,0.2204600025274864,0.7634272715784153,"Jasper County, Indiana",33045,77777,2873,18,73,18073,0.08694204872144046
18075,1747.0,40.0,99.0,6217.0,8103.0,0.21559916080464026,0.7672466987535481,"Jay County, Indiana",20451,52231,1022,18,75,18075,0.04997310644956237
18077,4442.0,86.0,185.0,9614.0,14327.0,0.3100439729182662,0.671040692398967,"Jefferson County, Indiana",33057,57801,2572,18,77,18077,0.07780500347883958
18079,2328.0,64.0,144.0,9273.0,11809.0,0.19713777627233467,0.7852485392497248,"Jennings County, Indiana",27610,66892,1848,18,79,18079,0.06693227091633466
18081,24880.0,596.0,768.0,51588.0,77832.0,0.31966286360365914,0.6628122109158187,"Johnson County, Indiana",161952,82730,22035,18,81,18081,0.13605883224659157
18083,3625.0,86.0,163.0,11236.0,15110.0,0.2399073461283918,0.7436135009927201,"Knox County, Indiana",36148,58173,2815,18,83,18083,0.07787429456678101
18085,7995.0,283.0,405.0,26213.0,34896.0,0.22910935350756534,0.7511749197615772,"Kosciusko County, Indiana",80442,70945,8312,18,85,18085,0.10332910668556226
18087,2162.0,65.0,111.0,8073.0,10411.0,0.20766496974354048,0.7754298338296033,"LaGrange County, Indiana",40364,81658,1652,18,87,18087,0.04092755921117828
18089,109086.0,1094.0,2101.0,97270.0,209551.0,0.5205701714618398,0.46418294353164624,"Lake County, Indiana",497682,66375,54950,18,89,18089,0.11041186942666201
18091,20007.0,297.0,523.0,26726.0,47553.0,0.4207305532773957,0.5620255294092907,"LaPorte County, Indiana",112215,66854,11189,18,91,18091,0.09971037740052578
18093,5010.0,137.0,243.0,15830.0,21220.0,0.2360980207351555,0.7459943449575872,"Lawrence County, Indiana",45113,64210,3565,18,93,18093,0.07902378471837386
18095,19824.0,350.0,719.0,34837.0,55730.0,0.3557150547281536,0.6251031760272744,"Madison County, Indiana",130545,60060,11740,18,95,18095,0.08993067524608372
18097,221719.0,2768.0,3726.0,124327.0,352540.0,0.6289187042605094,0.3526606909854201,"Marion County, Indiana",971737,59504,136520,18,97,18097,0.14049068832410416
18099,5356.0,135.0,231.0,13837.0,19559.0,0.2738381307837824,0.7074492560969374,"Marshall County, Indiana",46208,66016,4012,18,99,18099,0.08682479224376731
18101,933.0,27.0,71.0,3961.0,4992.0,0.18689903846153846,0.7934695512820513,"Martin County, Indiana",9863,65489,651,18,101,18101,0.0660042583392477
18103,3046.0,77.0,184.0,10670.0,13977.0,0.2179294555340917,0.7633970093725406,"Miami County, Indiana",35952,59551,2731,18,103,18103,0.0759623943035158
18105,37213.0,424.0,615.0,21004.0,59256.0,0.6280039152153368,0.35446199540974754,"Monroe County, Indiana",140065,60308,19900,18,105,18105,0.14207689287116695
18107,4134.0,116.0,209.0,12122.0,16581.0,0.2493215125746336,0.7310777395814486,"Montgomery County, Indiana",38018,62937,3398,18,107,18107,0.08937871534536272
18109,7765.0,262.0,360.0,26965.0,35352.0,0.21964811043222449,0.7627574111789998,"Morgan County, Indiana",71757,79134,6802,18,109,18109,0.094792145714007
18111,1370.0,34.0,66.0,5131.0,6601.0,0.2075443114679594,0.777306468716861,"Newton County, Indiana",13829,63673,990,18,111,18111,0.07158869043314774
18113,4462.0,125.0,168.0,14209.0,18964.0,0.23528791394220627,0.749261759122548,"Noble County, Indiana",47431,70286,3931,18,113,18113,0.08287828635280724
18115,666.0,14.0,30.0,2381.0,3091.0,0.21546425105143965,0.7703008735037205,"Ohio County, Indiana",5974,66333,489,18,115,18115,0.08185470371610311
18117,1988.0,43.0,97.0,6467.0,8595.0,0.23129726585223967,0.752414194299011,"Orange County, Indiana",19768,60775,1279,18,117,18117,0.0647005261027924
18119,2354.0,65.0,97.0,7360.0,9876.0,0.23835560955852572,0.745240988254354,"Owen County, Indiana",21361,57947,1649,18,119,18119,0.07719676045128973
18121,1371.0,29.0,96.0,5158.0,6654.0,0.2060414788097385,0.7751728283739104,"Parke County, Indiana",16327,63393,1027,18,121,18121,0.06290194156917989
18123,2970.0,37.0,110.0,5549.0,8666.0,0.34271867066697437,0.6403184860373875,"Perry County, Indiana",19186,58936,1541,18,123,18123,0.08031898259147295
18125,1314.0,31.0,54.0,4610.0,6009.0,0.21867199201198204,0.7671825594940922,"Pike County, Indiana",12227,64182,799,18,125,18125,0.06534718246503639
18127,37213.0,635.0,1012.0,46109.0,84969.0,0.437959726488484,0.5426567336322659,"Porter County, Indiana",173355,82915,22294,18,127,18127,0.12860315537480893
18129,3572.0,66.0,134.0,9206.0,12978.0,0.27523501309909076,0.7093542918785637,"Posey County, Indiana",25226,75594,3022,18,129,18129,0.11979703480535955
18131,1280.0,33.0,78.0,4372.0,5763.0,0.22210654173173694,0.758632656602464,"Pulaski County, Indiana",12498,56823,769,18,131,18131,0.06152984477516402
18133,3871.0,102.0,195.0,12566.0,16734.0,0.2313254452013864,0.7509262579180113,"Putnam County, Indiana",36942,70609,3194,18,133,18133,0.08645985599047155
18135,2349.0,69.0,127.0,8008.0,10553.0,0.2225907324931299,0.7588363498531223,"Randolph County, Indiana",24586,59674,1598,18,135,18135,0.06499633938013503
18137,2682.0,63.0,134.0,11526.0,14405.0,0.1861853523082263,0.8001388406803194,"Ripley County, Indiana",28990,70285,2105,18,137,18137,0.07261124525698517
18139,1675.0,60.0,109.0,5812.0,7656.0,0.2187826541274817,0.7591431556948798,"Rush County, Indiana",16716,62386,1211,18,139,18139,0.07244556113902847
18141,55215.0,680.0,1343.0,53585.0,110823.0,0.4982269023578138,0.4835187641554551,"St. Joseph County, Indiana",272388,61877,34030,18,141,18141,0.12493208217689472
18143,2389.0,39.0,126.0,7633.0,10187.0,0.2345145774025719,0.7492883086286444,"Scott County, Indiana",24403,49343,1324,18,143,18143,0.05425562430848666
18145,4955.0,138.0,223.0,14438.0,19754.0,0.25083527386858356,0.7308899463399817,"Shelby County, Indiana",44940,66449,4206,18,145,18145,0.09359145527369826
18147,2853.0,76.0,149.0,7364.0,10442.0,0.2732235203983911,0.705228883355679,"Spencer County, Indiana",19935,66168,1752,18,147,18147,0.08788562829194883
18149,2436.0,56.0,97.0,7889.0,10478.0,0.23248711586180568,0.7529108608513075,"Starke County, Indiana",23308,59916,1397,18,149,18149,0.059936502488416
18151,4598.0,121.0,158.0,11487.0,16364.0,0.28098264483011487,0.7019677340503544,"Steuben County, Indiana",34507,68837,3772,18,151,18151,0.10931115425855624
18153,2006.0,36.0,114.0,6639.0,8795.0,0.22808413871517907,0.7548607163160886,"Sullivan County, Indiana",20791,54556,1413,18,153,18153,0.0679620989851378
18155,873.0,12.0,54.0,3319.0,4258.0,0.20502583372475341,0.7794739314232034,"Switzerland County, Indiana",9896,66525,558,18,155,18155,0.05638641875505255
18157,32683.0,612.0,828.0,32783.0,66906.0,0.48849131617493197,0.48998595043792786,"Tippecanoe County, Indiana",186955,55728,22967,18,157,18157,0.12284774410954508
18159,1893.0,52.0,85.0,5946.0,7976.0,0.2373370110330993,0.7454864593781344,"Tipton County, Indiana",15328,71947,1887,18,159,18159,0.1231080375782881
18161,746.0,21.0,29.0,2698.0,3494.0,0.21350887235260446,0.772180881511162,"Union County, Indiana",7041,68514,721,18,161,18161,0.1024002272404488
18163,31727.0,400.0,649.0,41056.0,73832.0,0.4297188211073789,0.556073247372413,"Vanderburgh County, Indiana",179900,58839,22056,18,163,18163,0.12260144524735965
18165,1928.0,38.0,116.0,5174.0,7256.0,0.2657111356119074,0.7130650496141124,"Vermillion County, Indiana",15488,59567,1378,18,165,18165,0.08897210743801653
18167,16338.0,267.0,571.0,23738.0,40914.0,0.3993254142836193,0.5801925991103289,"Vigo County, Indiana",106355,52789,10353,18,167,18167,0.0973438014197734
18169,3335.0,68.0,133.0,10425.0,13961.0,0.23887973640856672,0.746723014110737,"Wabash County, Indiana",31032,66194,2930,18,169,18169,0.09441866460427946
18171,898.0,24.0,46.0,3402.0,4370.0,0.20549199084668193,0.7784897025171624,"Warren County, Indiana",8454,72833,822,18,171,18171,0.09723207948899928
18173,11292.0,182.0,348.0,21280.0,33102.0,0.3411274243248142,0.6428614585221437,"Warrick County, Indiana",64065,91105,9148,18,173,18173,0.1427924763911652
18175,2764.0,89.0,131.0,9739.0,12723.0,0.21724436060677513,0.7654641200974613,"Washington County, Indiana",28133,60695,2036,18,175,18175,0.07237052571712935
18177,8828.0,173.0,300.0,17526.0,26827.0,0.32907145785961905,0.6532970514779886,"Wayne County, Indiana",66522,54854,5351,18,177,18177,0.08043955383181504
18179,2850.0,112.0,142.0,11006.0,14110.0,0.20198440822111977,0.7800141743444365,"Wells County, Indiana",28167,68074,2590,18,179,18179,0.09195157453757943
18181,2945.0,89.0,160.0,7969.0,11163.0,0.2638179700797277,0.7138761981546179,"White County, Indiana",24630,65345,2131,18,181,18181,0.08652050345107593
18183,4275.0,139.0,204.0,13122.0,17740.0,0.24098083427282976,0.7396843291995491,"Whitley County, Indiana",34259,73636,3974,18,183,18183,0.11599871566595639
19001,2172.0,40.0,164.0,5832.0,8208.0,0.2646198830409357,0.7105263157894737,"Adair County, Iowa",7479,63172,755,19,1,19001,0.10094932477603957
19003,1152.0,18.0,102.0,3034.0,4306.0,0.2675336739433349,0.704598235020901,"Adams County, Iowa",3680,64750,442,19,3,19003,0.12010869565217391
19005,4700.0,56.0,350.0,9714.0,14820.0,0.31713900134952766,0.6554655870445344,"Allamakee County, Iowa",14046,64049,1319,19,5,19005,0.0939057382884807
19007,3372.0,44.0,246.0,9408.0,13070.0,0.2579954093343535,0.7198163733741393,"Appanoose County, Iowa",12279,50684,1223,19,7,19007,0.09960094470233732
19009,1940.0,16.0,188.0,4428.0,6572.0,0.2951917224589166,0.6737674984783932,"Audubon County, Iowa",5651,54973,648,19,9,19009,0.11466996991682887
19011,9478.0,130.0,480.0,19098.0,29186.0,0.3247447406290687,0.6543548276570958,"Benton County, Iowa",25652,79444,2879,19,11,19011,0.11223296429128334
19013,62598.0,496.0,2320.0,61144.0,126558.0,0.49461906793723037,0.48313026438470896,"Black Hawk County, Iowa",131041,62329,16143,19,13,19013,0.12319045184331621
19015,11790.0,160.0,692.0,18398.0,31040.0,0.3798324742268041,0.5927190721649485,"Boone County, Iowa",26700,75759,3658,19,15,19015,0.13700374531835205
19017,11142.0,130.0,476.0,17598.0,29346.0,0.3796769576773666,0.5996728685340421,"Bremer County, Iowa",25012,84727,3826,19,17,19017,0.15296657604349911
19019,7532.0,90.0,510.0,13580.0,21712.0,0.34690493736182754,0.6254605747973471,"Buchanan County, Iowa",20631,73493,2062,19,19,19019,0.099946682177306
19021,4924.0,44.0,294.0,9924.0,15186.0,0.32424601606743053,0.6534966416436191,"Buena Vista County, Iowa",20687,62662,1889,19,21,19021,0.09131338521776962
19023,4288.0,46.0,302.0,11568.0,16204.0,0.26462601826709453,0.7138978030116021,"Butler County, Iowa",14376,65743,1542,19,23,19023,0.10726210350584307
19025,2656.0,30.0,140.0,7416.0,10242.0,0.2593243507127514,0.7240773286467487,"Calhoun County, Iowa",9893,65614,1074,19,25,19025,0.10856160921863944
19027,6306.0,58.0,426.0,15628.0,22418.0,0.28129181907395845,0.697118387010438,"Carroll County, Iowa",20728,68041,2312,19,27,19027,0.11153994596680818
19029,4154.0,60.0,356.0,10014.0,14584.0,0.28483269336258915,0.6866428963247394,"Cass County, Iowa",13116,60815,1426,19,29,19029,0.10872217139371759
19031,8150.0,92.0,396.0,12780.0,21418.0,0.3805210570548137,0.5966943692221496,"Cedar County, Iowa",18479,76959,2013,19,31,19031,0.10893446615076574
19033,19910.0,206.0,934.0,25254.0,46304.0,0.42998445058742224,0.5453956461644782,"Cerro Gordo County, Iowa",42979,63149,5056,19,33,19033,0.11763884687870821
19035,3222.0,46.0,222.0,8796.0,12286.0,0.2622497151229041,0.7159368386781703,"Cherokee County, Iowa",11601,63638,1186,19,35,19035,0.10223256615808982
19037,3838.0,22.0,226.0,8468.0,12554.0,0.3057192926557273,0.6745260474749084,"Chickasaw County, Iowa",11957,72734,1150,19,37,19037,0.09617797106297567
19039,2530.0,20.0,274.0,6280.0,9104.0,0.2778998242530756,0.6898066783831283,"Clarke County, Iowa",9737,63120,611,19,39,19039,0.06275033377837116
19041,4734.0,66.0,324.0,12094.0,17218.0,0.2749448251829481,0.702404460448368,"Clay County, Iowa",16423,61756,2059,19,41,19041,0.12537295256652256
19043,6034.0,68.0,310.0,12510.0,18922.0,0.31888806680054965,0.6611351865553324,"Clayton County, Iowa",17123,60441,1573,19,43,19043,0.0918647433276879
19045,23679.0,182.0,998.0,27928.0,52787.0,0.44857635402655954,0.5290696573019872,"Clinton County, Iowa",46488,61080,4879,19,45,19045,0.10495181552228532
19047,3624.0,22.0,262.0,9302.0,13210.0,0.274337623012869,0.7041635124905374,"Crawford County, Iowa",16450,61188,1340,19,47,19047,0.08145896656534954
19049,58804.0,642.0,2466.0,64748.0,126660.0,0.46426654034422865,0.5111953260697931,"Dallas County, Iowa",100367,99533,22847,19,49,19049,0.22763458108740922
19051,1756.0,12.0,118.0,6054.0,7940.0,0.22115869017632242,0.7624685138539042,"Davis County, Iowa",9093,77176,782,19,51,19051,0.08600021994941164
19053,1914.0,26.0,146.0,5422.0,7508.0,0.2549280767181673,0.7221630261054874,"Decatur County, Iowa",7684,56068,685,19,53,19053,0.08914627798021864
19055,5956.0,102.0,396.0,13968.0,20422.0,0.29164626383312114,0.68396826951327,"Delaware County, Iowa",17523,75896,1638,19,55,19055,0.09347714432460195
19057,15870.0,160.0,724.0,21588.0,38342.0,0.4139064211569558,0.5630379218611444,"Des Moines County, Iowa",38824,58084,4164,19,57,19057,0.10725324541520709
19059,6594.0,68.0,426.0,15550.0,22638.0,0.2912801484230056,0.6868981358777277,"Dickinson County, Iowa",17692,72446,3246,19,59,19059,0.18347275604793126
19061,37961.0,406.0,1850.0,56448.0,96665.0,0.3927067708063932,0.5839548957740651,"Dubuque County, Iowa",98812,73495,14121,19,61,19061,0.14290774399870462
19063,2630.0,24.0,164.0,6844.0,9662.0,0.2722003725936659,0.7083419581867109,"Emmet County, Iowa",9349,64461,735,19,63,19063,0.07861803401433308
19065,6668.0,90.0,448.0,12650.0,19856.0,0.33581788879935537,0.6370870265914585,"Fayette County, Iowa",19519,56043,1684,19,65,19065,0.08627491162457093
19067,5564.0,58.0,298.0,9488.0,15408.0,0.3611111111111111,0.6157840083073728,"Floyd County, Iowa",15601,62356,1421,19,67,19067,0.09108390487789245
19069,2786.0,36.0,210.0,6862.0,9894.0,0.2815847988680008,0.6935516474631089,"Franklin County, Iowa",10015,62214,1053,19,69,19069,0.10514228657014478
19071,2046.0,30.0,130.0,5422.0,7628.0,0.26822233875196644,0.7108023072889355,"Fremont County, Iowa",6639,69375,765,19,71,19071,0.11522819701762313
19073,3206.0,48.0,260.0,6422.0,9936.0,0.3226650563607085,0.6463365539452496,"Greene County, Iowa",8801,56884,893,19,73,19073,0.10146574252925804
19075,4038.0,46.0,324.0,9996.0,14404.0,0.280338794779228,0.6939738961399611,"Grundy County, Iowa",12351,80701,1678,19,75,19075,0.13585944457938628
19077,4182.0,58.0,314.0,8892.0,13446.0,0.3110218652387327,0.6613119143239625,"Guthrie County, Iowa",10619,75795,1168,19,77,19077,0.10999152462567097
19079,4964.0,56.0,258.0,10008.0,15286.0,0.3247415936150726,0.6547167342666492,"Hamilton County, Iowa",14979,66685,1871,19,79,19079,0.12490820482008144
19081,3046.0,42.0,198.0,8672.0,11958.0,0.2547248703796621,0.7252048837598261,"Hancock County, Iowa",10790,67865,1262,19,81,19081,0.11696014828544948
19083,5106.0,54.0,336.0,11580.0,17076.0,0.2990161630358398,0.6781447645818693,"Hardin County, Iowa",16861,64656,1845,19,83,19083,0.10942411482118498
19085,4490.0,72.0,336.0,11132.0,16030.0,0.2800998128509046,0.6944479101684342,"Harrison County, Iowa",14623,75830,1529,19,85,19085,0.10456130752923477
19087,5990.0,64.0,414.0,12878.0,19346.0,0.3096247286260726,0.6656673214101106,"Henry County, Iowa",20436,62365,2215,19,87,19087,0.10838715991387747
19089,3238.0,16.0,200.0,6314.0,9768.0,0.33149058149058147,0.6463963963963963,"Howard County, Iowa",9479,63947,983,19,89,19089,0.1037029222491824
19091,2472.0,34.0,224.0,7540.0,10270.0,0.24070107108081792,0.7341772151898734,"Humboldt County, Iowa",9606,66617,963,19,91,19091,0.10024984384759525
19093,1652.0,22.0,126.0,5542.0,7342.0,0.22500681013347862,0.7548351947698175,"Ida County, Iowa",6969,63125,726,19,93,19093,0.10417563495479983
19095,6800.0,96.0,376.0,12136.0,19408.0,0.3503709810387469,0.6253091508656224,"Iowa County, Iowa",16575,69787,1876,19,95,19095,0.11318250377073906
19097,7134.0,74.0,342.0,14148.0,21698.0,0.32878606323163423,0.6520416628260669,"Jackson County, Iowa",19470,69709,1826,19,97,19097,0.09378531073446328
19099,14282.0,200.0,728.0,25402.0,40612.0,0.3516694573032601,0.6254801536491678,"Jasper County, Iowa",37808,67784,3679,19,99,19099,0.09730744815911976
19101,7576.0,86.0,540.0,8706.0,16908.0,0.4480719186184055,0.5149041873669269,"Jefferson County, Iowa",15785,52210,2716,19,101,19101,0.1720620842572062
19103,117692.0,804.0,3544.0,52174.0,174214.0,0.6755599435177425,0.2994822459733431,"Johnson County, Iowa",153360,72977,26707,19,103,19103,0.17414580073030778
19105,7884.0,104.0,480.0,13640.0,22108.0,0.356612990772571,0.6169712321331645,"Jones County, Iowa",20733,68781,2322,19,105,19105,0.11199536970047749
19107,3119.0,22.0,166.0,7738.0,11045.0,0.282390221819828,0.7005885015844273,"Keokuk County, Iowa",10026,60016,816,19,107,19107,0.08138839018551765
19109,4568.0,48.0,318.0,11966.0,16900.0,0.2702958579881657,0.7080473372781065,"Kossuth County, Iowa",14718,62553,1513,19,109,19109,0.10279929338225302
19111,11318.0,174.0,826.0,20304.0,32622.0,0.34694378027098277,0.6224020599595365,"Lee County, Iowa",33442,58094,3476,19,111,19111,0.10394115184498534
19113,132716.0,1334.0,4976.0,108474.0,247500.0,0.5362262626262626,0.4382787878787879,"Linn County, Iowa",229308,75457,36999,19,113,19113,0.16135067245800408
19115,2960.0,32.0,196.0,7168.0,10356.0,0.2858246427191966,0.6921591348010815,"Louisa County, Iowa",10823,72500,864,19,115,19115,0.07982999168437586
19117,2338.0,22.0,192.0,6800.0,9352.0,0.25,0.7271171941830624,"Lucas County, Iowa",8666,63405,651,19,117,19117,0.07512116316639741
19119,2046.0,40.0,208.0,11798.0,14092.0,0.1451887595799035,0.8372126028952597,"Lyon County, Iowa",12023,73735,1174,19,119,19119,0.09764617815852948
19121,6016.0,92.0,398.0,13728.0,20234.0,0.2973213403182762,0.6784619946624494,"Madison County, Iowa",16609,88110,2186,19,121,19121,0.13161538924679392
19123,8232.0,82.0,384.0,16414.0,25112.0,0.327811404906021,0.6536317298502707,"Mahaska County, Iowa",22059,65200,2462,19,123,19123,0.11160977378847636
19125,11856.0,194.0,694.0,26578.0,39322.0,0.3015106047505213,0.6759066171608769,"Marion County, Iowa",33487,74193,4750,19,125,19125,0.14184608952727923
19127,14268.0,154.0,760.0,19630.0,34812.0,0.4098586694243364,0.5638860163162128,"Marshall County, Iowa",40049,70828,3938,19,127,19127,0.09832954630577542
19129,4912.0,84.0,320.0,11342.0,16658.0,0.29487333413374955,0.6808740545083444,"Mills County, Iowa",14605,81907,2116,19,129,19129,0.14488188976377953
19131,3886.0,48.0,186.0,7472.0,11592.0,0.3352311939268461,0.6445824706694272,"Mitchell County, Iowa",10537,66056,1140,19,131,19131,0.10819018696023536
19133,2472.0,22.0,182.0,6662.0,9338.0,0.2647247804669094,0.7134289997858214,"Monona County, Iowa",8671,59897,696,19,133,19133,0.0802675585284281
19135,2004.0,12.0,146.0,6208.0,8370.0,0.23942652329749103,0.7416965352449223,"Monroe County, Iowa",7574,76324,962,19,135,19135,0.12701346712437286
19137,3016.0,36.0,186.0,6972.0,10210.0,0.29539666993143976,0.6828599412340842,"Montgomery County, Iowa",10285,61261,975,19,137,19137,0.09479824987846379
19139,16424.0,174.0,844.0,22304.0,39746.0,0.41322397222362,0.561163387510693,"Muscatine County, Iowa",42968,67427,4732,19,139,19139,0.1101284676968907
19141,2856.0,44.0,242.0,11996.0,15138.0,0.18866428854538247,0.792442859030255,"O'Brien County, Iowa",14138,65076,1658,19,141,19141,0.11727259867025039
19143,1110.0,12.0,122.0,5246.0,6490.0,0.17103235747303544,0.8083204930662558,"Osceola County, Iowa",6149,67561,431,19,143,19143,0.07009269799967474
19145,4120.0,56.0,356.0,10306.0,14838.0,0.27766545356517053,0.6945680010783124,"Page County, Iowa",15225,58264,1381,19,145,19145,0.09070607553366174
19147,2676.0,28.0,170.0,7152.0,10026.0,0.26690604428485937,0.713345302214243,"Palo Alto County, Iowa",8938,67306,883,19,147,19147,0.0987916759901544
19149,6208.0,90.0,548.0,21322.0,28168.0,0.22039193410962796,0.7569582504970179,"Plymouth County, Iowa",25621,79963,3099,19,149,19149,0.12095546621911712
19151,1592.0,40.0,114.0,5454.0,7200.0,0.22111111111111112,0.7575,"Pocahontas County, Iowa",7061,61434,644,19,151,19151,0.09120521172638436
19153,280150.0,2422.0,9082.0,224480.0,516134.0,0.5427854006905184,0.4349258138390418,"Polk County, Iowa",493378,78827,87045,19,153,19153,0.17642659380839842
19155,34936.0,380.0,1546.0,52670.0,89532.0,0.39020685341553857,0.5882812849037216,"Pottawattamie County, Iowa",93543,68718,10266,19,155,19155,0.10974631987428242
19157,8134.0,66.0,422.0,11516.0,20138.0,0.4039130002979442,0.5718542059787467,"Poweshiek County, Iowa",18608,61192,1983,19,157,19157,0.106567067927773
19159,1276.0,6.0,110.0,4030.0,5422.0,0.23533751383253412,0.7432681667281446,"Ringgold County, Iowa",4690,67898,508,19,159,19159,0.10831556503198295
19161,2578.0,26.0,192.0,8200.0,10996.0,0.2344488905056384,0.7457257184430702,"Sac County, Iowa",9778,68778,1109,19,161,19161,0.11341787686643486
19163,84958.0,878.0,3436.0,91952.0,181224.0,0.4688010418046175,0.5073941641283716,"Scott County, Iowa",174315,72792,26358,19,163,19163,0.15120901815678514
19165,3622.0,42.0,222.0,9200.0,13086.0,0.2767843496866881,0.7030414183096438,"Shelby County, Iowa",11737,70295,1360,19,165,19165,0.11587288063389281
19167,5252.0,156.0,726.0,32106.0,38240.0,0.13734309623430963,0.839592050209205,"Sioux County, Iowa",35815,81914,4767,19,167,19167,0.13310065614965796
19169,53530.0,606.0,2170.0,43330.0,99636.0,0.5372556104219358,0.4348829740254527,"Story County, Iowa",98573,66197,15589,19,169,19169,0.15814675418217972
19171,6140.0,82.0,390.0,10758.0,17370.0,0.3534830166954519,0.6193436960276338,"Tama County, Iowa",17017,65483,1490,19,171,19171,0.0875594993242052
19173,1332.0,14.0,96.0,4762.0,6204.0,0.21470019342359767,0.7675693101225016,"Taylor County, Iowa",5916,65926,483,19,173,19173,0.08164300202839757
19175,3748.0,38.0,208.0,8088.0,12082.0,0.3102135408045026,0.6694255917894388,"Union County, Iowa",12107,56495,1424,19,175,19175,0.11761790699595276
19177,1556.0,40.0,144.0,5570.0,7310.0,0.21285909712722298,0.761969904240766,"Van Buren County, Iowa",7207,58417,638,19,177,19177,0.08852504509504648
19179,9792.0,104.0,540.0,18958.0,29394.0,0.3331292100428659,0.6449615567802953,"Wapello County, Iowa",35292,56209,2795,19,179,19179,0.07919641845177378
19181,25424.0,342.0,1508.0,38972.0,66246.0,0.38378166228904387,0.5882921232980104,"Warren County, Iowa",52709,89741,7787,19,181,19181,0.1477356808135233
19183,8594.0,96.0,418.0,14238.0,23346.0,0.3681144521545447,0.6098689282960679,"Washington County, Iowa",22534,71122,2483,19,183,19183,0.1101890476613118
19185,1286.0,24.0,162.0,4852.0,6324.0,0.20335230866540163,0.767235926628716,"Wayne County, Iowa",6484,58257,486,19,185,19185,0.07495373226403455
19187,11282.0,106.0,562.0,21700.0,33650.0,0.3352748885586924,0.6448736998514116,"Webster County, Iowa",36986,65335,3861,19,187,19187,0.10439085059211593
19189,3818.0,42.0,204.0,7272.0,11336.0,0.336803105151729,0.6414961185603387,"Winnebago County, Iowa",10704,62853,1413,19,189,19189,0.1320067264573991
19191,10642.0,92.0,570.0,12854.0,24158.0,0.44051659905621326,0.5320804702376024,"Winneshiek County, Iowa",20050,67770,2629,19,191,19191,0.1311221945137157
19193,32290.0,318.0,1948.0,51938.0,86494.0,0.37332069276481605,0.600480958216755,"Woodbury County, Iowa",105526,68399,10689,19,193,19193,0.10129257244660084
19195,3016.0,26.0,154.0,5430.0,8626.0,0.3496406213772316,0.6294922327846046,"Worth County, Iowa",7417,69897,732,19,195,19195,0.09869219360927599
19197,3540.0,18.0,280.0,7706.0,11544.0,0.30665280665280664,0.6675329175329175,"Wright County, Iowa",12897,58240,1474,19,197,19197,0.11429014499496007
20001,1445.0,27.0,99.0,4029.0,5600.0,0.2580357142857143,0.7194642857142857,"Allen County, Kansas",12554,55059,1053,20,1,20001,0.08387764855822845
20003,732.0,15.0,46.0,2998.0,3791.0,0.1930888947507254,0.7908203640200475,"Anderson County, Kansas",7799,67651,472,20,3,20003,0.06052057956148224
20005,2201.0,43.0,100.0,4911.0,7255.0,0.30337698139214336,0.6769124741557546,"Atchison County, Kansas",16309,55281,1331,20,5,20005,0.0816113802195107
20007,288.0,9.0,19.0,1854.0,2170.0,0.1327188940092166,0.8543778801843318,"Barber County, Kansas",4081,53774,511,20,7,20007,0.12521440823327615
20009,2207.0,41.0,117.0,8205.0,10570.0,0.20879848628192998,0.7762535477767266,"Barton County, Kansas",25477,54634,2657,20,9,20009,0.10429014405149743
20011,1444.0,26.0,99.0,5003.0,6572.0,0.21972002434570906,0.7612598904443092,"Bourbon County, Kansas",14405,55826,1464,20,11,20011,0.10163137799375217
20013,1065.0,26.0,61.0,3106.0,4258.0,0.2501174260216064,0.7294504462188821,"Brown County, Kansas",9486,55876,964,20,13,20013,0.10162344507695552
20015,9150.0,209.0,451.0,22426.0,32236.0,0.28384414939818836,0.695681846382926,"Butler County, Kansas",67618,77724,9268,20,15,20015,0.13706409535922387
20017,348.0,6.0,18.0,1090.0,1462.0,0.23803009575923392,0.7455540355677155,"Chase County, Kansas",2570,52481,374,20,17,20017,0.14552529182879378
20019,211.0,1.0,16.0,1299.0,1527.0,0.13817943680419123,0.8506876227897839,"Chautauqua County, Kansas",3389,51210,278,20,19,20019,0.0820300973738566
20021,1970.0,42.0,121.0,6584.0,8717.0,0.22599518182861075,0.7553057244464839,"Cherokee County, Kansas",19380,53382,1750,20,21,20021,0.09029927760577916
20023,206.0,5.0,26.0,1185.0,1422.0,0.14486638537271448,0.8333333333333334,"Cheyenne County, Kansas",2619,52730,327,20,23,20023,0.12485681557846506
20025,129.0,7.0,11.0,867.0,1014.0,0.12721893491124261,0.8550295857988166,"Clark County, Kansas",1977,58287,287,20,25,20025,0.14516944865958523
20027,867.0,34.0,62.0,3150.0,4113.0,0.21079504011670314,0.7658643326039387,"Clay County, Kansas",8088,57765,1005,20,27,20027,0.12425816023738873
20029,767.0,20.0,42.0,3218.0,4047.0,0.1895231035334816,0.795156906350383,"Cloud County, Kansas",9008,51197,860,20,29,20029,0.09547069271758436
20031,934.0,27.0,45.0,3371.0,4377.0,0.21338816541009825,0.7701622115604295,"Coffey County, Kansas",8334,67645,907,20,31,20031,0.10883129349652028
20033,130.0,4.0,13.0,727.0,874.0,0.14874141876430205,0.8318077803203662,"Comanche County, Kansas",1825,49754,222,20,33,20033,0.12164383561643835
20035,3919.0,47.0,179.0,9360.0,13505.0,0.29018881895594223,0.6930766382821177,"Cowley County, Kansas",34661,55726,3620,20,35,20035,0.10444014887048844
20037,5956.0,84.0,210.0,10084.0,16334.0,0.36463817803354964,0.6173625566303416,"Crawford County, Kansas",39012,49779,4567,20,37,20037,0.11706654362760176
20039,215.0,6.0,14.0,1217.0,1452.0,0.14807162534435261,0.8381542699724518,"Decatur County, Kansas",2771,49412,444,20,39,20039,0.1602309635510646
20041,1989.0,41.0,100.0,7014.0,9144.0,0.21751968503937008,0.7670603674540682,"Dickinson County, Kansas",18492,62971,2186,20,41,20041,0.118213281418992
20043,626.0,7.0,45.0,2899.0,3577.0,0.17500698909700865,0.810455689124965,"Doniphan County, Kansas",7501,66358,543,20,43,20043,0.07239034795360619
20045,39582.0,327.0,609.0,17523.0,58041.0,0.6819661963095054,0.3019072724453404,"Douglas County, Kansas",119094,66153,20252,20,45,20045,0.17005054830637983
20047,213.0,5.0,9.0,1042.0,1269.0,0.16784869976359337,0.8211189913317573,"Edwards County, Kansas",2849,52750,280,20,47,20047,0.09828009828009827
20049,191.0,8.0,16.0,1123.0,1338.0,0.14275037369207771,0.8393124065769806,"Elk County, Kansas",2453,50000,225,20,49,20049,0.09172441907867916
20051,3511.0,71.0,186.0,9743.0,13511.0,0.2598623343941973,0.7211161275997335,"Ellis County, Kansas",28921,59665,4187,20,51,20051,0.14477369385567582
20053,636.0,10.0,34.0,2078.0,2758.0,0.23060188542422044,0.7534445250181291,"Ellsworth County, Kansas",6374,59844,666,20,53,20053,0.10448697834954503
20055,3425.0,59.0,132.0,7166.0,10782.0,0.3176590613986273,0.6646262289000185,"Finney County, Kansas",38187,68481,2784,20,55,20055,0.0729043915468615
20057,2461.0,31.0,116.0,5616.0,8224.0,0.29924610894941633,0.6828793774319066,"Ford County, Kansas",34212,67997,2581,20,57,20057,0.0754413656027125
20059,3676.0,55.0,204.0,8773.0,12708.0,0.28926660371419577,0.690352533836953,"Franklin County, Kansas",25968,68217,2586,20,59,20059,0.09958410351201478
20061,3674.0,50.0,151.0,5288.0,9163.0,0.4009603841536615,0.5771035687002074,"Geary County, Kansas",36247,57992,2830,20,61,20061,0.07807542693188402
20063,150.0,5.0,14.0,1227.0,1396.0,0.10744985673352435,0.8789398280802292,"Gove County, Kansas",2758,59417,287,20,63,20063,0.10406091370558376
20065,210.0,2.0,20.0,1055.0,1287.0,0.16317016317016317,0.8197358197358198,"Graham County, Kansas",2430,47071,323,20,65,20065,0.13292181069958847
20067,395.0,9.0,23.0,1793.0,2220.0,0.17792792792792791,0.8076576576576576,"Grant County, Kansas",7336,84808,585,20,67,20067,0.07974372955288986
20069,324.0,3.0,29.0,1837.0,2193.0,0.14774281805745554,0.8376652986776105,"Gray County, Kansas",5719,74500,622,20,69,20069,0.10876027277496066
20071,75.0,1.0,7.0,510.0,593.0,0.12647554806070826,0.8600337268128162,"Greeley County, Kansas",1279,69948,147,20,71,20071,0.11493354182955434
20073,541.0,16.0,28.0,2299.0,2884.0,0.1875866851595007,0.7971567267683772,"Greenwood County, Kansas",6001,51812,455,20,73,20073,0.0758206965505749
20075,131.0,4.0,9.0,671.0,815.0,0.1607361963190184,0.8233128834355828,"Hamilton County, Kansas",2520,58750,225,20,75,20075,0.08928571428571429
20077,437.0,13.0,33.0,2072.0,2555.0,0.1710371819960861,0.810958904109589,"Harper County, Kansas",5457,53032,418,20,77,20077,0.07659886384460327
20079,6202.0,77.0,216.0,9591.0,16086.0,0.3855526544821584,0.5962327489742634,"Harvey County, Kansas",33959,70685,4769,20,79,20079,0.14043405282841073
20081,221.0,1.0,11.0,1045.0,1278.0,0.1729264475743349,0.8176838810641628,"Haskell County, Kansas",3735,66458,237,20,81,20081,0.06345381526104418
20083,136.0,3.0,10.0,817.0,966.0,0.14078674948240166,0.8457556935817805,"Hodgeman County, Kansas",1770,63125,285,20,83,20083,0.16101694915254236
20085,1799.0,22.0,96.0,4557.0,6474.0,0.2778807537843682,0.7038924930491196,"Jackson County, Kansas",13274,70385,1185,20,85,20085,0.08927226156395962
20087,3030.0,57.0,146.0,6694.0,9927.0,0.3052281656089453,0.6743225546489372,"Jefferson County, Kansas",18387,74562,1980,20,87,20087,0.10768477728830152
20089,176.0,9.0,19.0,1370.0,1574.0,0.11181702668360864,0.8703939008894537,"Jewell County, Kansas",2929,47109,279,20,89,20089,0.09525435302150904
20091,183451.0,2332.0,3750.0,154247.0,343780.0,0.5336290650997731,0.4486793879806853,"Johnson County, Kansas",610742,103644,142337,20,91,20091,0.2330558566465054
20093,192.0,8.0,19.0,1082.0,1301.0,0.14757878554957723,0.8316679477325134,"Kearny County, Kansas",3964,68750,246,20,93,20093,0.062058526740666
20095,753.0,27.0,48.0,3119.0,3947.0,0.19077780592855334,0.7902204205725868,"Kingman County, Kansas",7369,59640,922,20,95,20095,0.1251187406703759
20097,151.0,3.0,12.0,941.0,1107.0,0.13640469738030714,0.8500451671183379,"Kiowa County, Kansas",2445,70347,333,20,97,20097,0.1361963190184049
20099,2385.0,37.0,89.0,5410.0,7921.0,0.3010983461684131,0.682994571392501,"Labette County, Kansas",20096,56143,1983,20,99,20099,0.09867635350318471
20101,111.0,4.0,19.0,709.0,843.0,0.13167259786476868,0.8410438908659549,"Lane County, Kansas",1528,52222,109,20,101,20101,0.07133507853403141
20103,13732.0,276.0,484.0,22055.0,36547.0,0.3757353544750595,0.603469505020932,"Leavenworth County, Kansas",82050,84307,11556,20,103,20103,0.14084095063985375
20105,250.0,3.0,21.0,1233.0,1507.0,0.16589250165892502,0.8181818181818182,"Lincoln County, Kansas",2929,52540,286,20,105,20105,0.09764424718333903
20107,854.0,13.0,56.0,4093.0,5016.0,0.17025518341307816,0.8159888357256778,"Linn County, Kansas",9696,56697,1013,20,107,20107,0.10447607260726073
20109,183.0,8.0,23.0,1186.0,1400.0,0.13071428571428573,0.8471428571428572,"Logan County, Kansas",2752,70382,385,20,109,20109,0.1398982558139535
20111,5515.0,78.0,201.0,7462.0,13256.0,0.41603802051901023,0.5629149064574532,"Lyon County, Kansas",32182,56415,2966,20,111,20111,0.09216332111118017
20113,4021.0,74.0,193.0,9816.0,14104.0,0.2850964265456608,0.6959727736812252,"McPherson County, Kansas",30085,71250,4250,20,113,20113,0.14126641183313943
20115,1429.0,37.0,92.0,4312.0,5870.0,0.2434412265758092,0.7345826235093696,"Marion County, Kansas",11867,60011,1512,20,115,20115,0.12741215134406336
20117,1205.0,34.0,85.0,3644.0,4968.0,0.2425523349436393,0.7334943639291466,"Marshall County, Kansas",10014,64306,937,20,117,20117,0.09356900339524665
20119,247.0,9.0,12.0,1427.0,1695.0,0.1457227138643068,0.8418879056047197,"Meade County, Kansas",4019,74063,413,20,119,20119,0.10276188106494152
20121,5472.0,106.0,253.0,12854.0,18685.0,0.29285523146909287,0.687931495852288,"Miami County, Kansas",34312,85564,4707,20,121,20121,0.13718232688272325
20123,528.0,11.0,25.0,2608.0,3172.0,0.1664564943253468,0.8221941992433796,"Mitchell County, Kansas",5829,63008,749,20,123,20123,0.1284954537656545
20125,2934.0,67.0,153.0,9287.0,12441.0,0.23583313238485654,0.7464834016558155,"Montgomery County, Kansas",31448,51513,2811,20,125,20125,0.08938565250572374
20127,721.0,8.0,42.0,2021.0,2792.0,0.2582378223495702,0.7238538681948424,"Morris County, Kansas",5385,52866,760,20,127,20127,0.14113277623026926
20129,131.0,4.0,16.0,909.0,1060.0,0.12358490566037736,0.8575471698113207,"Morton County, Kansas",2688,57943,246,20,129,20129,0.09151785714285714
20131,888.0,24.0,53.0,4655.0,5620.0,0.15800711743772242,0.8282918149466192,"Nemaha County, Kansas",10219,72788,1248,20,131,20131,0.12212545258831588
20133,1696.0,34.0,93.0,4961.0,6784.0,0.25,0.7312794811320755,"Neosho County, Kansas",15826,54894,1518,20,133,20133,0.09591810944016176
20135,129.0,11.0,18.0,1205.0,1363.0,0.0946441672780631,0.8840792369772561,"Ness County, Kansas",2677,64907,332,20,135,20135,0.12401942472917445
20137,346.0,7.0,35.0,1882.0,2270.0,0.1524229074889868,0.8290748898678414,"Norton County, Kansas",5431,52710,592,20,137,20137,0.10900386669121709
20139,1946.0,48.0,162.0,5736.0,7892.0,0.24657881398884945,0.7268119614799797,"Osage County, Kansas",15787,66155,1463,20,139,20139,0.09267118515234053
20141,261.0,10.0,26.0,1477.0,1774.0,0.1471251409244645,0.8325817361894025,"Osborne County, Kansas",3493,58750,439,20,141,20141,0.12567993129115373
20143,476.0,12.0,40.0,2475.0,3003.0,0.1585081585081585,0.8241758241758241,"Ottawa County, Kansas",5768,74551,693,20,143,20143,0.12014563106796117
20145,625.0,13.0,34.0,2003.0,2675.0,0.2336448598130841,0.748785046728972,"Pawnee County, Kansas",6288,54141,626,20,145,20145,0.09955470737913485
20147,331.0,11.0,49.0,2356.0,2747.0,0.1204950855478704,0.8576629049872588,"Phillips County, Kansas",4960,57611,491,20,147,20147,0.09899193548387097
20149,3394.0,81.0,186.0,9811.0,13472.0,0.25192992874109266,0.7282511876484561,"Pottawatomie County, Kansas",25482,85241,3957,20,149,20149,0.15528608429479632
20151,954.0,22.0,52.0,3054.0,4082.0,0.23370896619304263,0.7481626653601176,"Pratt County, Kansas",9175,61685,1039,20,151,20151,0.11324250681198911
20153,176.0,3.0,30.0,1194.0,1403.0,0.12544547398431932,0.8510334996436208,"Rawlins County, Kansas",2544,61827,249,20,153,20153,0.09787735849056604
20155,8554.0,145.0,394.0,17847.0,26940.0,0.31752041573867856,0.6624721603563475,"Reno County, Kansas",61881,57390,5730,20,155,20155,0.09259708149512774
20157,396.0,9.0,37.0,2001.0,2443.0,0.16209578387228818,0.8190749079001228,"Republic County, Kansas",4686,54531,552,20,157,20157,0.117797695262484
20159,825.0,21.0,47.0,3073.0,3966.0,0.20801815431164902,0.7748361069087242,"Rice County, Kansas",9441,58523,970,20,159,20159,0.1027433534583201
20161,12063.0,183.0,437.0,11630.0,24313.0,0.4961543207337638,0.47834491835643483,"Riley County, Kansas",72105,56327,9309,20,161,20161,0.1291033908882879
20163,349.0,5.0,27.0,2153.0,2534.0,0.13772691397000789,0.8496448303078137,"Rooks County, Kansas",4925,60821,592,20,163,20163,0.12020304568527919
20165,264.0,6.0,21.0,1315.0,1606.0,0.1643835616438356,0.8188044831880449,"Rush County, Kansas",2939,53523,316,20,165,20165,0.1075195644777135
20167,608.0,7.0,54.0,2632.0,3301.0,0.18418661011814602,0.7973341411693426,"Russell County, Kansas",6702,49929,738,20,167,20167,0.11011638316920322
20169,7734.0,123.0,300.0,15069.0,23226.0,0.33298889175923535,0.6487987600103332,"Saline County, Kansas",54160,59887,6655,20,169,20169,0.12287666174298376
20171,248.0,12.0,32.0,1843.0,2135.0,0.1161592505854801,0.863231850117096,"Scott County, Kansas",5128,53365,431,20,171,20171,0.08404836193447737
20173,90506.0,1239.0,2289.0,120118.0,214152.0,0.4226250513653853,0.5609006686839254,"Sedgwick County, Kansas",522700,65372,68727,20,173,20173,0.1314845991964798
20175,1354.0,23.0,55.0,3133.0,4565.0,0.29660460021905805,0.6863088718510405,"Seward County, Kansas",21942,57131,1056,20,175,20175,0.04812687995624829
20177,40308.0,480.0,1130.0,39901.0,81819.0,0.49264840684926486,0.4876740121487674,"Shawnee County, Kansas",178625,63463,24726,20,177,20177,0.13842407277816654
20179,126.0,3.0,15.0,1229.0,1373.0,0.09176984705025491,0.8951201747997086,"Sheridan County, Kansas",2450,66719,296,20,179,20179,0.12081632653061225
20181,379.0,8.0,45.0,2161.0,2593.0,0.1461627458542229,0.8333976089471654,"Sherman County, Kansas",5940,61404,751,20,181,20181,0.12643097643097642
20183,300.0,6.0,25.0,1675.0,2006.0,0.14955134596211367,0.8349950149551346,"Smith County, Kansas",3561,50943,452,20,183,20183,0.12693063746138725
20185,326.0,13.0,22.0,1548.0,1909.0,0.17077003666841278,0.8108957569408067,"Stafford County, Kansas",4054,60000,530,20,185,20185,0.13073507646768623
20187,115.0,3.0,9.0,537.0,664.0,0.17319277108433734,0.8087349397590361,"Stanton County, Kansas",2060,66000,182,20,187,20187,0.0883495145631068
20189,210.0,10.0,20.0,1595.0,1835.0,0.11444141689373297,0.8692098092643051,"Stevens County, Kansas",5275,67950,335,20,189,20189,0.06350710900473934
20191,2527.0,59.0,153.0,7810.0,10549.0,0.23954877239548772,0.7403545359749739,"Sumner County, Kansas",22517,59397,2401,20,191,20191,0.10663054580983257
20193,597.0,14.0,46.0,3007.0,3664.0,0.16293668122270744,0.8206877729257642,"Thomas County, Kansas",7907,72417,822,20,193,20193,0.10395851776906538
20195,216.0,2.0,26.0,1343.0,1587.0,0.13610586011342155,0.8462507876496534,"Trego County, Kansas",2798,77500,400,20,195,20195,0.14295925661186562
20197,944.0,21.0,55.0,2816.0,3836.0,0.24608967674661106,0.7340980187695516,"Wabaunsee County, Kansas",6922,70000,817,20,197,20197,0.1180294712510835
20199,52.0,0.0,10.0,686.0,748.0,0.06951871657754011,0.9171122994652406,"Wallace County, Kansas",1489,57708,215,20,199,20199,0.14439220953660176
20201,396.0,11.0,30.0,2263.0,2700.0,0.14666666666666667,0.8381481481481482,"Washington County, Kansas",5529,59432,587,20,201,20201,0.10616748055706277
20203,107.0,3.0,10.0,740.0,860.0,0.12441860465116279,0.8604651162790697,"Wichita County, Kansas",2131,69551,257,20,203,20203,0.12060065696855936
20205,647.0,24.0,38.0,2894.0,3603.0,0.17957257840688315,0.8032195392728282,"Wilson County, Kansas",8667,55439,875,20,205,20205,0.10095765547478944
20207,282.0,7.0,12.0,1205.0,1506.0,0.18725099601593626,0.800132802124834,"Woodson County, Kansas",3134,50670,357,20,207,20207,0.11391193363114231
20209,30938.0,197.0,600.0,18867.0,50602.0,0.6113987589423343,0.372850875459468,"Wyandotte County, Kansas",167989,57771,13738,20,209,20209,0.0817791641119359
21001,1257.0,7.0,67.0,7643.0,8974.0,0.14007131713839982,0.8516826387341208,"Adair County, Kentucky",18887,49690,1139,21,1,21001,0.06030603060306031
21003,1505.0,16.0,73.0,7824.0,9418.0,0.15980038224676152,0.830749628371204,"Allen County, Kentucky",20773,57159,1577,21,3,21003,0.07591585230828479
21005,3226.0,45.0,174.0,9650.0,13095.0,0.24635357006491027,0.7369224894998091,"Anderson County, Kentucky",23839,69885,2717,21,5,21005,0.11397290154788373
21007,697.0,7.0,53.0,3331.0,4088.0,0.1704990215264188,0.8148238747553816,"Ballard County, Kentucky",7742,57111,653,21,7,21007,0.08434513045724619
21009,4565.0,39.0,179.0,15019.0,19802.0,0.23053226946773053,0.7584587415412585,"Barren County, Kentucky",44511,48141,3283,21,9,21009,0.07375704881939296
21011,1278.0,10.0,60.0,4041.0,5389.0,0.23714974948970124,0.7498608276118018,"Bath County, Kentucky",12739,51471,682,21,11,21011,0.053536384331580186
21013,1419.0,11.0,79.0,7831.0,9340.0,0.1519271948608137,0.8384368308351178,"Bell County, Kentucky",24248,33658,1219,21,13,21013,0.05027218739689871
21015,20601.0,331.0,839.0,45650.0,67421.0,0.3055576155797155,0.6770887408967532,"Boone County, Kentucky",136150,91697,19562,21,15,21015,0.143679764965112
21017,3088.0,33.0,132.0,6284.0,9537.0,0.3237915487050435,0.6589074132326728,"Bourbon County, Kentucky",20228,54580,1784,21,17,21017,0.08819458176784654
21019,6291.0,54.0,243.0,14363.0,20951.0,0.3002720633859959,0.6855520022910601,"Boyd County, Kentucky",48242,58327,3883,21,19,21019,0.08049002943493222
21021,4990.0,51.0,173.0,9159.0,14373.0,0.34717873791136156,0.6372364850761845,"Boyle County, Kentucky",30613,56568,3121,21,21,21021,0.10195015189625323
21023,702.0,8.0,44.0,3399.0,4153.0,0.16903443294004333,0.8184444979532868,"Bracken County, Kentucky",8420,59911,647,21,23,21023,0.07684085510688836
21025,1002.0,12.0,63.0,4036.0,5113.0,0.19597105417563074,0.789360453745355,"Breathitt County, Kentucky",13580,38209,803,21,25,21025,0.05913107511045655
21027,2038.0,16.0,112.0,7882.0,10048.0,0.2028264331210191,0.7844347133757962,"Breckinridge County, Kentucky",20528,51756,1161,21,27,21027,0.05655689789555729
21029,10280.0,114.0,516.0,32299.0,43209.0,0.23791339767178135,0.7475063065565044,"Bullitt County, Kentucky",82482,73900,6606,21,29,21029,0.08009020149850876
21031,965.0,19.0,54.0,4905.0,5943.0,0.1623759044253744,0.8253407370015143,"Butler County, Kentucky",12365,47589,468,21,31,21031,0.03784876668014557
21033,1256.0,20.0,52.0,4860.0,6188.0,0.20297349709114415,0.7853910795087266,"Caldwell County, Kentucky",12635,52488,794,21,33,21033,0.0628413138108429
21035,5111.0,54.0,241.0,11539.0,16945.0,0.30162289760991445,0.6809678371200945,"Calloway County, Kentucky",37345,48276,4109,21,35,21035,0.11002811621368322
21037,18952.0,232.0,700.0,28450.0,48334.0,0.3921049364836347,0.5886125708610915,"Campbell County, Kentucky",93122,71979,15843,21,37,21037,0.1701316552479543
21039,408.0,4.0,16.0,2182.0,2610.0,0.15632183908045977,0.8360153256704981,"Carlisle County, Kentucky",4782,53065,286,21,39,21039,0.059807611877875366
21041,963.0,11.0,37.0,3014.0,4025.0,0.23925465838509316,0.7488198757763975,"Carroll County, Kentucky",10842,50625,214,21,41,21041,0.01973805570927873
21043,2305.0,27.0,109.0,8981.0,11422.0,0.20180353703379444,0.7862896165295045,"Carter County, Kentucky",26671,47004,1543,21,43,21043,0.05785309887143339
21045,804.0,12.0,48.0,6216.0,7080.0,0.1135593220338983,0.8779661016949153,"Casey County, Kentucky",15942,42190,711,21,45,21045,0.044599171998494544
21047,7055.0,58.0,226.0,14332.0,21671.0,0.32555027456047253,0.6613446541460939,"Christian County, Kentucky",72766,48920,5406,21,47,21047,0.07429293900997719
21049,5639.0,51.0,245.0,11950.0,17885.0,0.31529214425496227,0.6681576740285156,"Clark County, Kentucky",36897,61878,3290,21,49,21049,0.08916714095996965
21051,692.0,13.0,83.0,6729.0,7517.0,0.09205800186244513,0.8951709458560596,"Clay County, Kentucky",20322,37888,1060,21,51,21051,0.05216022045074304
21053,549.0,11.0,44.0,4276.0,4880.0,0.1125,0.8762295081967213,"Clinton County, Kentucky",9295,41180,541,21,53,21053,0.05820333512641205
21055,608.0,6.0,47.0,3349.0,4010.0,0.15162094763092268,0.8351620947630922,"Crittenden County, Kentucky",8979,45810,472,21,55,21055,0.052567101013475885
21057,483.0,6.0,31.0,2922.0,3442.0,0.14032539221382917,0.8489250435793143,"Cumberland County, Kentucky",5974,40515,503,21,57,21057,0.0841981921660529
21059,15673.0,130.0,589.0,30705.0,47097.0,0.33278128118563816,0.6519523536530989,"Daviess County, Kentucky",102916,64021,10844,21,59,21059,0.10536748416184072
21061,1118.0,14.0,67.0,5048.0,6247.0,0.1789659036337442,0.8080678725788378,"Edmonson County, Kentucky",12179,53029,476,21,61,21061,0.03908366860990229
21063,532.0,8.0,36.0,2335.0,2911.0,0.1827550669872896,0.8021298522844383,"Elliott County, Kentucky",7378,39469,387,21,63,21063,0.05245323936026023
21065,1114.0,18.0,67.0,5091.0,6290.0,0.17710651828298887,0.8093799682034977,"Estill County, Kentucky",14138,39980,779,21,65,21065,0.05509973122082331
21067,83387.0,669.0,2532.0,57347.0,143935.0,0.579337895577865,0.3984228992253448,"Fayette County, Kentucky",321276,66087,54431,21,67,21067,0.1694213075361994
21069,1334.0,9.0,79.0,5578.0,7000.0,0.19057142857142856,0.7968571428571428,"Fleming County, Kentucky",15111,46885,998,21,69,21069,0.06604460326914169
21071,3061.0,46.0,219.0,12326.0,15652.0,0.19556606184513162,0.7875031944799387,"Floyd County, Kentucky",35780,38723,1906,21,71,21071,0.053269983230855224
21073,11996.0,80.0,441.0,13246.0,25763.0,0.46562900283352093,0.5141481970267437,"Franklin County, Kentucky",51475,62929,6670,21,73,21073,0.1295774647887324
21075,636.0,3.0,15.0,1491.0,2145.0,0.2965034965034965,0.6951048951048951,"Fulton County, Kentucky",6480,35449,526,21,75,21075,0.08117283950617284
21077,761.0,12.0,35.0,3109.0,3917.0,0.19428133775848863,0.7937196834311974,"Gallatin County, Kentucky",8720,58641,574,21,77,21077,0.06582568807339449
21079,1719.0,28.0,84.0,7086.0,8917.0,0.19277784008074464,0.7946618817988113,"Garrard County, Kentucky",17175,58263,1212,21,79,21079,0.07056768558951965
21081,1944.0,19.0,134.0,9372.0,11469.0,0.16950039236201936,0.8171592989798587,"Grant County, Kentucky",25085,65461,1625,21,81,21081,0.06477974885389676
21083,3105.0,44.0,151.0,13378.0,16678.0,0.18617340208658112,0.8021345485070153,"Graves County, Kentucky",36701,52526,2646,21,83,21083,0.07209612817089453
21085,2235.0,27.0,123.0,9710.0,12095.0,0.18478710210830923,0.8028110789582472,"Grayson County, Kentucky",26465,47024,1353,21,85,21085,0.05112412620442093
21087,782.0,6.0,36.0,5033.0,5857.0,0.1335154515963804,0.8593136417961413,"Green County, Kentucky",11198,38595,554,21,87,21087,0.04947312020003572
21089,4181.0,46.0,186.0,12961.0,17374.0,0.24064694370899045,0.7459997697709221,"Greenup County, Kentucky",35853,58562,2338,21,89,21089,0.06521072155747078
21091,1173.0,21.0,64.0,3375.0,4633.0,0.25318368227930066,0.7284696740772717,"Hancock County, Kentucky",9058,68102,729,21,91,21091,0.08048134245970413
21093,16572.0,154.0,684.0,30672.0,48082.0,0.34466120377688114,0.6379102366790067,"Hardin County, Kentucky",111005,64136,10567,21,93,21093,0.09519391018422593
21095,1199.0,16.0,64.0,9109.0,10388.0,0.11542164035425491,0.876877165960724,"Harlan County, Kentucky",26589,35128,974,21,95,21095,0.0366316897965324
21097,2265.0,22.0,92.0,6639.0,9018.0,0.25116433799068527,0.7361942781104458,"Harrison County, Kentucky",18803,58840,1248,21,97,21097,0.06637238738499175
21099,1642.0,13.0,63.0,6691.0,8409.0,0.19526697585919847,0.7956950885955524,"Hart County, Kentucky",19345,45561,821,21,99,21099,0.04243990695270096
21101,6837.0,51.0,208.0,12592.0,19688.0,0.3472673709874035,0.6395774075579033,"Henderson County, Kentucky",44770,56912,3763,21,101,21101,0.08405182041545678
21103,1857.0,21.0,103.0,6093.0,8074.0,0.22999752291305425,0.7546445380232846,"Henry County, Kentucky",15731,58294,1045,21,103,21103,0.0664293433348166
21105,394.0,2.0,17.0,1656.0,2069.0,0.1904301594973417,0.8003866602223296,"Hickman County, Kentucky",4491,68589,572,21,105,21105,0.12736584279670451
21107,4916.0,57.0,203.0,15361.0,20537.0,0.23937283926571554,0.7479670837999708,"Hopkins County, Kentucky",45223,54466,2671,21,107,21107,0.059062866240629765
21109,506.0,9.0,61.0,5358.0,5934.0,0.08527131782945736,0.9029322548028311,"Jackson County, Kentucky",13002,38516,626,21,109,21109,0.048146439009383174
21111,203070.0,1167.0,5304.0,144553.0,354094.0,0.5734917846673482,0.4082334069484374,"Jefferson County, Kentucky",779232,66296,115392,21,111,21111,0.14808426758654675
21113,8303.0,105.0,423.0,17854.0,26685.0,0.31114858534757356,0.6690650178002623,"Jessamine County, Kentucky",53381,69905,6191,21,113,21113,0.1159775950244469
21115,1350.0,20.0,102.0,8150.0,9622.0,0.14030347121180628,0.8470172521305341,"Johnson County, Kentucky",22631,44231,1291,21,115,21115,0.05704564535371835
21117,30859.0,368.0,1277.0,48444.0,80948.0,0.38122004249641744,0.5984582695063497,"Kenton County, Kentucky",169066,76016,27047,21,117,21117,0.15997894313463382
21119,1181.0,15.0,75.0,4732.0,6003.0,0.19673496585040812,0.7882725304014659,"Knott County, Kentucky",14282,38336,746,21,119,21119,0.052233580730990055
21121,1821.0,30.0,127.0,11178.0,13156.0,0.13841593189419277,0.8496503496503497,"Knox County, Kentucky",30207,34254,1833,21,121,21121,0.06068129903664714
21123,1389.0,15.0,82.0,5773.0,7259.0,0.1913486706157873,0.7952886072461771,"Larue County, Kentucky",14902,57867,618,21,123,21123,0.041470943497517114
21125,4037.0,60.0,274.0,23516.0,27887.0,0.1447627926991071,0.8432603004984401,"Laurel County, Kentucky",62442,53693,3840,21,125,21125,0.06149706928029211
21127,1044.0,10.0,56.0,5464.0,6574.0,0.15880742318223304,0.8311530270763614,"Lawrence County, Kentucky",16228,42488,645,21,127,21127,0.03974611782105004
21129,406.0,12.0,45.0,2227.0,2690.0,0.15092936802973977,0.8278810408921933,"Lee County, Kentucky",7338,31682,275,21,129,21129,0.037476151539929135
21131,382.0,12.0,55.0,3908.0,4357.0,0.08767500573789305,0.8969474408997016,"Leslie County, Kentucky",10468,37019,518,21,131,21131,0.049484142147497134
21133,1457.0,20.0,106.0,6848.0,8431.0,0.1728146127387024,0.8122405408611079,"Letcher County, Kentucky",21490,38466,1134,21,133,21133,0.05276872964169381
21135,666.0,12.0,46.0,4997.0,5721.0,0.11641321447299423,0.8734486977801084,"Lewis County, Kentucky",13063,36662,539,21,135,21135,0.041261578504172086
21137,2080.0,23.0,98.0,8833.0,11034.0,0.18850824723581658,0.8005256479970999,"Lincoln County, Kentucky",24320,49487,1554,21,137,21137,0.06389802631578947
21139,886.0,12.0,53.0,4021.0,4972.0,0.17819790828640386,0.8087288817377313,"Livingston County, Kentucky",8980,56125,487,21,139,21139,0.05423162583518931
21141,2734.0,33.0,124.0,9620.0,12511.0,0.2185276956278475,0.7689233474542403,"Logan County, Kentucky",27498,58869,1994,21,141,21141,0.07251436468106771
21143,950.0,7.0,43.0,3187.0,4187.0,0.2268927633150227,0.7611655122999761,"Lyon County, Kentucky",8721,64081,504,21,143,21143,0.05779153766769866
21145,10191.0,97.0,310.0,21349.0,31947.0,0.3189970889285379,0.6682630606942749,"McCracken County, Kentucky",67573,58490,7917,21,145,21145,0.11716218016071508
21147,641.0,9.0,31.0,5531.0,6212.0,0.1031873792659369,0.8903734707018673,"McCreary County, Kentucky",16892,35000,445,21,147,21147,0.02634383139947904
21149,989.0,10.0,57.0,3578.0,4634.0,0.21342252913249893,0.7721191195511438,"McLean County, Kentucky",9173,64020,709,21,149,21149,0.07729205276354519
21151,15180.0,174.0,704.0,29130.0,45188.0,0.3359298928919182,0.6446401699566257,"Madison County, Kentucky",92955,59797,11548,21,151,21151,0.12423215534398364
21153,909.0,13.0,64.0,4288.0,5274.0,0.17235494880546076,0.8130451270383011,"Magoffin County, Kentucky",11647,31927,299,21,153,21153,0.02567184682750923
21155,2513.0,15.0,101.0,6473.0,9102.0,0.27609316633706876,0.7111623818940892,"Marion County, Kentucky",19627,49627,838,21,155,21155,0.04269628572884292
21157,3700.0,46.0,179.0,13677.0,17602.0,0.21020338597886604,0.7770139756845813,"Marshall County, Kentucky",31706,64597,2981,21,157,21157,0.09402005929477071
21159,287.0,4.0,21.0,3343.0,3655.0,0.07852257181942544,0.9146374829001368,"Martin County, Kentucky",11298,45265,566,21,159,21159,0.05009736236502036
21161,2170.0,12.0,98.0,5621.0,7901.0,0.27464877863561576,0.7114289330464498,"Mason County, Kentucky",17068,48460,1423,21,161,21161,0.08337239278181392
21163,3279.0,38.0,176.0,10630.0,14123.0,0.2321744671811938,0.7526729448417475,"Meade County, Kentucky",29964,68518,2143,21,163,21163,0.07151915632091843
21165,664.0,8.0,59.0,2563.0,3294.0,0.201578627808136,0.7780813600485732,"Menifee County, Kentucky",6174,43797,329,21,165,21165,0.05328798185941043
21167,2838.0,38.0,149.0,8826.0,11851.0,0.2394734621550924,0.7447472787106574,"Mercer County, Kentucky",22662,60728,2070,21,167,21167,0.09134233518665608
21169,884.0,11.0,35.0,4197.0,5127.0,0.17242051882192316,0.8186073727325922,"Metcalfe County, Kentucky",10313,46932,552,21,169,21169,0.053524677591389506
21171,576.0,5.0,48.0,4679.0,5308.0,0.10851544837980406,0.8814996232102487,"Monroe County, Kentucky",11331,47252,454,21,171,21171,0.04006707263260083
21173,3329.0,29.0,161.0,9302.0,12821.0,0.25965213321893765,0.725528429919663,"Montgomery County, Kentucky",28188,53436,2061,21,173,21173,0.07311621966794381
21175,939.0,6.0,75.0,4353.0,5373.0,0.17476270240089337,0.8101619207146845,"Morgan County, Kentucky",13840,46018,928,21,175,21175,0.06705202312138728
21177,3048.0,25.0,128.0,10491.0,13692.0,0.22261174408413673,0.766213847502191,"Muhlenberg County, Kentucky",30735,50935,1649,21,177,21177,0.05365218805921588
21179,6515.0,51.0,234.0,16052.0,22852.0,0.28509539646420445,0.702433047435673,"Nelson County, Kentucky",46779,66212,4407,21,179,21179,0.09420893990893349
21181,824.0,9.0,35.0,2451.0,3319.0,0.24826755046700813,0.7384754444109671,"Nicholas County, Kentucky",7613,57539,169,21,181,21181,0.022198870353342965
21183,2094.0,20.0,144.0,8679.0,10937.0,0.1914601810368474,0.7935448477644692,"Ohio County, Kentucky",23782,52474,1318,21,183,21183,0.05542006559582878
21185,14402.0,181.0,602.0,23025.0,38210.0,0.3769170374247579,0.6025909447788537,"Oldham County, Kentucky",67997,117334,11661,21,185,21185,0.17149285997911673
21187,988.0,10.0,68.0,4434.0,5500.0,0.17963636363636365,0.8061818181818182,"Owen County, Kentucky",11229,56485,1158,21,187,21187,0.10312583489179802
21189,203.0,2.0,9.0,1625.0,1839.0,0.11038607939097335,0.8836324089178902,"Owsley County, Kentucky",4054,32844,226,21,189,21189,0.055747409965466205
21191,1210.0,16.0,81.0,5593.0,6900.0,0.1753623188405797,0.8105797101449276,"Pendleton County, Kentucky",14638,58723,1094,21,191,21191,0.07473698592703922
21193,1966.0,18.0,95.0,7913.0,9992.0,0.19675740592473978,0.79193354683747,"Perry County, Kentucky",28136,45330,1139,21,193,21193,0.04048194483935172
21195,4025.0,33.0,208.0,19684.0,23950.0,0.16805845511482254,0.8218789144050105,"Pike County, Kentucky",58196,41271,3511,21,195,21195,0.06033060691456457
21197,1174.0,13.0,81.0,4092.0,5360.0,0.21902985074626866,0.7634328358208955,"Powell County, Kentucky",13089,38415,835,21,197,21197,0.06379402551761021
21199,5351.0,72.0,261.0,26051.0,31735.0,0.1686150937450764,0.8208917598865606,"Pulaski County, Kentucky",65145,48768,4560,21,199,21199,0.06999769744416302
21201,215.0,0.0,14.0,915.0,1144.0,0.18793706293706294,0.7998251748251748,"Robertson County, Kentucky",2207,53798,149,21,201,21201,0.06751246035342093
21203,986.0,16.0,87.0,6635.0,7724.0,0.1276540652511652,0.8590108751941999,"Rockcastle County, Kentucky",16171,45693,640,21,203,21203,0.03957702059241853
21205,3484.0,28.0,137.0,6224.0,9873.0,0.3528815962726628,0.6304061582092576,"Rowan County, Kentucky",24551,50038,1812,21,205,21205,0.0738055476355342
21207,1200.0,16.0,55.0,7622.0,8893.0,0.13493759136399416,0.8570786011469695,"Russell County, Kentucky",18021,48220,1124,21,207,21207,0.06237167748737584
21209,10501.0,115.0,406.0,18747.0,29769.0,0.35274950451812287,0.6297490678222312,"Scott County, Kentucky",57286,80782,7371,21,209,21209,0.12867018119610377
21211,7822.0,88.0,354.0,16356.0,24620.0,0.31770917952883837,0.6643379366368806,"Shelby County, Kentucky",48105,81012,6244,21,211,21211,0.1297993971520632
21213,2403.0,26.0,94.0,6253.0,8776.0,0.27381494986326343,0.7125113947128532,"Simpson County, Kentucky",19574,55907,1111,21,213,21213,0.05675896597527332
21215,2415.0,32.0,106.0,8927.0,11480.0,0.21036585365853658,0.7776132404181184,"Spencer County, Kentucky",19549,101118,1924,21,215,21215,0.09841935648882295
21217,2576.0,17.0,145.0,9523.0,12261.0,0.21009705570508116,0.7766903188973167,"Taylor County, Kentucky",26056,63211,2425,21,217,21217,0.09306877494626957
21219,1051.0,17.0,35.0,4009.0,5112.0,0.20559467918622848,0.7842331768388107,"Todd County, Kentucky",12281,57891,756,21,219,21219,0.06155850500773553
21221,1667.0,16.0,77.0,5436.0,7196.0,0.23165647581989995,0.7554196775986659,"Trigg County, Kentucky",14154,55864,1196,21,221,21221,0.08449908153172248
21223,923.0,6.0,37.0,3283.0,4249.0,0.21722758296069664,0.7726523887973641,"Trimble County, Kentucky",8510,66492,560,21,223,21223,0.06580493537015276
21225,1225.0,8.0,67.0,4758.0,6058.0,0.20221195113898977,0.7854077253218884,"Union County, Kentucky",13495,58260,608,21,225,21225,0.04505372360133383
21227,21065.0,200.0,764.0,34862.0,56891.0,0.3702694626566592,0.6127858536499622,"Warren County, Kentucky",135307,63074,16718,21,227,21227,0.12355606140111007
21229,1533.0,16.0,72.0,4720.0,6341.0,0.24175997476738684,0.7443620879987384,"Washington County, Kentucky",12025,65456,921,21,229,21229,0.07659043659043659
21231,1444.0,10.0,76.0,7203.0,8733.0,0.16534982251230962,0.8248024733768464,"Wayne County, Kentucky",19666,41583,1067,21,231,21231,0.054256076477168715
21233,1153.0,9.0,55.0,4339.0,5556.0,0.20752339812814974,0.7809575233981282,"Webster County, Kentucky",12951,55451,635,21,233,21233,0.04903096286001081
21235,2237.0,32.0,119.0,12687.0,15075.0,0.14839137645107794,0.8415920398009951,"Whitley County, Kentucky",36648,44332,2180,21,235,21235,0.059484828640034924
21237,689.0,12.0,51.0,2163.0,2915.0,0.23636363636363636,0.7420240137221269,"Wolfe County, Kentucky",6573,28666,104,21,237,21237,0.015822303362239463
21239,6282.0,69.0,223.0,8419.0,14993.0,0.4189955312479157,0.5615287133995864,"Woodford County, Kentucky",26886,78295,4579,21,239,21239,0.17031168637952837
22001,6262.0,51.0,276.0,29853.0,36442.0,0.17183469622962516,0.8191921409362823,"Acadia Parish, Louisiana",57674,44977,3777,22,1,22001,0.06548878177341609
22003,2282.0,18.0,100.0,9437.0,11837.0,0.19278533412182142,0.7972459237982596,"Allen Parish, Louisiana",22798,52755,1285,22,3,22003,0.05636459338538468
22005,31189.0,341.0,1153.0,64821.0,97504.0,0.3198740564489662,0.6648034952412208,"Ascension Parish, Louisiana",126973,93800,16316,22,5,22005,0.12849975979145173
22007,4597.0,28.0,147.0,9328.0,14100.0,0.32602836879432623,0.6615602836879433,"Assumption Parish, Louisiana",21067,47023,1217,22,7,22007,0.05776807328997959
22009,5946.0,58.0,192.0,14970.0,21166.0,0.2809222337711424,0.7072663705943494,"Avoyelles Parish, Louisiana",39529,38696,2002,22,9,22009,0.05064636089959271
22011,3450.0,64.0,181.0,19178.0,22873.0,0.15083285970358065,0.8384558212739912,"Beauregard Parish, Louisiana",36553,68525,2961,22,11,22011,0.08100566300987606
22013,3498.0,13.0,64.0,4764.0,8339.0,0.4194747571651277,0.5712915217651997,"Bienville Parish, Louisiana",12958,34268,823,22,13,22013,0.06351288779132583
22015,21400.0,236.0,646.0,57285.0,79567.0,0.2689557228499252,0.7199592796008395,"Bossier Parish, Louisiana",128877,64598,15201,22,15,22015,0.11794967294396984
22017,68944.0,375.0,1354.0,64413.0,135086.0,0.5103711709577602,0.4768295752335549,"Caddo Parish, Louisiana",236259,47572,22890,22,17,22017,0.09688519802420226
22019,34522.0,379.0,1252.0,83495.0,119648.0,0.2885296870821075,0.6978386600695373,"Calcasieu Parish, Louisiana",210770,64370,21647,22,19,22019,0.10270436969208141
22021,817.0,5.0,36.0,5546.0,6404.0,0.12757651467832604,0.8660212367270456,"Caldwell Parish, Louisiana",9658,45707,640,22,21,22021,0.06626630772416649
22023,325.0,1.0,32.0,4548.0,4906.0,0.06624541377904607,0.9270281288218508,"Cameron Parish, Louisiana",5447,69847,384,22,23,22023,0.07049752157150725
22025,1376.0,0.0,37.0,4678.0,6091.0,0.22590707601379084,0.7680183877852569,"Catahoula Parish, Louisiana",8895,48259,693,22,25,22025,0.07790893760539629
22027,3268.0,5.0,76.0,5504.0,8853.0,0.36914040438269513,0.6217101547498023,"Claiborne Parish, Louisiana",14203,32034,786,22,27,22027,0.055340421037808916
22029,3595.0,17.0,89.0,7418.0,11119.0,0.3233204424858351,0.667146326108463,"Concordia Parish, Louisiana",18677,38929,1390,22,29,22029,0.07442308721957488
22031,6714.0,23.0,152.0,14670.0,21559.0,0.31142446310125704,0.6804582772855884,"De Soto Parish, Louisiana",26821,49807,2027,22,31,22031,0.07557510905633645
22033,153469.0,1270.0,4195.0,125698.0,284632.0,0.5391839287219989,0.44161584080496924,"East Baton Rouge Parish, Louisiana",454369,62083,64684,22,33,22033,0.14236006417691346
22035,1839.0,3.0,41.0,1434.0,3317.0,0.5544166415435635,0.43231835996382273,"East Carroll Parish, Louisiana",7371,30856,481,22,35,22035,0.06525573192239859
22037,5819.0,35.0,131.0,9108.0,15093.0,0.3855429669383158,0.6034585569469291,"East Feliciana Parish, Louisiana",19452,64709,1750,22,37,22037,0.08996504215504833
22039,4615.0,46.0,159.0,13976.0,18796.0,0.24553096403490104,0.7435624600978932,"Evangeline Parish, Louisiana",32335,34526,1961,22,39,22039,0.06064635843513221
22041,3021.0,23.0,87.0,10180.0,13311.0,0.22695514987604237,0.7647810081887161,"Franklin Parish, Louisiana",19752,41129,1302,22,41,22041,0.06591737545565006
22043,1407.0,24.0,95.0,10346.0,11872.0,0.11851415094339622,0.8714622641509434,"Grant Parish, Louisiana",22185,57362,1440,22,43,22043,0.06490872210953347
22045,13698.0,69.0,364.0,29016.0,43147.0,0.3174728254571581,0.6724917143717988,"Iberia Parish, Louisiana",69958,55190,4873,22,45,22045,0.06965607936190285
22047,9747.0,57.0,242.0,10648.0,20694.0,0.4710060887213685,0.5145452788247802,"Iberville Parish, Louisiana",30210,59410,2067,22,47,22047,0.06842105263157895
22049,2594.0,20.0,91.0,7760.0,10465.0,0.2478738652651696,0.7415193502150024,"Jackson Parish, Louisiana",15093,40406,987,22,49,22049,0.0653945537666468
22051,115560.0,973.0,3949.0,147543.0,268025.0,0.4311538102788919,0.5504822311351553,"Jefferson Parish, Louisiana",436171,63257,59420,22,51,22051,0.13623097363190126
22053,4011.0,46.0,212.0,17160.0,21429.0,0.1871762564748705,0.8007839843203136,"Jefferson Davis Parish, Louisiana",32277,52470,1963,22,53,22053,0.06081730024475633
22055,54750.0,574.0,1995.0,109002.0,166321.0,0.32918272497159107,0.6553712399516597,"Lafayette Parish, Louisiana",243175,66617,38795,22,55,22055,0.1595353140742264
22057,11265.0,181.0,553.0,51282.0,63281.0,0.1780155180859974,0.810385423744884,"Lafourche Parish, Louisiana",97220,61381,8279,22,57,22057,0.08515737502571487
22059,790.0,15.0,54.0,8944.0,9803.0,0.08058757523207181,0.9123737631337345,"LaSalle Parish, Louisiana",14764,59926,1196,22,59,22059,0.08100785694933622
22061,9831.0,79.0,300.0,16678.0,26888.0,0.3656277893484082,0.6202767033620946,"Lincoln Parish, Louisiana",48323,37001,5494,22,61,22061,0.1136932723547793
22063,14841.0,321.0,825.0,82578.0,98565.0,0.15057068939278648,0.8378024653781768,"Livingston Parish, Louisiana",143425,77978,14911,22,63,22063,0.1039637441171344
22065,2945.0,9.0,62.0,2646.0,5662.0,0.5201342281879194,0.4673260332038149,"Madison Parish, Louisiana",10028,34508,672,22,65,22065,0.06701236537694455
22067,6224.0,32.0,145.0,9921.0,16322.0,0.3813258179144713,0.607829922803578,"Morehouse Parish, Louisiana",25438,37875,1478,22,67,22067,0.05810205204811699
22069,8410.0,58.0,205.0,13126.0,21799.0,0.385797513647415,0.6021377127391164,"Natchitoches Parish, Louisiana",37478,41310,3018,22,69,22069,0.08052724264902075
22071,198085.0,1006.0,4714.0,34685.0,238490.0,0.8305798985282402,0.1454358673319636,"Orleans Parish, Louisiana",380408,51116,60578,22,71,22071,0.15924481083468275
22073,34169.0,199.0,849.0,63705.0,98922.0,0.3454135581569317,0.6439922363073937,"Ouachita Parish, Louisiana",159585,49261,17102,22,73,22073,0.10716546041294608
22075,4545.0,34.0,140.0,11144.0,15863.0,0.286515791464414,0.7025152871461893,"Plaquemines Parish, Louisiana",23305,77996,2016,22,75,22075,0.08650504183651576
22077,6016.0,27.0,129.0,10492.0,16664.0,0.3610177628420547,0.6296207393182909,"Pointe Coupee Parish, Louisiana",20652,53045,1657,22,77,22077,0.08023435986829362
22079,23953.0,218.0,689.0,51177.0,76037.0,0.3150176887567895,0.6730539079658587,"Rapides Parish, Louisiana",129536,55407,12220,22,79,22079,0.094336709486166
22081,1873.0,8.0,88.0,3282.0,5251.0,0.3566939630546563,0.6250238049895258,"Red River Parish, Louisiana",7631,43821,363,22,81,22081,0.047569125933691524
22083,3758.0,17.0,129.0,9422.0,13326.0,0.2820051028065436,0.7070388713792586,"Richland Parish, Louisiana",20028,48125,1315,22,83,22083,0.06565807868983423
22085,1959.0,10.0,80.0,12055.0,14104.0,0.1388967668746455,0.8547220646625071,"Sabine Parish, Louisiana",22209,40777,1484,22,85,22085,0.06681975775586474
22087,8756.0,66.0,311.0,16482.0,25615.0,0.34183095842279915,0.6434511028694124,"St. Bernard Parish, Louisiana",44038,55857,3315,22,87,22087,0.0752758980880149
22089,12966.0,130.0,454.0,25973.0,39523.0,0.32806214103180426,0.6571616527085494,"St. Charles Parish, Louisiana",52191,79191,7025,22,89,22089,0.13460175125979576
22091,4050.0,19.0,98.0,4031.0,8198.0,0.4940229324225421,0.49170529397414003,"St. Helena Parish, Louisiana",10872,46402,616,22,91,22091,0.05665930831493746
22093,8364.0,21.0,103.0,9170.0,17658.0,0.47366632687733606,0.5193113602899536,"St. James Parish, Louisiana",20090,62946,1779,22,93,22093,0.0885515181682429
22095,18502.0,38.0,271.0,10007.0,28818.0,0.6420292872510237,0.3472482476230134,"St. John the Baptist Parish, Louisiana",41986,65114,2863,22,95,22095,0.0681893964654885
22097,21040.0,82.0,432.0,30405.0,51959.0,0.4049346600204007,0.5851729248060971,"St. Landry Parish, Louisiana",82574,44478,4931,22,97,22097,0.059716133407610145
22099,10442.0,64.0,286.0,26985.0,37777.0,0.2764115731794478,0.7143235301903275,"St. Martin Parish, Louisiana",51856,50806,3615,22,99,22099,0.06971228016044431
22101,9840.0,42.0,236.0,20220.0,30338.0,0.32434570505636495,0.6664908695365548,"St. Mary Parish, Louisiana",49114,47322,2823,22,101,22101,0.057478519363114385
22103,59972.0,936.0,2223.0,155052.0,218183.0,0.274870177786537,0.7106511506396007,"St. Tammany Parish, Louisiana",266168,76914,42984,22,103,22103,0.1614919900213399
22105,23508.0,216.0,741.0,53309.0,77774.0,0.3022603955049245,0.6854347211150256,"Tangipahoa Parish, Louisiana",133953,55274,12831,22,105,22105,0.09578732839130143
22107,1477.0,4.0,39.0,1730.0,3250.0,0.4544615384615385,0.5323076923076923,"Tensas Parish, Louisiana",4127,35653,262,22,107,22107,0.06348437121395686
22109,13579.0,144.0,521.0,44791.0,59035.0,0.23001609214872534,0.758719403743542,"Terrebonne Parish, Louisiana",108862,63088,8098,22,109,22109,0.07438775697672283
22111,3099.0,17.0,104.0,11894.0,15114.0,0.20504168320762206,0.7869524943760752,"Union Parish, Louisiana",21049,47068,2025,22,111,22111,0.0962040952064231
22113,6412.0,82.0,279.0,30442.0,37215.0,0.17229611715706034,0.8180034932151015,"Vermilion Parish, Louisiana",57202,56194,5270,22,113,22113,0.09212964581657984
22115,3857.0,58.0,158.0,19078.0,23151.0,0.16660187464904325,0.824068074813183,"Vernon Parish, Louisiana",48452,56547,4115,22,115,22115,0.08492941467844464
22117,7896.0,40.0,224.0,19001.0,27161.0,0.29071094584146384,0.6995692353006149,"Washington Parish, Louisiana",45514,41803,2493,22,117,22117,0.054774355143472335
22119,7410.0,49.0,223.0,16337.0,24019.0,0.3085057662683709,0.6801698655231275,"Webster Parish, Louisiana",36761,34263,2582,22,119,22119,0.07023747993797774
22121,9086.0,60.0,233.0,12164.0,21543.0,0.42176112890498074,0.5646381655294063,"West Baton Rouge Parish, Louisiana",27377,80510,3287,22,121,22121,0.1200642875406363
22123,802.0,9.0,49.0,6272.0,7132.0,0.11245092540661807,0.8794167134043747,"West Carroll Parish, Louisiana",9800,45035,469,22,123,22123,0.047857142857142855
22125,3084.0,38.0,79.0,6211.0,9412.0,0.3276668083297918,0.6599022524436889,"West Feliciana Parish, Louisiana",15358,71985,1709,22,125,22125,0.11127751009245995
22127,1782.0,12.0,60.0,6672.0,8526.0,0.20900774102744546,0.7825475017593244,"Winn Parish, Louisiana",13665,44922,844,22,127,22127,0.061763629710940356
23001,27019.0,370.0,853.0,30605.0,58847.0,0.45913980321851583,0.5200774890818564,"Androscoggin County, Maine",111532,64500,11847,23,1,23001,0.1062206362299609
23003,12900.0,180.0,327.0,22246.0,35653.0,0.36182088463803885,0.6239587131517684,"Aroostook County, Maine",67237,50843,7343,23,3,23003,0.10921070244062049
23005,127971.0,1244.0,3477.0,59964.0,192656.0,0.6642461174321069,0.3112490656922183,"Cumberland County, Maine",303357,87710,67158,23,5,23005,0.22138272728171757
23007,7990.0,119.0,268.0,9459.0,17836.0,0.4479703969499888,0.5303319129849742,"Franklin County, Maine",29839,56890,4035,23,7,23007,0.1352257113174034
23009,19817.0,222.0,663.0,15551.0,36253.0,0.5466306236725237,0.4289576035086751,"Hancock County, Maine",55851,64149,9856,23,9,23009,0.1764695350128019
23011,34585.0,581.0,1131.0,36589.0,72886.0,0.47450813599319486,0.5020031281727629,"Kennebec County, Maine",124003,62118,16692,23,11,23011,0.1346096465408095
23013,15076.0,148.0,407.0,10262.0,25893.0,0.5822423048700421,0.3963233306299,"Knox County, Maine",40729,68904,7362,23,13,23013,0.18075572687765473
23015,13110.0,148.0,336.0,10409.0,24003.0,0.5461817272840895,0.4336541265675124,"Lincoln County, Maine",35466,69638,6501,23,15,23015,0.18330231771273897
23017,14765.0,200.0,397.0,19228.0,34590.0,0.4268574732581671,0.5558832032379301,"Oxford County, Maine",58276,54780,6398,23,17,23017,0.10978790582744183
23019,37945.0,576.0,1114.0,47438.0,87073.0,0.4357837676432419,0.544807230714458,"Penobscot County, Maine",152640,59438,20779,23,19,23019,0.13613076519916142
23021,3510.0,63.0,145.0,6487.0,10205.0,0.34394904458598724,0.6356687898089172,"Piscataquis County, Maine",16936,51805,1990,23,21,23021,0.11750118091639113
23023,13982.0,162.0,395.0,9917.0,24456.0,0.5717206411514557,0.4055037618580308,"Sagadahoc County, Maine",36868,77591,6223,23,23,23023,0.1687913637843116
23025,10134.0,155.0,326.0,17826.0,28441.0,0.35631658521149046,0.6267712105762807,"Somerset County, Maine",50656,53527,5392,23,25,23025,0.10644346178142768
23027,12661.0,137.0,517.0,11815.0,25130.0,0.5038201352964584,0.4701551929964186,"Waldo County, Maine",39772,62694,5948,23,27,23027,0.1495524489590667
23029,6763.0,82.0,200.0,11001.0,18046.0,0.37476449074587165,0.6096087775684362,"Washington County, Maine",31096,51669,3643,23,29,23029,0.11715333161821456
23031,72114.0,866.0,1664.0,58194.0,132838.0,0.5428717686204249,0.43808247639982534,"York County, Maine",212691,79743,33566,23,31,23031,0.1578157985058136
24001,9231.0,130.0,635.0,22141.0,32137.0,0.2872390079970128,0.6889566543236768,"Allegany County, Maryland",68161,55248,5726,24,1,24001,0.08400698346561816
24003,171945.0,2141.0,8594.0,128892.0,311572.0,0.5518628118059389,0.4136828726586471,"Anne Arundel County, Maryland",588109,116009,102712,24,3,24003,0.17464789690346516
24005,249958.0,2240.0,11157.0,149560.0,412915.0,0.6053497693229841,0.36220529648959227,"Baltimore County, Maryland",850737,88157,136268,24,5,24005,0.16017641174652095
24009,23438.0,297.0,1095.0,29361.0,54191.0,0.43250724290011255,0.5418058349172372,"Calvert County, Maryland",93244,128078,12420,24,9,24009,0.13319891896529534
24011,4860.0,84.0,333.0,11053.0,16330.0,0.2976117575015309,0.676852418860992,"Caroline County, Maryland",33320,65326,2362,24,11,24011,0.07088835534213686
24013,36867.0,845.0,2666.0,62273.0,102651.0,0.3591489610427565,0.6066477676788341,"Carroll County, Maryland",173225,111672,28729,24,13,24013,0.16584788569779188
24015,17628.0,291.0,1041.0,33871.0,52831.0,0.3336677329598153,0.6411197970888304,"Cecil County, Maryland",103876,86869,11804,24,15,24015,0.11363548846701836
24017,63454.0,334.0,2164.0,26145.0,92097.0,0.6889909551885512,0.2838854685820385,"Charles County, Maryland",167035,116882,20490,24,17,24017,0.12266890172718292
24019,6954.0,57.0,371.0,9390.0,16772.0,0.4146196041020749,0.5598616742189363,"Dorchester County, Maryland",32557,57490,2425,24,19,24019,0.07448474982338668
24021,82409.0,970.0,3982.0,68753.0,156114.0,0.5278770641966768,0.44040252635894284,"Frederick County, Maryland",273829,115724,45788,24,21,24021,0.16721384513692852
24023,3456.0,75.0,324.0,11983.0,15838.0,0.21820936986993308,0.7565980553100139,"Garrett County, Maryland",28856,64447,2893,24,23,24023,0.10025644579983366
24025,62453.0,1023.0,3564.0,83050.0,150090.0,0.41610367113065494,0.5533346658671464,"Harford County, Maryland",261059,106417,40140,24,25,24025,0.15375834581454767
24027,124764.0,1246.0,6856.0,49425.0,182291.0,0.6844221601724715,0.27113242014142225,"Howard County, Maryland",332011,140971,69388,24,27,24027,0.20899307553063
24029,5251.0,60.0,256.0,5561.0,11128.0,0.4718727534148095,0.49973040977713873,"Kent County, Maryland",19289,71635,2939,24,29,24029,0.15236663383275442
24031,386581.0,2416.0,17587.0,112637.0,519221.0,0.7445403787597189,0.21693460010284638,"Montgomery County, Maryland",1056910,125583,198924,24,31,24031,0.1882128090376664
24033,347038.0,1038.0,10925.0,45008.0,404009.0,0.8589858146724454,0.11140345883383786,"Prince George's County, Maryland",957189,97935,131451,24,33,24033,0.1373302451240037
24035,11273.0,174.0,700.0,20200.0,32347.0,0.3485021794911429,0.6244783132902587,"Queen Anne's County, Maryland",50316,108332,8244,24,35,24035,0.16384450274266635
24037,23531.0,409.0,1432.0,33582.0,58954.0,0.3991417037011908,0.5696305594192081,"St. Mary's County, Maryland",113814,113668,15055,24,37,24037,0.13227722424306324
24039,4054.0,32.0,246.0,5805.0,10137.0,0.3999210811877281,0.5726546315477952,"Somerset County, Maryland",24672,52149,1965,24,39,24039,0.07964494163424124
24041,11119.0,109.0,477.0,11125.0,22830.0,0.4870346035917652,0.48729741568112134,"Talbot County, Maryland",37663,81667,6565,24,41,24041,0.1743090035313172
24043,27260.0,363.0,1655.0,44054.0,73332.0,0.37173403152784595,0.6007472863142966,"Washington County, Maryland",154645,73017,14675,24,43,24043,0.09489475896407902
24045,21513.0,205.0,1129.0,24065.0,46912.0,0.4585820259208731,0.512981753069577,"Wicomico County, Maryland",103815,69421,11476,24,45,24045,0.11054279246736984
24047,12431.0,139.0,679.0,19632.0,32881.0,0.37806027797208114,0.5970621331468021,"Worcester County, Maryland",52827,76689,8043,24,47,24047,0.152251689476972
24510,195109.0,892.0,6769.0,27984.0,230754.0,0.8455281381904539,0.12127200395226084,"Baltimore city, Maryland",584548,58349,72434,24,510,24510,0.12391454593976885
25001,88129.0,684.0,2521.0,57451.0,148785.0,0.5923244950767886,0.3861343549416944,"Barnstable County, Massachusetts",229436,90447,45373,25,1,25001,0.19775885214177374
25003,47094.0,323.0,1452.0,19805.0,68674.0,0.6857617147683257,0.2883915310015435,"Berkshire County, Massachusetts",128763,69744,19592,25,3,25003,0.15215551051156
25005,137786.0,1222.0,4813.0,134196.0,278017.0,0.495602786879939,0.4826899074517026,"Bristol County, Massachusetts",576699,80628,78287,25,5,25005,0.1357501920412555
25007,9137.0,53.0,274.0,2745.0,12209.0,0.7483823408960603,0.22483413875010239,"Dukes County, Massachusetts",20543,93225,3694,25,7,25007,0.17981794285157962
25009,236624.0,1948.0,7943.0,155336.0,401851.0,0.5888351652727006,0.3865512341639065,"Essex County, Massachusetts",806103,94378,138834,25,9,25009,0.17222861098395614
25011,28305.0,259.0,1256.0,12428.0,42248.0,0.6699725430789624,0.294167771255444,"Franklin County, Massachusetts",70980,70383,11539,25,11,25011,0.16256692025922795
25013,110937.0,931.0,4262.0,92474.0,208604.0,0.5318066767655462,0.44329926559414007,"Hampden County, Massachusetts",464575,66619,54812,25,13,25013,0.11798310283592531
25015,58617.0,412.0,2435.0,23256.0,84720.0,0.6918909348441926,0.2745042492917847,"Hampshire County, Massachusetts",153931,84025,24676,25,15,25015,0.16030559146630632
25017,554471.0,4541.0,20702.0,235118.0,814832.0,0.6804727845739981,0.28854782335499835,"Middlesex County, Massachusetts",1623109,121304,330386,25,17,25017,0.20355133265849676
25019,4784.0,33.0,130.0,2171.0,7118.0,0.6720989041865693,0.3050014048890138,"Nantucket County, Massachusetts",14065,135590,3481,25,19,25019,0.247493778883754
25021,242712.0,2040.0,9198.0,132497.0,386447.0,0.6280602514704474,0.34285943479959735,"Norfolk County, Massachusetts",722112,120621,148960,25,21,25021,0.2062837897722237
25023,159962.0,1515.0,5108.0,133544.0,300129.0,0.5329774863475373,0.4449553358722416,"Plymouth County, Massachusetts",529548,105387,93963,25,23,25023,0.17744000543860047
25025,222280.0,1324.0,9109.0,66480.0,299193.0,0.7429318199289422,0.22219771184486267,"Suffolk County, Massachusetts",785443,87669,146861,25,25,25025,0.18697855859686827
25027,225680.0,2450.0,8909.0,183802.0,420841.0,0.5362595374500108,0.4367492711023878,"Worcester County, Massachusetts",858898,88524,133862,25,27,25027,0.1558531979350284
26001,2140.0,26.0,60.0,5257.0,7483.0,0.28598155819858345,0.7025257249766137,"Alcona County, Michigan",10238,50295,1041,26,1,26001,0.10168001562805236
26003,2075.0,23.0,44.0,3116.0,5258.0,0.39463674400912896,0.5926207683529859,"Alger County, Michigan",8866,55528,965,26,3,26003,0.10884277013309271
26005,25637.0,367.0,703.0,45206.0,71913.0,0.3565002155382198,0.6286206944502385,"Allegan County, Michigan",120189,75543,13239,26,5,26005,0.11015151136959289
26007,6038.0,76.0,132.0,10967.0,17213.0,0.350781386161622,0.6371347237553012,"Alpena County, Michigan",28911,49133,2221,26,7,26007,0.07682197087613711
26009,6330.0,70.0,142.0,10341.0,16883.0,0.3749333649232956,0.6125096250666351,"Antrim County, Michigan",23662,68850,3587,26,9,26009,0.15159327191277153
26011,2662.0,42.0,75.0,6379.0,9158.0,0.29067481982965715,0.6965494649486788,"Arenac County, Michigan",15031,53487,1088,26,11,26011,0.07238374027010844
26013,1488.0,13.0,52.0,2779.0,4332.0,0.34349030470914127,0.6415050784856879,"Baraga County, Michigan",8245,51911,645,26,13,26013,0.0782292298362644
26015,12391.0,178.0,406.0,25650.0,38625.0,0.3208025889967637,0.6640776699029126,"Barry County, Michigan",62581,75182,7242,26,15,26015,0.1157220242565635
26017,25767.0,195.0,584.0,34792.0,61338.0,0.4200821676611562,0.5672177116958492,"Bay County, Michigan",103752,57887,10450,26,17,26017,0.10072094995759118
26019,5780.0,54.0,117.0,6895.0,12846.0,0.4499455083294411,0.5367429550054492,"Benzie County, Michigan",18058,71327,2713,26,19,26019,0.1502381216081515
26021,38323.0,360.0,830.0,44975.0,84488.0,0.45359104251491333,0.5323241170343718,"Berrien County, Michigan",153938,60379,19850,26,21,26021,0.12894801803323416
26023,5911.0,77.0,253.0,14848.0,21089.0,0.2802883019583669,0.7040637299065864,"Branch County, Michigan",44795,60600,3486,26,23,26023,0.07782118540015627
26025,28988.0,262.0,649.0,38606.0,68505.0,0.4231515947741041,0.5635501058316911,"Calhoun County, Michigan",134011,58191,13238,26,25,26025,0.09878293572915656
26027,9050.0,94.0,222.0,18505.0,27871.0,0.3247102723260737,0.6639517778335905,"Cass County, Michigan",51604,65183,5032,26,27,26027,0.09751182078908611
26029,7197.0,75.0,206.0,10183.0,17661.0,0.40750806862578565,0.5765811675443067,"Charlevoix County, Michigan",26174,69764,3914,26,29,26029,0.14953770917704592
26031,5543.0,66.0,161.0,10653.0,16423.0,0.33751446142604885,0.648663459782013,"Cheboygan County, Michigan",25709,59557,2667,26,31,26031,0.10373799058695399
26033,6796.0,90.0,230.0,11249.0,18365.0,0.3700517288320174,0.6125238224884291,"Chippewa County, Michigan",36670,58408,3700,26,33,26033,0.10089991818925552
26035,5273.0,72.0,171.0,11772.0,17288.0,0.30500925497454884,0.6809347524294308,"Clare County, Michigan",30998,47816,1650,26,35,26035,0.053229240596167494
26037,22450.0,220.0,565.0,26751.0,49986.0,0.4491257552114592,0.535169847557316,"Clinton County, Michigan",79249,82594,11239,26,37,26037,0.1418188242122929
26039,2752.0,31.0,80.0,5613.0,8476.0,0.32468145351580935,0.6622227465785748,"Crawford County, Michigan",13197,57998,1192,26,39,26039,0.09032355838448132
26041,7462.0,86.0,217.0,14109.0,21874.0,0.3411355947700466,0.6450123434214136,"Delta County, Michigan",36839,53852,3750,26,41,26041,0.10179429409050192
26043,4763.0,56.0,169.0,10324.0,15312.0,0.3110632183908046,0.6742424242424242,"Dickinson County, Michigan",25937,59651,3142,26,43,26043,0.12113968462042642
26045,31056.0,310.0,740.0,33102.0,65208.0,0.4762605815237394,0.5076370997423629,"Eaton County, Michigan",109072,77158,15772,26,45,26045,0.1446017309667009
26047,10005.0,88.0,293.0,12465.0,22851.0,0.43783641853748195,0.5454903505317054,"Emmet County, Michigan",34072,69690,5539,26,47,26047,0.16256750410894577
26049,114670.0,679.0,2616.0,105303.0,223268.0,0.5135980077754089,0.47164394360141176,"Genesee County, Michigan",405280,58594,41339,26,49,26049,0.10200108566916699
26051,4501.0,46.0,132.0,10809.0,15488.0,0.2906120867768595,0.6978951446280992,"Gladwin County, Michigan",25461,53717,1784,26,51,26051,0.07006794705628215
26053,3385.0,24.0,83.0,4803.0,8295.0,0.40807715491259794,0.5790235081374322,"Gogebic County, Michigan",14597,47913,1667,26,53,26053,0.11420154826334178
26055,30339.0,351.0,659.0,31423.0,62772.0,0.4833205887975531,0.5005894347798382,"Grand Traverse County, Michigan",95315,75553,15878,26,55,26055,0.16658448302995332
26057,6682.0,74.0,198.0,12894.0,19848.0,0.336658605401048,0.6496372430471584,"Gratiot County, Michigan",41534,57934,3514,26,57,26057,0.08460538354119516
26059,5875.0,95.0,227.0,18631.0,24828.0,0.2366280006444337,0.7504027710649267,"Hillsdale County, Michigan",45698,59425,3631,26,59,26059,0.07945643135366974
26061,7881.0,75.0,237.0,11181.0,19374.0,0.40678228553731804,0.5771136574790957,"Houghton County, Michigan",37414,52736,4125,26,61,26061,0.11025284652803763
26063,5522.0,70.0,153.0,13224.0,18969.0,0.29110654225314986,0.6971374347619801,"Huron County, Michigan",31461,54475,2558,26,63,26063,0.08130701503448715
26065,94542.0,659.0,2336.0,50564.0,148101.0,0.6383616585978488,0.3414156555323732,"Ingham County, Michigan",282540,62548,38966,26,65,26065,0.13791321582784738
26067,11338.0,173.0,331.0,22179.0,34021.0,0.3332647482437318,0.6519208724023398,"Ionia County, Michigan",66663,71720,5605,26,67,26067,0.08407962437934087
26069,5344.0,66.0,166.0,10155.0,15731.0,0.33971139787680377,0.6455406522153709,"Iosco County, Michigan",25319,46224,1882,26,69,26069,0.07433152968126704
26071,2441.0,23.0,62.0,4501.0,7027.0,0.34737441297851146,0.6405293866514872,"Iron County, Michigan",11585,52241,1147,26,71,26071,0.09900733707380233
26073,14011.0,116.0,388.0,16320.0,30835.0,0.45438624939192473,0.5292686881790174,"Isabella County, Michigan",64938,52638,5938,26,73,26073,0.09144106686377776
26075,32348.0,332.0,948.0,50199.0,83827.0,0.38588998771278943,0.598840469061281,"Jackson County, Michigan",160637,62581,16714,26,75,26075,0.10404825787334175
26077,84501.0,680.0,1858.0,58671.0,145710.0,0.5799258801729462,0.4026559604694256,"Kalamazoo County, Michigan",261426,67905,40547,26,77,26077,0.15509933977492674
26079,3206.0,67.0,107.0,8149.0,11529.0,0.27808136004857315,0.7068262642033134,"Kalkaska County, Michigan",17934,56380,1403,26,79,26079,0.0782312925170068
26081,192668.0,1947.0,4612.0,172720.0,371947.0,0.517998532048921,0.46436723511683115,"Kent County, Michigan",657321,76247,108970,26,81,26081,0.16577897252636078
26083,690.0,6.0,19.0,896.0,1611.0,0.42830540037243947,0.5561762880198634,"Keweenaw County, Michigan",2088,55560,379,26,83,26083,0.18151340996168583
26085,2298.0,27.0,67.0,4523.0,6915.0,0.33232104121475053,0.6540853217642806,"Lake County, Michigan",12285,45946,851,26,85,26085,0.06927146927146927
26087,16338.0,206.0,497.0,38398.0,55439.0,0.2947022853947582,0.6926171106982449,"Lapeer County, Michigan",88687,75402,8065,26,87,26087,0.09093779246112733
26089,9406.0,77.0,167.0,8035.0,17685.0,0.5318631608707944,0.45433983601922534,"Leelanau County, Michigan",22426,82345,4935,26,89,26089,0.22005707660750914
26091,20787.0,226.0,540.0,33463.0,55016.0,0.377835538752363,0.6082412389123164,"Lenawee County, Michigan",99263,65484,10011,26,91,26091,0.10085328873799905
26093,49503.0,545.0,1183.0,81217.0,132448.0,0.3737542280744141,0.6131991423049046,"Livingston County, Michigan",194302,96135,35752,26,93,26093,0.1840022233430433
26095,769.0,13.0,33.0,2170.0,2985.0,0.2576214405360134,0.7269681742043551,"Luce County, Michigan",5442,51015,411,26,95,26095,0.07552370452039692
26097,2675.0,21.0,66.0,4476.0,7238.0,0.36957723127935893,0.6184028737220226,"Mackinac County, Michigan",10843,60620,1360,26,97,26097,0.12542654246979618
26099,214977.0,1695.0,7820.0,284660.0,509152.0,0.4222255829300484,0.5590864810508454,"Macomb County, Michigan",878453,73876,107738,26,99,26099,0.12264515005356007
26101,6309.0,63.0,177.0,8748.0,15297.0,0.41243381055108846,0.5718768385958031,"Manistee County, Michigan",25058,59467,3016,26,101,26101,0.12036076302977093
26103,20866.0,167.0,517.0,17459.0,39009.0,0.5349022020559359,0.44756338280909536,"Marquette County, Michigan",66376,63115,10526,26,103,26103,0.158581414969266
26105,6973.0,74.0,187.0,10830.0,18064.0,0.38601638618246237,0.5995349867139061,"Mason County, Michigan",29178,60744,3067,26,105,26105,0.1051134416341079
26107,7688.0,109.0,247.0,14445.0,22489.0,0.34185601849793235,0.6423140201876473,"Mecosta County, Michigan",40128,54132,3940,26,107,26107,0.09818580542264753
26109,4256.0,45.0,112.0,8647.0,13060.0,0.32588055130168453,0.6620980091883614,"Menominee County, Michigan",23433,54074,1952,26,109,26109,0.08330132718815346
26111,20926.0,252.0,552.0,28571.0,50301.0,0.41601558617124906,0.5680006361702551,"Midland County, Michigan",83503,73643,12630,26,111,26111,0.15125205082452128
26113,1945.0,67.0,74.0,7066.0,9152.0,0.21252185314685315,0.7720716783216783,"Missaukee County, Michigan",15089,57667,1263,26,113,26113,0.0837033600636225
26115,32622.0,382.0,947.0,57405.0,91356.0,0.3570865624589518,0.6283659529751741,"Monroe County, Michigan",154823,72573,15952,26,115,26115,0.10303378696963629
26117,10368.0,153.0,378.0,23946.0,34845.0,0.2975462763667671,0.6872148084373655,"Montcalm County, Michigan",66901,61250,4683,26,117,26117,0.06999895367782245
26119,1702.0,27.0,63.0,4599.0,6391.0,0.2663120012517603,0.71960569550931,"Montmorency County, Michigan",9261,46345,741,26,119,26119,0.08001295756397797
26121,46028.0,369.0,1051.0,47733.0,95181.0,0.4835839085531776,0.5014971475399502,"Muskegon County, Michigan",175947,61347,17502,26,121,26121,0.09947313679687633
26123,8131.0,133.0,307.0,20630.0,29201.0,0.27844936817232285,0.706482654703606,"Newaygo County, Michigan",50130,59065,4372,26,123,26123,0.08721324556153999
26125,419519.0,2926.0,11909.0,337791.0,772145.0,0.5433163460230915,0.4374709413387382,"Oakland County, Michigan",1272264,92620,253140,26,125,26125,0.1989681386881968
26127,5085.0,71.0,167.0,9547.0,14870.0,0.3419636852723605,0.6420309347679892,"Oceana County, Michigan",26707,60691,2357,26,127,26127,0.08825401580110083
26129,3578.0,44.0,121.0,8879.0,12622.0,0.28347330058627795,0.70345428616701,"Ogemaw County, Michigan",20820,50377,1535,26,129,26129,0.07372718539865514
26131,1313.0,14.0,35.0,2479.0,3841.0,0.34183806300442593,0.6454048424889351,"Ontonagon County, Michigan",5862,48316,502,26,131,26131,0.08563630160354828
26133,3326.0,68.0,151.0,9639.0,13184.0,0.2522754854368932,0.7311134708737864,"Osceola County, Michigan",23022,54875,1796,26,133,26133,0.07801233602640952
26135,1414.0,12.0,50.0,3716.0,5192.0,0.2723420647149461,0.7157164869029276,"Oscoda County, Michigan",8264,48692,579,26,135,26135,0.07006292352371733
26137,5052.0,66.0,160.0,10693.0,15971.0,0.3163233360465844,0.6695260159038257,"Otsego County, Michigan",25221,62865,3142,26,137,26137,0.1245787240791404
26139,69653.0,966.0,1755.0,106133.0,178507.0,0.3901975832880503,0.5945593170015742,"Ottawa County, Michigan",296183,83932,45105,26,139,26139,0.15228760597333404
26141,3036.0,35.0,103.0,5568.0,8742.0,0.3472889498970487,0.6369251887439945,"Presque Isle County, Michigan",13083,55986,1389,26,141,26141,0.10616831002063747
26143,5290.0,48.0,148.0,10582.0,16068.0,0.32922579039083893,0.6585760517799353,"Roscommon County, Michigan",23556,49898,1983,26,143,26143,0.08418237391747325
26145,49515.0,360.0,1059.0,52912.0,103846.0,0.4768118174989889,0.5095237178129153,"Saginaw County, Michigan",189821,56579,19474,26,145,26145,0.1025913887293819
26147,30844.0,379.0,1024.0,64277.0,96524.0,0.3195474700592599,0.6659172848203555,"St. Clair County, Michigan",160257,66887,14300,26,147,26147,0.08923167162744841
26149,9452.0,138.0,314.0,19403.0,29307.0,0.32251680485890744,0.6620602586412803,"St. Joseph County, Michigan",60887,62281,4415,26,149,26149,0.0725113735280109
26151,5957.0,92.0,210.0,17080.0,23339.0,0.25523801362526244,0.7318222717340075,"Sanilac County, Michigan",40759,55740,2940,26,151,26151,0.07213130842267966
26153,1631.0,11.0,60.0,3196.0,4898.0,0.3329930583911801,0.652511229073091,"Schoolcraft County, Michigan",8062,55071,807,26,153,26153,0.10009923096005954
26155,15335.0,172.0,460.0,24718.0,40685.0,0.37692024087501536,0.6075457785424604,"Shiawassee County, Michigan",68124,62498,6225,26,155,26155,0.09137748810991721
26157,8562.0,123.0,268.0,21764.0,30717.0,0.2787381580232445,0.7085327343165022,"Tuscola County, Michigan",53218,59815,3977,26,157,26157,0.07473035439137134
26159,17175.0,159.0,428.0,23407.0,41169.0,0.4171828317423304,0.5685588671087469,"Van Buren County, Michigan",75636,65531,7423,26,159,26159,0.09814109683219631
26161,157152.0,935.0,4611.0,58844.0,221542.0,0.7093553366855946,0.26561103537929603,"Washtenaw County, Michigan",370231,84245,62954,26,161,26161,0.17003978597146105
26163,537032.0,2654.0,28144.0,288860.0,856690.0,0.6268685288727545,0.33718147754730415,"Wayne County, Michigan",1781641,57223,192328,26,163,26163,0.10794991808113981
26165,6224.0,102.0,182.0,12968.0,19476.0,0.31957280755802014,0.6658451427397823,"Wexford County, Michigan",33766,58652,3061,26,165,26165,0.09065331990759937
27001,3524.0,31.0,150.0,6741.0,10446.0,0.33735401110472907,0.6453187823090178,"Aitkin County, Minnesota",15859,56406,1552,27,1,27001,0.09786241251024655
27003,97667.0,1137.0,4703.0,106974.0,210481.0,0.4640181299024615,0.5082358977769965,"Anoka County, Minnesota",363985,95782,56466,27,3,27003,0.15513276646015633
27005,6435.0,58.0,285.0,12961.0,19739.0,0.32600435685698365,0.6566188763361872,"Becker County, Minnesota",35202,68683,4375,27,5,27005,0.12428271120959036
27007,11493.0,97.0,386.0,12898.0,24874.0,0.4620487255769076,0.5185334083782263,"Beltrami County, Minnesota",46274,62173,5532,27,7,27007,0.11954877468989066
27009,7084.0,118.0,362.0,15260.0,22824.0,0.3103750438135296,0.6685944619698563,"Benton County, Minnesota",41300,70346,4502,27,9,27009,0.10900726392251817
27011,964.0,6.0,58.0,1796.0,2824.0,0.3413597733711048,0.6359773371104815,"Big Stone County, Minnesota",5161,63024,475,27,11,27011,0.09203642704902151
27013,17558.0,160.0,723.0,18001.0,36442.0,0.4818067065473904,0.4939630097140662,"Blue Earth County, Minnesota",69022,70906,9412,27,13,27013,0.13636231926052564
27015,4576.0,67.0,263.0,9692.0,14598.0,0.31346759830113713,0.6639265652829155,"Brown County, Minnesota",25880,67038,3020,27,15,27015,0.11669242658423493
27017,9905.0,79.0,396.0,10435.0,20815.0,0.4758587557050204,0.5013211626231083,"Carlton County, Minnesota",36362,74660,4272,27,17,27017,0.11748528683790771
27019,31869.0,413.0,1292.0,35586.0,69160.0,0.46080104106419895,0.5145459803354541,"Carver County, Minnesota",107216,116308,23365,27,19,27019,0.21792456349798536
27021,6300.0,54.0,250.0,12759.0,19363.0,0.32536280535041057,0.6589371481691887,"Cass County, Minnesota",30288,61970,3915,27,21,27021,0.12925911251980982
27023,2026.0,16.0,101.0,4175.0,6318.0,0.3206710984488762,0.6608103830326053,"Chippewa County, Minnesota",12466,62112,1134,27,23,27023,0.09096743141344457
27025,11894.0,185.0,475.0,23047.0,35601.0,0.3340917389960956,0.6473694559141597,"Chisago County, Minnesota",56927,97446,6656,27,25,27025,0.11692167161452387
27027,16121.0,141.0,647.0,15965.0,32874.0,0.49038754030540854,0.4856421488106102,"Clay County, Minnesota",65307,75006,9991,27,27,27027,0.15298513176229195
27029,1169.0,16.0,54.0,3575.0,4814.0,0.24283340257582053,0.7426256751142501,"Clearwater County, Minnesota",8541,62723,748,27,29,27029,0.08757756702962183
27031,2416.0,12.0,90.0,1142.0,3660.0,0.6601092896174864,0.3120218579234973,"Cook County, Minnesota",5611,71937,1266,27,31,27031,0.2256282302619854
27033,1705.0,15.0,111.0,4157.0,5988.0,0.2847361389445558,0.6942217768871075,"Cottonwood County, Minnesota",11481,63586,1318,27,33,27033,0.11479836251197631
27035,14173.0,157.0,613.0,27423.0,42366.0,0.3345371288297219,0.6472879195581362,"Crow Wing County, Minnesota",66558,65975,8574,27,35,27035,0.12881997656179572
27037,143267.0,1346.0,5197.0,109995.0,259805.0,0.551440503454514,0.4233752237254864,"Dakota County, Minnesota",439179,101360,89817,27,37,27037,0.20451114465855608
27039,4108.0,50.0,231.0,8095.0,12484.0,0.3290611983338674,0.6484299903876962,"Dodge County, Minnesota",20893,92890,3107,27,39,27039,0.14871009428995358
27041,7938.0,72.0,370.0,16726.0,25106.0,0.3161793993467697,0.6662152473512308,"Douglas County, Minnesota",39081,72472,5526,27,41,27041,0.14139863360712365
27043,2352.0,23.0,139.0,5247.0,7761.0,0.30305373018940857,0.6760726710475454,"Faribault County, Minnesota",13931,64000,1615,27,43,27043,0.11592850477352666
27045,4491.0,40.0,216.0,7638.0,12385.0,0.36261606782398065,0.6167137666532095,"Fillmore County, Minnesota",21251,73234,2279,27,45,27045,0.10724201214060515
27047,6448.0,46.0,207.0,10003.0,16704.0,0.38601532567049807,0.5988386015325671,"Freeborn County, Minnesota",30857,65679,2625,27,47,27047,0.08506983828628836
27049,11731.0,157.0,468.0,16461.0,28817.0,0.4070860950133602,0.5712253183884513,"Goodhue County, Minnesota",47697,78338,6173,27,49,27049,0.12942113759775248
27051,1187.0,11.0,79.0,2266.0,3543.0,0.3350268134349421,0.6395709850409258,"Grant County, Minnesota",6091,67600,606,27,51,27051,0.09949105237235265
27053,502710.0,3585.0,16634.0,197244.0,720173.0,0.6980406096868391,0.27388419171504624,"Hennepin County, Minnesota",1270787,92595,292492,27,53,27053,0.23016603097135868
27055,4667.0,43.0,171.0,6547.0,11428.0,0.4083829191459573,0.5728911445572279,"Houston County, Minnesota",18826,71580,2685,27,55,27055,0.14262190587485393
27057,4536.0,54.0,218.0,8809.0,13617.0,0.3331130204890945,0.6469119482999193,"Hubbard County, Minnesota",21479,67197,3032,27,57,27057,0.1411611341310117
27059,7384.0,108.0,399.0,18027.0,25918.0,0.28489852612084265,0.6955397793039586,"Isanti County, Minnesota",41257,84063,4173,27,59,27059,0.1011464721138231
27061,10467.0,95.0,415.0,15863.0,26840.0,0.38997764530551415,0.5910208643815201,"Itasca County, Minnesota",45054,63962,5232,27,61,27061,0.11612731388999867
27063,1581.0,12.0,102.0,3949.0,5644.0,0.28012048192771083,0.6996810772501771,"Jackson County, Minnesota",9990,68368,1255,27,63,27063,0.12562562562562563
27065,2718.0,36.0,131.0,6818.0,9703.0,0.2801195506544368,0.7026692775430279,"Kanabec County, Minnesota",16145,68995,1074,27,65,27065,0.06652214307835243
27067,7814.0,96.0,359.0,15014.0,23283.0,0.33560967229308936,0.6448481724863634,"Kandiyohi County, Minnesota",43686,73285,5365,27,67,27067,0.12280822231378474
27069,911.0,18.0,36.0,1535.0,2500.0,0.3644,0.614,"Kittson County, Minnesota",4191,66000,563,27,69,27069,0.1343354807921737
27071,2465.0,25.0,95.0,4204.0,6789.0,0.36308734717926056,0.6192370010310797,"Koochiching County, Minnesota",12072,59779,1188,27,71,27071,0.09840954274353876
27073,1314.0,15.0,67.0,2600.0,3996.0,0.32882882882882886,0.6506506506506506,"Lac qui Parle County, Minnesota",6736,66967,770,27,73,27073,0.11431116389548694
27075,3534.0,28.0,127.0,3265.0,6954.0,0.5081967213114754,0.4695139488064423,"Lake County, Minnesota",10915,73860,1397,27,75,27075,0.12798900595510765
27077,604.0,11.0,22.0,1710.0,2347.0,0.25734980826587134,0.7285896889646357,"Lake of the Woods County, Minnesota",3786,61667,466,27,77,27077,0.1230850501848917
27079,5636.0,57.0,273.0,11503.0,17469.0,0.32262865647718814,0.658480737306085,"Le Sueur County, Minnesota",28795,87180,3466,27,79,27079,0.12036811946518493
27081,972.0,13.0,60.0,2190.0,3235.0,0.30046367851622874,0.6769706336939721,"Lincoln County, Minnesota",5630,64750,619,27,81,27081,0.10994671403197158
27083,4284.0,64.0,242.0,8400.0,12990.0,0.32979214780600463,0.6466512702078522,"Lyon County, Minnesota",25352,68919,3203,27,83,27083,0.12634111707163143
27085,6374.0,84.0,347.0,14394.0,21199.0,0.30067456012076044,0.6789942921835935,"McLeod County, Minnesota",36727,73296,3176,27,85,27085,0.08647588967244806
27087,975.0,1.0,42.0,1165.0,2183.0,0.44663307375171785,0.5336692624828218,"Mahnomen County, Minnesota",5389,52739,314,27,87,27087,0.05826683985897198
27089,1177.0,15.0,65.0,3774.0,5031.0,0.23394951301928046,0.7501490757304711,"Marshall County, Minnesota",9017,69396,917,27,89,27089,0.10169679494288567
27091,3171.0,28.0,155.0,7442.0,10796.0,0.2937198962578733,0.6893293812523157,"Martin County, Minnesota",19960,61674,2185,27,91,27091,0.1094689378757515
27093,3802.0,49.0,198.0,9645.0,13694.0,0.27763984226668614,0.7043230611946838,"Meeker County, Minnesota",23352,75926,2195,27,93,27093,0.09399623158615965
27095,4374.0,57.0,189.0,10570.0,15190.0,0.2879526003949967,0.695852534562212,"Mille Lacs County, Minnesota",26680,68088,2083,27,95,27095,0.07807346326836581
27097,4306.0,64.0,277.0,15666.0,20313.0,0.21198247427755623,0.7712302466400827,"Morrison County, Minnesota",34023,66264,2922,27,97,27097,0.08588307909355436
27099,8312.0,54.0,306.0,10297.0,18969.0,0.43818862354367655,0.5428330433865781,"Mower County, Minnesota",40082,66972,4275,27,99,27099,0.10665635447332968
27101,1329.0,15.0,79.0,3346.0,4769.0,0.27867477458586704,0.7016145942545607,"Murray County, Minnesota",8170,71500,971,27,101,27101,0.11884944920440636
27103,9441.0,81.0,355.0,9540.0,19417.0,0.4862234124736056,0.49132203738991603,"Nicollet County, Minnesota",34380,79113,5191,27,103,27103,0.1509889470622455
27105,2599.0,15.0,120.0,5541.0,8275.0,0.3140785498489426,0.669607250755287,"Nobles County, Minnesota",22194,62973,1841,27,105,27105,0.08295034694061458
27107,1233.0,18.0,80.0,1963.0,3294.0,0.3743169398907104,0.5959319975713419,"Norman County, Minnesota",6457,65278,786,27,107,27107,0.12172835682205359
27109,49121.0,494.0,1842.0,39467.0,90924.0,0.5402424002463596,0.4340658132066341,"Olmsted County, Minnesota",162307,90420,29258,27,109,27109,0.1802633281374186
27111,11752.0,146.0,562.0,24276.0,36736.0,0.319904181184669,0.6608231707317073,"Otter Tail County, Minnesota",60072,67990,7778,27,111,27111,0.12947795978159543
27113,2439.0,39.0,147.0,4756.0,7381.0,0.33044302939981035,0.6443571331797859,"Pennington County, Minnesota",13995,71504,1391,27,113,27113,0.09939264022865309
27115,5339.0,62.0,236.0,11274.0,16911.0,0.3157116669623322,0.6666666666666666,"Pine County, Minnesota",29090,65059,2317,27,115,27115,0.07964936404262633
27117,1215.0,13.0,72.0,3537.0,4837.0,0.25118875335952034,0.7312383708910482,"Pipestone County, Minnesota",9380,68341,882,27,117,27117,0.09402985074626866
27119,4967.0,52.0,238.0,10162.0,15419.0,0.3221350282119463,0.6590570075880408,"Polk County, Minnesota",31128,69540,4095,27,119,27119,0.13155358519660756
27121,2398.0,23.0,120.0,4677.0,7218.0,0.3322249930728734,0.6479634247714048,"Pope County, Minnesota",11312,71212,1249,27,121,27121,0.11041371994342292
27123,195168.0,1331.0,6242.0,75284.0,278025.0,0.701980037766388,0.27078140454995053,"Ramsey County, Minnesota",547202,78108,99680,27,123,27123,0.18216307688933886
27125,642.0,7.0,42.0,1425.0,2116.0,0.30340264650283555,0.6734404536862004,"Red Lake County, Minnesota",3912,73889,393,27,125,27125,0.1004601226993865
27127,2300.0,24.0,107.0,5895.0,8326.0,0.27624309392265195,0.7080230602930578,"Redwood County, Minnesota",15428,65617,1560,27,127,27127,0.10111485610578169
27129,2280.0,30.0,138.0,5610.0,8058.0,0.28294862248696945,0.6962025316455697,"Renville County, Minnesota",14707,66313,1448,27,129,27129,0.09845651730468484
27131,17353.0,155.0,640.0,18264.0,36412.0,0.4765736570361419,0.501592881467648,"Rice County, Minnesota",67152,78214,8107,27,131,27131,0.12072611389087444
27133,1585.0,22.0,76.0,3690.0,5373.0,0.2949934859482598,0.6867671691792295,"Rock County, Minnesota",9659,75060,1295,27,133,27133,0.13407185008800082
27135,2093.0,16.0,111.0,6279.0,8499.0,0.2462642663842805,0.7387927991528415,"Roseau County, Minnesota",15294,70122,1672,27,135,27135,0.10932391787629135
27137,66335.0,507.0,2102.0,50065.0,119009.0,0.5573948188792445,0.42068246939307113,"St. Louis County, Minnesota",200122,66491,27655,27,137,27137,0.13819070367076083
27139,40214.0,494.0,1596.0,47837.0,90141.0,0.44612329572558546,0.5306908066251761,"Scott County, Minnesota",151347,118268,29695,27,139,27139,0.196204748029363
27141,18329.0,302.0,838.0,38491.0,57960.0,0.3162353347135956,0.664095928226363,"Sherburne County, Minnesota",97820,99431,12484,27,141,27141,0.12762216315681865
27143,2351.0,33.0,139.0,6014.0,8537.0,0.27538948108234745,0.7044629260864472,"Sibley County, Minnesota",14950,74781,1492,27,143,27143,0.09979933110367893
27145,30829.0,338.0,1533.0,53932.0,86632.0,0.3558615753993905,0.6225413242219965,"Stearns County, Minnesota",158622,73105,18295,27,145,27145,0.11533709069359861
27147,7650.0,89.0,391.0,12742.0,20872.0,0.3665197393637409,0.6104829436565734,"Steele County, Minnesota",37396,79722,4713,27,147,27147,0.1260295218739972
27149,1827.0,20.0,79.0,3213.0,5139.0,0.3555166374781086,0.6252189141856392,"Stevens County, Minnesota",9682,69737,1174,27,149,27149,0.12125593885560834
27151,1618.0,18.0,78.0,3340.0,5054.0,0.32014246141669966,0.6608626830233478,"Swift County, Minnesota",9806,58362,1298,27,151,27151,0.1323679379971446
27153,3072.0,46.0,208.0,10392.0,13718.0,0.22393934975944016,0.7575448316081062,"Todd County, Minnesota",25277,63216,1838,27,153,27153,0.07271432527594256
27155,597.0,5.0,35.0,1165.0,1802.0,0.33129855715871254,0.646503884572697,"Traverse County, Minnesota",3345,63456,278,27,155,27155,0.08310911808669656
27157,4721.0,57.0,208.0,8523.0,13509.0,0.349470723221556,0.6309127248501,"Wabasha County, Minnesota",21460,75063,2839,27,157,27157,0.13229263746505127
27159,1898.0,11.0,110.0,6028.0,8047.0,0.2358642972536349,0.7490990431216602,"Wadena County, Minnesota",14108,54747,1351,27,159,27159,0.09576127020130422
27161,3402.0,52.0,163.0,6770.0,10387.0,0.32752479060363915,0.6517762587850198,"Waseca County, Minnesota",18953,71856,2150,27,161,27161,0.11343850577744947
27163,90324.0,894.0,3047.0,75271.0,169536.0,0.5327718006795017,0.44398239901849756,"Washington County, Minnesota",268651,110828,56173,27,163,27163,0.20909283791982908
27165,1723.0,21.0,102.0,3087.0,4933.0,0.34928035678086355,0.6257855260490574,"Watonwan County, Minnesota",11205,65197,1024,27,165,27165,0.09138777331548416
27167,986.0,15.0,62.0,2290.0,3353.0,0.29406501640322097,0.682970474202207,"Wilkin County, Minnesota",6454,67114,847,27,167,27167,0.13123644251626898
27169,12929.0,93.0,487.0,14288.0,27797.0,0.4651221354822463,0.5140123034859877,"Winona County, Minnesota",49792,66162,6520,27,169,27169,0.13094473007712082
27171,30883.0,474.0,1473.0,57211.0,90041.0,0.3429881942670561,0.6353883230972557,"Wright County, Minnesota",142543,102980,21553,27,171,27171,0.15120349648877882
27173,1548.0,24.0,100.0,3738.0,5410.0,0.2861367837338262,0.6909426987060998,"Yellow Medicine County, Minnesota",9569,70605,932,27,173,27173,0.09739784721496499
28001,6743.0,18.0,86.0,5081.0,11928.0,0.5653085177733065,0.425972501676727,"Adams County, Mississippi",29425,37271,2428,28,1,28001,0.08251486830926083
28003,2328.0,26.0,101.0,12657.0,15112.0,0.1540497617787189,0.8375463208046585,"Alcorn County, Mississippi",34717,47716,2716,28,3,28003,0.07823256617795317
28005,2246.0,17.0,68.0,4484.0,6815.0,0.32956713132795307,0.6579603815113719,"Amite County, Mississippi",12683,34866,403,28,5,28005,0.0317748166837499
28007,2930.0,4.0,46.0,4723.0,7703.0,0.3803712839153576,0.6131377385434247,"Attala County, Mississippi",17842,42680,1345,28,7,28007,0.07538392556888242
28009,1318.0,5.0,22.0,2535.0,3880.0,0.33969072164948455,0.6533505154639175,"Benton County, Mississippi",7637,38750,331,28,9,28009,0.04334162629304701
28011,6419.0,9.0,64.0,3943.0,10435.0,0.6151413512218495,0.3778629611883086,"Bolivar County, Mississippi",30688,37845,3006,28,11,28011,0.09795359749739312
28013,1547.0,9.0,35.0,4443.0,6034.0,0.25638051044083526,0.7363274776267815,"Calhoun County, Mississippi",13193,44505,699,28,13,28013,0.052982642310316075
28015,1431.0,1.0,32.0,3730.0,5194.0,0.2755102040816326,0.7181363111282248,"Carroll County, Mississippi",9930,42285,1043,28,15,28015,0.10503524672708962
28017,3090.0,11.0,54.0,4079.0,7234.0,0.4271495714680675,0.5638650815593033,"Chickasaw County, Mississippi",17024,40224,963,28,17,28017,0.0565671992481203
28019,965.0,7.0,37.0,2881.0,3890.0,0.2480719794344473,0.7406169665809769,"Choctaw County, Mississippi",8208,41887,576,28,19,28019,0.07017543859649122
28021,2950.0,2.0,31.0,558.0,3541.0,0.8330979949166902,0.15758260378424174,"Claiborne County, Mississippi",9044,34282,432,28,21,28021,0.047766475011057054
28023,2430.0,10.0,38.0,5093.0,7571.0,0.3209615638621054,0.6726984546295073,"Clarke County, Mississippi",15553,46329,922,28,23,28023,0.05928116762039478
28025,4960.0,12.0,68.0,4017.0,9057.0,0.5476427072982224,0.4435243458098708,"Clay County, Mississippi",18598,37412,1443,28,25,28025,0.07758898806323261
28027,4711.0,7.0,64.0,2008.0,6790.0,0.6938144329896907,0.29572901325478645,"Coahoma County, Mississippi",21264,36075,1699,28,27,28027,0.07990030097817909
28029,5426.0,14.0,91.0,6134.0,11665.0,0.46515216459494213,0.5258465495070724,"Copiah County, Mississippi",28210,46889,2874,28,29,28029,0.10187876639489543
28031,2921.0,12.0,59.0,5869.0,8861.0,0.3296467667306173,0.6623405936124591,"Covington County, Mississippi",18323,40164,1336,28,31,28031,0.07291382415543306
28033,29023.0,234.0,1761.0,48064.0,79082.0,0.3669988113603601,0.6077742090488354,"DeSoto County, Mississippi",186214,79666,22045,28,33,28033,0.11838529863490392
28035,11475.0,77.0,335.0,16579.0,28466.0,0.40311248506990793,0.5824141080587367,"Forrest County, Mississippi",77917,49340,7234,28,35,28035,0.09284238356199545
28037,1213.0,2.0,20.0,2831.0,4066.0,0.29832759468765374,0.6962616822429907,"Franklin County, Mississippi",7690,43942,621,28,37,28037,0.08075422626788037
28039,1138.0,12.0,61.0,9858.0,11069.0,0.102809648568073,0.8905953564007589,"George County, Mississippi",24547,51349,1891,28,39,28039,0.0770358903328309
28041,835.0,12.0,26.0,4776.0,5649.0,0.14781377234908832,0.8454593733404142,"Greene County, Mississippi",13672,50000,723,28,41,28041,0.052881802223522525
28043,4060.0,8.0,47.0,5651.0,9766.0,0.41572803604341596,0.5786401802170796,"Grenada County, Mississippi",21474,45745,1936,28,43,28043,0.09015553692837851
28045,4262.0,54.0,175.0,16684.0,21175.0,0.2012750885478158,0.7879102715466352,"Hancock County, Mississippi",46010,63623,4431,28,45,28045,0.09630515105411867
28047,26555.0,212.0,659.0,48497.0,75923.0,0.34976225913096165,0.6387655914545,"Harrison County, Mississippi",208748,55211,21413,28,47,28047,0.10257822829440282
28049,62840.0,165.0,1009.0,22816.0,86830.0,0.723713002418519,0.26276632500287916,"Hinds County, Mississippi",226541,48596,26376,28,49,28049,0.11642925563143096
28051,5420.0,8.0,59.0,1243.0,6730.0,0.8053491827637445,0.18469539375928679,"Holmes County, Mississippi",16848,28818,1149,28,51,28051,0.0681980056980057
28053,2443.0,5.0,30.0,990.0,3468.0,0.7044405997693195,0.28546712802768165,"Humphreys County, Mississippi",7744,31907,469,28,53,28053,0.06056301652892562
28055,287.0,5.0,34.0,296.0,622.0,0.46141479099678456,0.4758842443729904,"Issaquena County, Mississippi",1206,17900,30,28,55,28055,0.024875621890547265
28057,1027.0,16.0,55.0,9523.0,10621.0,0.0966952264381885,0.8966199039638452,"Itawamba County, Mississippi",23888,57252,1438,28,57,28057,0.060197588747488276
28059,15469.0,143.0,422.0,36376.0,52410.0,0.29515359664186225,0.6940660179355085,"Jackson County, Mississippi",143721,60045,15190,28,59,28059,0.10569088720507093
28061,3722.0,9.0,41.0,4118.0,7890.0,0.47173637515842837,0.5219264892268695,"Jasper County, Mississippi",16320,43914,1213,28,61,28061,0.07432598039215686
28063,2727.0,4.0,27.0,541.0,3299.0,0.8266141254925735,0.16398908760230374,"Jefferson County, Mississippi",7207,31544,519,28,63,28063,0.07201332038296102
28065,3041.0,3.0,32.0,2302.0,5378.0,0.5654518408330235,0.42804016362960207,"Jefferson Davis County, Mississippi",11291,36473,567,28,65,28065,0.050216986980781156
28067,7272.0,48.0,170.0,20265.0,27755.0,0.262006845613403,0.7301387137452712,"Jones County, Mississippi",67152,49451,5519,28,67,28067,0.08218668096259232
28069,2381.0,5.0,9.0,1691.0,4086.0,0.5827214880078316,0.41385217816935876,"Kemper County, Mississippi",8980,42947,492,28,69,28069,0.054788418708240534
28071,8956.0,81.0,322.0,14050.0,23409.0,0.38258789354521766,0.6001965056174975,"Lafayette County, Mississippi",56172,59748,7803,28,71,28071,0.1389126255073702
28073,7038.0,74.0,284.0,20775.0,28171.0,0.24983138688722445,0.7374605090341131,"Lamar County, Mississippi",64425,67972,9135,28,73,28073,0.14179278230500583
28075,10677.0,42.0,201.0,16487.0,27407.0,0.3895720071514577,0.6015616448352611,"Lauderdale County, Mississippi",72741,45649,6411,28,75,28075,0.08813461459149585
28077,1899.0,13.0,28.0,4113.0,6053.0,0.3137287295555923,0.6794977697009748,"Lawrence County, Mississippi",11933,41096,601,28,77,28077,0.05036453532221571
28079,3182.0,6.0,49.0,5143.0,8380.0,0.37971360381861574,0.6137231503579952,"Leake County, Mississippi",21335,46669,1448,28,79,28079,0.06786969767986877
28081,10616.0,89.0,294.0,24339.0,35338.0,0.3004131529797951,0.6887486558379082,"Lee County, Mississippi",83343,64479,10079,28,81,28081,0.12093397165928753
28083,6476.0,18.0,73.0,2854.0,9421.0,0.6874004882708842,0.30294023988960833,"Leflore County, Mississippi",27920,33115,1640,28,83,28083,0.05873925501432665
28085,4262.0,26.0,82.0,11432.0,15802.0,0.2697126945956208,0.7234527275028477,"Lincoln County, Mississippi",34855,47069,2960,28,85,28085,0.08492325347869746
28087,11096.0,46.0,197.0,13087.0,24426.0,0.45427004012118233,0.5357815442561206,"Lowndes County, Mississippi",58547,53687,6283,28,87,28087,0.10731549011904966
28089,22700.0,169.0,508.0,32333.0,55710.0,0.4074672410698259,0.5803805420929815,"Madison County, Mississippi",109257,79105,20780,28,89,28089,0.19019376332866544
28091,3215.0,21.0,78.0,7874.0,11188.0,0.2873614587057562,0.70378977475867,"Marion County, Mississippi",24362,38399,1043,28,91,28091,0.04281257696412446
28093,6888.0,22.0,96.0,7977.0,14983.0,0.45972101715277314,0.5324033905092438,"Marshall County, Mississippi",33980,51431,2062,28,93,28093,0.06068275456150677
28095,5090.0,16.0,102.0,10861.0,16069.0,0.3167589769120667,0.6758976912066712,"Monroe County, Mississippi",34168,51190,2478,28,95,28095,0.07252399906345118
28097,1737.0,5.0,24.0,2658.0,4424.0,0.39263110307414106,0.6008137432188065,"Montgomery County, Mississippi",9803,36845,606,28,97,28097,0.061817810874222175
28099,2622.0,7.0,78.0,8154.0,10861.0,0.24141423441672039,0.7507595985636681,"Neshoba County, Mississippi",28970,47400,1356,28,99,28099,0.04680704176734553
28101,2603.0,18.0,61.0,6641.0,9323.0,0.2792019736136437,0.7123243591118739,"Newton County, Mississippi",21275,49160,1354,28,101,28101,0.0636427732079906
28103,3269.0,5.0,24.0,1151.0,4449.0,0.7347718588446842,0.2587098224320072,"Noxubee County, Mississippi",10261,42298,643,28,103,28103,0.0626644576551993
28105,8851.0,65.0,234.0,8901.0,18051.0,0.4903329455431832,0.49310287518697027,"Oktibbeha County, Mississippi",51388,42953,5842,28,105,28105,0.11368412859033238
28107,6061.0,16.0,143.0,8202.0,14422.0,0.4202607127998891,0.568714464013313,"Panola County, Mississippi",33157,47894,2175,28,107,28107,0.06559700817323642
28109,3982.0,64.0,187.0,20438.0,24671.0,0.16140407766203235,0.8284220339670058,"Pearl River County, Mississippi",56351,54220,4357,28,109,28109,0.07731894731238133
28111,1078.0,8.0,28.0,4425.0,5539.0,0.1946199675031594,0.798880664379852,"Perry County, Mississippi",11511,48333,528,28,111,28111,0.04586916862131874
28113,7402.0,20.0,120.0,7943.0,15485.0,0.4780109783661608,0.5129480142072974,"Pike County, Mississippi",40098,40131,2468,28,113,28113,0.061549204449099705
28115,2214.0,21.0,93.0,11740.0,14068.0,0.1573784475405175,0.8345180551606483,"Pontotoc County, Mississippi",31202,54414,2226,28,115,28115,0.0713415806679059
28117,1727.0,12.0,61.0,8581.0,10381.0,0.1663616221943936,0.826606299971101,"Prentiss County, Mississippi",24945,51578,1896,28,117,28117,0.07600721587492483
28119,1725.0,9.0,41.0,902.0,2677.0,0.6443780351139335,0.3369443406798655,"Quitman County, Mississippi",6113,31192,425,28,119,28119,0.06952396531981024
28121,18060.0,220.0,502.0,50896.0,69678.0,0.2591922845087402,0.7304457648038118,"Rankin County, Mississippi",157185,76460,22947,28,121,28121,0.14598721252027866
28123,3729.0,6.0,58.0,6098.0,9891.0,0.3770094024871095,0.6165200687493682,"Scott County, Mississippi",27943,44968,1279,28,123,28123,0.045771749633181834
28125,1201.0,1.0,13.0,551.0,1766.0,0.6800679501698754,0.31200453001132505,"Sharkey County, Mississippi",3910,41000,283,28,125,28125,0.07237851662404092
28127,3479.0,11.0,52.0,7552.0,11094.0,0.3135929331170002,0.6807283216152875,"Simpson County, Mississippi",25889,50867,2044,28,127,28127,0.07895245084785044
28129,1486.0,7.0,37.0,6146.0,7676.0,0.1935904116727462,0.8006774361646691,"Smith County, Mississippi",14310,51983,742,28,129,28129,0.05185185185185185
28131,1620.0,21.0,64.0,6214.0,7919.0,0.20457128425306226,0.7846950372521783,"Stone County, Mississippi",18360,55894,986,28,131,28131,0.053703703703703705
28133,5312.0,10.0,39.0,2515.0,7876.0,0.6744540375825292,0.31932453021838497,"Sunflower County, Mississippi",25867,37403,1768,28,133,28133,0.06834963466965632
28135,2630.0,5.0,44.0,2333.0,5012.0,0.5247406225059856,0.46548284118116523,"Tallahatchie County, Mississippi",12621,35428,595,28,135,28135,0.04714364947310039
28137,3555.0,29.0,92.0,9185.0,12861.0,0.27641707487753675,0.7141746364979396,"Tate County, Mississippi",28094,61286,1762,28,137,28137,0.06271801808215277
28139,1547.0,11.0,49.0,7984.0,9591.0,0.1612970493170681,0.8324470858096131,"Tippah County, Mississippi",21769,47968,1422,28,139,28139,0.06532224723230282
28141,921.0,17.0,48.0,8064.0,9050.0,0.10176795580110497,0.891049723756906,"Tishomingo County, Mississippi",18837,45545,1091,28,141,28141,0.05791792748314487
28143,1837.0,3.0,29.0,799.0,2668.0,0.6885307346326837,0.2994752623688156,"Tunica County, Mississippi",9787,41676,773,28,143,28143,0.07898232349034433
28145,1807.0,12.0,100.0,10559.0,12478.0,0.14481487417855426,0.8462093284180157,"Union County, Mississippi",27880,55970,2285,28,145,28145,0.0819583931133429
28147,2355.0,13.0,47.0,4114.0,6529.0,0.3606984224230357,0.6301118088528105,"Walthall County, Mississippi",13888,37145,1028,28,147,28147,0.07402073732718895
28149,8683.0,35.0,173.0,9407.0,18298.0,0.4745327358181222,0.5140999016285933,"Warren County, Mississippi",44341,54117,4988,28,149,28149,0.11249182472204054
28151,9735.0,22.0,134.0,4649.0,14540.0,0.6695323246217332,0.3197386519944979,"Washington County, Mississippi",44604,38394,3818,28,151,28151,0.08559770424177204
28153,3028.0,12.0,66.0,6013.0,9119.0,0.33205395328435133,0.659392477245312,"Wayne County, Mississippi",19760,34875,1262,28,153,28153,0.0638663967611336
28155,872.0,5.0,23.0,4195.0,5095.0,0.17114818449460256,0.8233562315996075,"Webster County, Mississippi",9942,55657,727,28,155,28155,0.07312411989539327
28157,1817.0,8.0,31.0,1075.0,2931.0,0.6199249402934153,0.36676902081200957,"Wilkinson County, Mississippi",8531,34928,448,28,157,28157,0.05251435939514711
28159,3392.0,8.0,62.0,4922.0,8384.0,0.40458015267175573,0.5870706106870229,"Winston County, Mississippi",17741,45516,1492,28,159,28159,0.08409897976438757
28161,2289.0,12.0,59.0,3518.0,5878.0,0.3894181694453896,0.5985028921401837,"Yalobusha County, Mississippi",12499,47006,631,28,161,28161,0.05048403872309785
28163,4342.0,9.0,62.0,4558.0,8971.0,0.484004012930554,0.5080815962545981,"Yazoo County, Mississippi",27467,41867,1690,28,163,28163,0.061528379509957404
29001,3334.0,78.0,56.0,6771.0,10239.0,0.3256177361070417,0.6612950483445649,"Adair County, Missouri",25299,51020,2132,29,1,29001,0.0842721056168228
29003,2312.0,90.0,38.0,7407.0,9847.0,0.23479232253478216,0.7522087945567177,"Andrew County, Missouri",18069,68774,2090,29,3,29003,0.1156677181913775
29005,529.0,18.0,14.0,2152.0,2713.0,0.19498709915223,0.7932178400294877,"Atchison County, Missouri",5270,58521,609,29,5,29005,0.11555977229601518
29007,2688.0,97.0,39.0,7699.0,10523.0,0.25544046374608004,0.731635465171529,"Audrain County, Missouri",24873,51745,1775,29,7,29007,0.07136252160977767
29009,2873.0,93.0,61.0,13138.0,16165.0,0.1777296628518404,0.812743581812558,"Barry County, Missouri",34701,55592,2330,29,9,29009,0.06714503904786606
29011,820.0,19.0,17.0,5159.0,6015.0,0.13632585203657524,0.857689110556941,"Barton County, Missouri",11683,48105,1064,29,11,29011,0.09107249850209706
29013,1563.0,57.0,22.0,6702.0,8344.0,0.187320230105465,0.8032118887823586,"Bates County, Missouri",16101,54122,1015,29,13,29013,0.06303956276007701
29015,2166.0,50.0,27.0,8526.0,10769.0,0.20113288141888755,0.7917169653635435,"Benton County, Missouri",19616,50229,1260,29,15,29015,0.06423327895595432
29017,756.0,28.0,12.0,5365.0,6161.0,0.12270735270248337,0.8708001947735757,"Bollinger County, Missouri",10658,52306,539,29,17,29017,0.05057234002627135
29019,48452.0,1037.0,948.0,39673.0,90110.0,0.537698368660526,0.44027299966707356,"Boone County, Missouri",184043,66564,30976,29,19,29019,0.1683084931238895
29021,12598.0,352.0,187.0,22606.0,35743.0,0.3524606216601852,0.6324595025599418,"Buchanan County, Missouri",84544,58303,9300,29,21,29021,0.11000189250567752
29023,3160.0,89.0,62.0,14549.0,17860.0,0.1769316909294513,0.8146136618141098,"Butler County, Missouri",42280,47245,2563,29,23,29023,0.060619678334910124
29025,888.0,26.0,18.0,3771.0,4703.0,0.18881564958537103,0.8018286200297682,"Caldwell County, Missouri",8876,58269,684,29,25,29025,0.07706173952230734
29027,5926.0,225.0,98.0,15206.0,21455.0,0.27620601258447913,0.7087392216266605,"Callaway County, Missouri",44517,70599,4979,29,27,29027,0.1118449131792349
29029,5724.0,162.0,65.0,19597.0,25548.0,0.22404884922498824,0.7670659151401283,"Camden County, Missouri",43227,59834,4896,29,29,29029,0.11326254424318134
29031,10561.0,317.0,160.0,29315.0,40353.0,0.2617153619309593,0.7264639555919015,"Cape Girardeau County, Missouri",81703,65070,11341,29,31,29031,0.13880763252267359
29033,789.0,20.0,11.0,3708.0,4528.0,0.17424911660777384,0.818904593639576,"Carroll County, Missouri",8513,59101,796,29,33,29033,0.09350405262539645
29035,364.0,8.0,2.0,2488.0,2862.0,0.12718378756114604,0.8693221523410203,"Carter County, Missouri",5299,45737,337,29,35,29035,0.06359690507642951
29037,19753.0,504.0,300.0,38792.0,59349.0,0.33282784882643346,0.6536251663886502,"Cass County, Missouri",108205,82473,13604,29,37,29037,0.1257243195785777
29039,1060.0,43.0,21.0,6064.0,7188.0,0.14746800222593212,0.8436282693377852,"Cedar County, Missouri",14314,43589,995,29,39,29039,0.06951236551627776
29041,875.0,27.0,8.0,3179.0,4089.0,0.21398875030569822,0.7774516996820738,"Chariton County, Missouri",7417,61910,714,29,41,29041,0.09626533638937576
29043,11850.0,369.0,191.0,38379.0,50789.0,0.2333182382011853,0.7556557522298135,"Christian County, Missouri",89568,75787,11572,29,43,29043,0.12919792783136835
29045,628.0,19.0,7.0,2679.0,3333.0,0.18841884188418842,0.8037803780378038,"Clark County, Missouri",6693,53362,384,29,45,29045,0.05737337516808606
29047,60345.0,1268.0,859.0,67688.0,130160.0,0.46362169637369394,0.5200368776889982,"Clay County, Missouri",253085,82264,39614,29,47,29047,0.15652448782029754
29049,2855.0,90.0,50.0,8235.0,11230.0,0.25422974176313445,0.7333036509349955,"Clinton County, Missouri",21155,66494,2320,29,49,29049,0.10966674545024817
29051,12874.0,379.0,213.0,26686.0,40152.0,0.3206315999203028,0.6646244271767284,"Cole County, Missouri",76890,70667,12288,29,51,29051,0.15981271946937184
29053,2347.0,71.0,24.0,6393.0,8835.0,0.2656479909451047,0.7235993208828523,"Cooper County, Missouri",16893,62239,1809,29,53,29053,0.10708577517314864
29055,2007.0,40.0,40.0,8742.0,10829.0,0.1853356727306307,0.8072767568565888,"Crawford County, Missouri",23023,52367,1500,29,55,29055,0.06515223906528254
29057,671.0,20.0,15.0,3480.0,4186.0,0.16029622551361683,0.8313425704730053,"Dade County, Missouri",7598,46806,633,29,57,29057,0.08331139773624638
29059,1458.0,45.0,31.0,6907.0,8441.0,0.17272834972159698,0.8182679777277574,"Dallas County, Missouri",17158,46547,831,29,59,29059,0.048432218207250265
29061,701.0,25.0,14.0,3185.0,3925.0,0.1785987261146497,0.8114649681528663,"Daviess County, Missouri",8418,59706,714,29,61,29061,0.08481824661439771
29063,870.0,43.0,16.0,3885.0,4814.0,0.18072289156626506,0.8070211882010802,"DeKalb County, Missouri",11838,67910,851,29,63,29063,0.07188714309849636
29065,1025.0,48.0,17.0,6013.0,7103.0,0.14430522314514993,0.8465437139236942,"Dent County, Missouri",14509,51410,1110,29,65,29065,0.07650423874836308
29067,996.0,26.0,25.0,6242.0,7289.0,0.13664425847166964,0.856358896968034,"Douglas County, Missouri",11803,47848,927,29,67,29067,0.07853935440142337
29069,1885.0,49.0,21.0,8096.0,10051.0,0.18754352800716348,0.8054919908466819,"Dunklin County, Missouri",28174,44868,1346,29,69,29069,0.04777454390572869
29071,14694.0,416.0,228.0,40126.0,55464.0,0.2649286023366508,0.7234602625126207,"Franklin County, Missouri",104858,70111,9991,29,71,29071,0.09528123748307235
29073,1555.0,47.0,25.0,6370.0,7997.0,0.19444791796923847,0.7965487057646617,"Gasconade County, Missouri",14801,62638,1368,29,73,29073,0.09242618741976893
29075,616.0,16.0,9.0,2651.0,3292.0,0.18712029161603888,0.8052855407047388,"Gentry County, Missouri",6219,53799,599,29,75,29075,0.09631773597041325
29077,55971.0,1254.0,856.0,85956.0,144037.0,0.3885876545609809,0.5967633316439526,"Greene County, Missouri",299188,54968,40170,29,77,29077,0.1342634062863484
29079,784.0,21.0,17.0,3582.0,4404.0,0.17801998183469572,0.8133514986376021,"Grundy County, Missouri",9878,51045,698,29,79,29079,0.07066207734359183
29081,534.0,13.0,5.0,3293.0,3845.0,0.1388816644993498,0.8564369310793238,"Harrison County, Missouri",8190,51809,636,29,81,29081,0.07765567765567766
29083,2535.0,72.0,39.0,8286.0,10932.0,0.2318880351262349,0.7579582875960483,"Henry County, Missouri",22064,54903,1482,29,83,29083,0.06716823785351704
29085,978.0,21.0,13.0,4108.0,5120.0,0.191015625,0.80234375,"Hickory County, Missouri",8452,33302,488,29,85,29085,0.05773781353525793
29087,357.0,7.0,6.0,1982.0,2352.0,0.15178571428571427,0.842687074829932,"Holt County, Missouri",4274,55153,416,29,87,29087,0.09733270940570894
29089,1341.0,50.0,31.0,3534.0,4956.0,0.2705811138014528,0.7130750605326877,"Howard County, Missouri",10142,59023,984,29,89,29089,0.09702228357325972
29091,3073.0,106.0,56.0,15733.0,18968.0,0.16200970054829186,0.8294495993251793,"Howell County, Missouri",39960,46401,2909,29,91,29091,0.0727977977977978
29093,824.0,28.0,22.0,3644.0,4518.0,0.18238158477202301,0.8065515714918106,"Iron County, Missouri",9538,53401,793,29,93,29093,0.08314111973159992
29095,91366.0,1692.0,1286.0,99385.0,193729.0,0.471617568871981,0.5130104424221464,"Jackson County, Missouri",715526,65169,100921,29,95,29095,0.14104449034696154
29097,13943.0,468.0,312.0,39084.0,53807.0,0.259129852993105,0.7263738918728047,"Jasper County, Missouri",122788,54963,13785,29,97,29097,0.11226667101019644
29099,36965.0,947.0,606.0,80796.0,119314.0,0.30981276296159715,0.6771711618083377,"Jefferson County, Missouri",226984,77217,24161,29,99,29099,0.1064436259824481
29101,6960.0,222.0,122.0,16298.0,23602.0,0.2948902635369884,0.6905347004491145,"Johnson County, Missouri",54025,62503,5067,29,101,29101,0.09378991207774179
29103,311.0,13.0,7.0,1479.0,1810.0,0.1718232044198895,0.8171270718232044,"Knox County, Missouri",3772,49167,244,29,103,29103,0.06468716861081654
29105,2756.0,109.0,56.0,14155.0,17076.0,0.1613961115015226,0.8289412040290466,"Laclede County, Missouri",36060,49202,2858,29,105,29105,0.07925679423183583
29107,4294.0,161.0,73.0,12720.0,17248.0,0.24895640074211503,0.7374768089053804,"Lafayette County, Missouri",32858,78397,3290,29,107,29107,0.10012782275244994
29109,3248.0,116.0,62.0,15001.0,18427.0,0.17626309220166061,0.8140771693710316,"Lawrence County, Missouri",38231,52225,2762,29,109,29109,0.07224503675028118
29111,872.0,32.0,17.0,3565.0,4486.0,0.19438252340615247,0.794694605439144,"Lewis County, Missouri",9987,49779,666,29,111,29111,0.06668669270051067
29113,6908.0,245.0,114.0,24866.0,32133.0,0.21498148321040675,0.7738462017240842,"Lincoln County, Missouri",60172,82543,5295,29,113,29113,0.08799773981253739
29115,1183.0,41.0,26.0,4437.0,5687.0,0.20801828732196237,0.7802004571830491,"Linn County, Missouri",11892,58435,1042,29,115,29115,0.08762193070972082
29117,1422.0,36.0,20.0,5395.0,6873.0,0.20689655172413793,0.7849556234540958,"Livingston County, Missouri",14402,58772,1209,29,117,29117,0.08394667407304542
29119,1423.0,40.0,32.0,7843.0,9338.0,0.1523880916684515,0.8399014778325123,"McDonald County, Missouri",23381,46494,1347,29,119,29119,0.05761088062957102
29121,1481.0,33.0,25.0,6300.0,7839.0,0.1889271590764128,0.8036739380022963,"Macon County, Missouri",15173,54113,1312,29,121,29121,0.08646938641007051
29123,986.0,32.0,14.0,4721.0,5753.0,0.17138884060490178,0.8206153311315835,"Madison County, Missouri",12649,54042,882,29,123,29123,0.06972883231876037
29125,755.0,30.0,14.0,3987.0,4786.0,0.15775177601337234,0.8330547430004179,"Maries County, Missouri",8454,56491,701,29,125,29125,0.08291932812869647
29127,3032.0,73.0,57.0,9991.0,13153.0,0.23051775260396867,0.7595985706682886,"Marion County, Missouri",28525,62492,2897,29,127,29127,0.10156003505696758
29129,235.0,8.0,4.0,1545.0,1792.0,0.13113839285714285,0.8621651785714286,"Mercer County, Missouri",3517,55592,321,29,129,29129,0.09127096957634348
29131,2067.0,77.0,41.0,10826.0,13011.0,0.15886557528245332,0.8320651756206286,"Miller County, Missouri",24855,53490,2543,29,131,29131,0.10231341782337558
29133,1015.0,22.0,8.0,3404.0,4449.0,0.22814115531580131,0.7651157563497415,"Mississippi County, Missouri",12305,40833,814,29,133,29133,0.06615197074360016
29135,1313.0,61.0,24.0,5877.0,7275.0,0.1804810996563574,0.8078350515463918,"Moniteau County, Missouri",15401,66792,1376,29,135,29135,0.08934484773715992
29137,857.0,25.0,20.0,3476.0,4378.0,0.19575148469620832,0.7939698492462312,"Monroe County, Missouri",8668,50245,759,29,137,29137,0.08756345177664974
29139,1170.0,39.0,13.0,4776.0,5998.0,0.1950650216738913,0.7962654218072691,"Montgomery County, Missouri",11421,58660,847,29,139,29139,0.07416163208125383
29141,1914.0,63.0,33.0,7725.0,9735.0,0.19661016949152543,0.7935285053929122,"Morgan County, Missouri",21169,48841,1356,29,141,29141,0.06405593084226936
29143,1561.0,34.0,13.0,5203.0,6811.0,0.22918807810894143,0.7639113199236529,"New Madrid County, Missouri",16341,44092,767,29,143,29143,0.046937151949085126
29145,5867.0,173.0,134.0,22923.0,29097.0,0.201635907481871,0.787813176616146,"Newton County, Missouri",59019,60313,5934,29,145,29145,0.10054389264474152
29147,2674.0,63.0,43.0,6909.0,9689.0,0.27598307358860563,0.7130766849004025,"Nodaway County, Missouri",21140,53917,1968,29,147,29147,0.09309366130558183
29149,696.0,20.0,13.0,3884.0,4613.0,0.15087795360936485,0.841968350314329,"Oregon County, Missouri",8783,41365,498,29,149,29149,0.056700444039621996
29151,1009.0,46.0,15.0,6657.0,7727.0,0.13058107933221172,0.8615245243949786,"Osage County, Missouri",13374,70313,1583,29,151,29151,0.1183639898310154
29153,698.0,26.0,12.0,4044.0,4780.0,0.14602510460251045,0.8460251046025105,"Ozark County, Missouri",8688,39125,431,29,153,29153,0.04960865561694291
29155,1331.0,16.0,6.0,3917.0,5270.0,0.252561669829222,0.7432637571157495,"Pemiscot County, Missouri",15555,37426,778,29,155,29155,0.05001607200257152
29157,1757.0,51.0,30.0,7986.0,9824.0,0.17884771986970685,0.8129071661237784,"Perry County, Missouri",18970,61486,1879,29,157,29157,0.09905113336847654
29159,4703.0,172.0,100.0,13907.0,18882.0,0.2490731913992162,0.7365215549200297,"Pettis County, Missouri",43059,57581,3114,29,159,29159,0.07231937574026336
29161,5379.0,160.0,103.0,13658.0,19300.0,0.27870466321243526,0.7076683937823834,"Phelps County, Missouri",44843,53242,4591,29,161,29161,0.10237941261735388
29163,1618.0,35.0,20.0,6151.0,7824.0,0.20679959100204498,0.7861707566462167,"Pike County, Missouri",17719,53363,1297,29,163,29163,0.07319826175292059
29165,27566.0,535.0,335.0,29381.0,57817.0,0.47678018575851394,0.508172336855942,"Platte County, Missouri",107033,92543,20222,29,165,29165,0.18893238533910103
29167,2948.0,133.0,54.0,12691.0,15826.0,0.18627574876785039,0.8019082522431442,"Polk County, Missouri",31877,54487,2672,29,167,29167,0.08382219154876556
29169,3765.0,115.0,90.0,11579.0,15549.0,0.2421377580551804,0.7446781143481896,"Pulaski County, Missouri",53726,62541,5053,29,169,29169,0.09405129732345606
29171,347.0,7.0,5.0,2021.0,2380.0,0.1457983193277311,0.8491596638655462,"Putnam County, Missouri",4698,50950,431,29,171,29171,0.09174116645381013
29173,1154.0,32.0,16.0,4575.0,5777.0,0.1997576596849576,0.7919335295135884,"Ralls County, Missouri",10356,62615,838,29,173,29173,0.08091927385090769
29175,2571.0,89.0,46.0,8322.0,11028.0,0.23313384113166485,0.7546245919477693,"Randolph County, Missouri",24652,51480,2136,29,175,29175,0.08664611390556547
29177,2927.0,82.0,51.0,8602.0,11662.0,0.25098610872920596,0.7376093294460642,"Ray County, Missouri",23122,69779,1717,29,177,29177,0.07425828215552288
29179,472.0,17.0,10.0,2560.0,3059.0,0.15429879045439687,0.8368747956848643,"Reynolds County, Missouri",6102,43856,515,29,179,29179,0.08439855784988529
29181,763.0,27.0,12.0,5002.0,5804.0,0.13146106133700897,0.8618194348725017,"Ripley County, Missouri",10839,42541,614,29,181,29181,0.05664729218562598
29183,92226.0,2048.0,1304.0,130588.0,226166.0,0.4077801261020666,0.5773989016916778,"St. Charles County, Missouri",406262,99596,74037,29,183,29183,0.18223954000127995
29185,959.0,32.0,17.0,3982.0,4990.0,0.19218436873747494,0.797995991983968,"St. Clair County, Missouri",9330,43483,578,29,185,29185,0.06195069667738478
29186,2629.0,70.0,46.0,7031.0,9776.0,0.2689238952536825,0.7192103109656302,"Ste. Genevieve County, Missouri",18494,61215,1237,29,186,29186,0.06688655780253056
29187,6811.0,174.0,109.0,21521.0,28615.0,0.23802201642495194,0.7520880656998078,"St. Francois County, Missouri",66814,53083,4159,29,187,29187,0.06224743317268836
29189,305635.0,4489.0,4632.0,187982.0,502738.0,0.6079409155464676,0.37391643360955407,"St. Louis County, Missouri",999703,78067,181797,29,189,29189,0.1818510097498957
29195,2726.0,63.0,43.0,6498.0,9330.0,0.2921757770632369,0.6964630225080386,"Saline County, Missouri",23219,55396,2492,29,195,29195,0.10732589689478444
29197,334.0,20.0,3.0,1588.0,1945.0,0.17172236503856042,0.8164524421593831,"Schuyler County, Missouri",4066,53728,225,29,197,29197,0.05533694048204624
29199,358.0,12.0,11.0,1537.0,1918.0,0.18665276329509906,0.8013555787278415,"Scotland County, Missouri",4720,58656,285,29,199,29199,0.06038135593220339
29201,3525.0,67.0,43.0,13786.0,17421.0,0.20234200103323574,0.7913437804948051,"Scott County, Missouri",38055,54621,3637,29,201,29201,0.09557219813427933
29203,625.0,17.0,12.0,3364.0,4018.0,0.15555002488800398,0.8372324539571926,"Shannon County, Missouri",7132,46767,430,29,203,29203,0.060291643297812676
29205,550.0,15.0,6.0,2691.0,3262.0,0.16860821581851626,0.8249540159411404,"Shelby County, Missouri",6049,50387,519,29,205,29205,0.08579930567035873
29207,1736.0,55.0,25.0,11783.0,13599.0,0.12765644532686227,0.866460769174204,"Stoddard County, Missouri",28656,51703,2068,29,207,29207,0.07216638749302066
29209,3620.0,90.0,56.0,15357.0,19123.0,0.1893008419181091,0.8030643727448622,"Stone County, Missouri",31314,58392,3379,29,209,29209,0.10790700645078878
29211,408.0,11.0,9.0,2035.0,2463.0,0.1656516443361754,0.8262281770198945,"Sullivan County, Missouri",5983,53438,379,29,211,29211,0.06334614741768343
29213,5329.0,161.0,98.0,21236.0,26824.0,0.1986653742916791,0.7916790933492395,"Taney County, Missouri",56202,54467,6574,29,213,29213,0.1169709263015551
29215,1589.0,46.0,35.0,9855.0,11525.0,0.13787418655097614,0.8550976138828633,"Texas County, Missouri",24828,42870,1531,29,215,29215,0.061664250040277105
29217,1774.0,58.0,29.0,7112.0,8973.0,0.1977042237824585,0.7926000222890895,"Vernon County, Missouri",19777,53318,1454,29,217,29217,0.07351974515851747
29219,4970.0,141.0,69.0,14915.0,20095.0,0.247325205274944,0.7422244339387908,"Warren County, Missouri",35729,75531,3481,29,219,29219,0.09742785972179462
29221,1747.0,39.0,27.0,8424.0,10237.0,0.17065546546839894,0.8228973332030869,"Washington County, Missouri",23580,49364,1298,29,221,29221,0.05504664970313825
29223,783.0,19.0,15.0,5030.0,5847.0,0.13391482811698308,0.8602702240465195,"Wayne County, Missouri",11081,42758,572,29,223,29223,0.05161988990163343
29225,3653.0,127.0,50.0,15984.0,19814.0,0.18436459069344907,0.8067023316846674,"Webster County, Missouri",39265,65103,3082,29,225,29225,0.07849229593785814
29227,190.0,9.0,2.0,904.0,1105.0,0.17194570135746606,0.8180995475113122,"Worth County, Missouri",1982,43536,150,29,227,29227,0.07568113017154389
29229,1057.0,46.0,27.0,7850.0,8980.0,0.11770601336302895,0.8741648106904232,"Wright County, Missouri",18475,43573,978,29,229,29229,0.05293640054127199
29510,94458.0,861.0,1610.0,19342.0,116271.0,0.8123951802255076,0.1663527448804947,"St. Louis city, Missouri",298018,52941,46330,29,510,29510,0.15546040843170547
30001,1543.0,41.0,152.0,4058.0,5794.0,0.26630997583707283,0.7003797031411805,"Beaverhead County, Montana",9469,55867,1650,30,1,30001,0.17425282500792058
30003,2112.0,21.0,149.0,2188.0,4470.0,0.47248322147651006,0.4894854586129754,"Big Horn County, Montana",13090,52463,918,30,3,30003,0.07012987012987013
30005,1348.0,8.0,137.0,1526.0,3019.0,0.44650546538588937,0.5054653858893673,"Blaine County, Montana",7030,58507,667,30,5,30005,0.09487908961593172
30007,885.0,30.0,125.0,3770.0,4810.0,0.183991683991684,0.7837837837837838,"Broadwater County, Montana",6977,61679,862,30,7,30007,0.12354880321054895
30009,2353.0,65.0,160.0,4719.0,7297.0,0.322461285459778,0.6467041249828697,"Carbon County, Montana",10645,66780,1498,30,9,30009,0.14072334429309535
30011,75.0,3.0,16.0,760.0,854.0,0.08782201405152225,0.8899297423887588,"Carter County, Montana",1332,46486,174,30,11,30011,0.13063063063063063
30013,14021.0,267.0,876.0,22419.0,37583.0,0.3730676103557459,0.5965197030572333,"Cascade County, Montana",84423,61351,10151,30,13,30013,0.12023974509316182
30015,940.0,17.0,92.0,1885.0,2934.0,0.3203817314246762,0.6424676209952284,"Chouteau County, Montana",5897,51791,731,30,15,30015,0.12396133627268102
30017,1385.0,36.0,168.0,4208.0,5797.0,0.23891668104191824,0.7258927031223047,"Custer County, Montana",11957,61114,1499,30,17,30017,0.12536589445513088
30019,154.0,5.0,14.0,778.0,951.0,0.1619348054679285,0.8180862250262881,"Daniels County, Montana",1535,47378,221,30,19,30019,0.14397394136807817
30021,894.0,26.0,91.0,3627.0,4638.0,0.1927554980595084,0.7820181112548512,"Dawson County, Montana",8915,68168,1018,30,21,30021,0.11418956814357824
30023,2376.0,31.0,134.0,2329.0,4870.0,0.4878850102669405,0.4782340862422998,"Deer Lodge County, Montana",9435,46436,1120,30,23,30023,0.118706942236354
30025,163.0,5.0,36.0,1303.0,1507.0,0.10816191108161911,0.8646317186463172,"Fallon County, Montana",2941,79750,248,30,25,30025,0.08432505950357022
30027,1522.0,58.0,167.0,4965.0,6712.0,0.2267580452920143,0.739719904648391,"Fergus County, Montana",11496,58321,1897,30,27,30027,0.16501391788448155
30029,20062.0,449.0,1239.0,41390.0,63140.0,0.31773835920177385,0.6555273994298385,"Flathead County, Montana",105950,68025,17554,30,29,30029,0.16568192543652666
30031,34938.0,579.0,1685.0,32695.0,69897.0,0.4998497789604704,0.46775970356381535,"Gallatin County, Montana",119685,83434,25951,30,31,30031,0.21682750553536367
30033,39.0,2.0,3.0,756.0,800.0,0.04875,0.945,"Garfield County, Montana",976,61786,104,30,33,30033,0.10655737704918032
30035,2933.0,28.0,178.0,1939.0,5078.0,0.5775896022055927,0.3818432453721938,"Glacier County, Montana",13781,41078,1054,30,35,30035,0.07648211305420506
30037,67.0,2.0,6.0,440.0,515.0,0.13009708737864079,0.8543689320388349,"Golden Valley County, Montana",841,54792,119,30,37,30037,0.14149821640903687
30039,579.0,14.0,46.0,1537.0,2176.0,0.26608455882352944,0.7063419117647058,"Granite County, Montana",3368,53917,634,30,39,30039,0.18824228028503562
30041,2634.0,53.0,246.0,3871.0,6804.0,0.3871252204585538,0.5689300411522634,"Hill County, Montana",16238,58427,1731,30,41,30041,0.10660179825101614
30043,2516.0,51.0,180.0,5544.0,8291.0,0.3034615848510433,0.6686768785429984,"Jefferson County, Montana",12273,73875,1925,30,43,30043,0.15684836633260002
30045,265.0,8.0,29.0,1051.0,1353.0,0.1958610495195861,0.7767923133776792,"Judith Basin County, Montana",2039,58750,325,30,45,30045,0.15939185875429132
30047,6510.0,91.0,429.0,9880.0,16910.0,0.38497930218805443,0.5842696629213483,"Lake County, Montana",31509,58009,4593,30,47,30047,0.14576787584499667
30049,19085.0,332.0,1127.0,21479.0,42023.0,0.45415605739713966,0.5111248601956072,"Lewis and Clark County, Montana",71487,71967,13856,30,49,30049,0.19382545078126093
30051,214.0,6.0,16.0,752.0,988.0,0.2165991902834008,0.7611336032388664,"Liberty County, Montana",1993,48047,287,30,51,30051,0.1440040140491721
30053,2615.0,51.0,214.0,8909.0,11789.0,0.2218169480023751,0.7557044702688948,"Lincoln County, Montana",20157,44593,1885,30,53,30053,0.09351590018355906
30055,129.0,5.0,17.0,931.0,1082.0,0.11922365988909427,0.8604436229205176,"McCone County, Montana",1746,79022,206,30,55,30055,0.11798396334478808
30057,1689.0,29.0,128.0,4615.0,6461.0,0.26141464169633183,0.7142857142857143,"Madison County, Montana",8742,61226,1547,30,57,30057,0.17696179363989933
30059,256.0,7.0,21.0,888.0,1172.0,0.21843003412969283,0.757679180887372,"Meagher County, Montana",1948,55753,388,30,59,30059,0.19917864476386038
30061,689.0,24.0,71.0,2049.0,2833.0,0.2432050829509354,0.723261560183551,"Mineral County, Montana",4652,56098,700,30,61,30061,0.15047291487532244
30063,42903.0,554.0,2010.0,27306.0,72773.0,0.5895455732208374,0.3752215794319322,"Missoula County, Montana",118541,66840,22620,30,63,30063,0.1908200538210408
30065,396.0,20.0,46.0,2550.0,3012.0,0.13147410358565736,0.8466135458167331,"Musselshell County, Montana",4924,54875,546,30,65,30065,0.11088545897644192
30067,5224.0,77.0,288.0,6128.0,11717.0,0.4458479132883844,0.5230007681147051,"Park County, Montana",17320,67602,3373,30,67,30067,0.1947459584295612
30069,37.0,1.0,2.0,284.0,324.0,0.11419753086419752,0.8765432098765432,"Petroleum County, Montana",416,57981,55,30,69,30069,0.13221153846153846
30071,385.0,10.0,41.0,1753.0,2189.0,0.17587939698492464,0.8008222932846049,"Phillips County, Montana",4233,61250,477,30,71,30071,0.11268603827072998
30073,782.0,21.0,77.0,1972.0,2852.0,0.27419354838709675,0.6914446002805049,"Pondera County, Montana",5987,59861,727,30,73,30073,0.12142976448972774
30075,131.0,5.0,7.0,963.0,1106.0,0.11844484629294756,0.8707052441229657,"Powder River County, Montana",1773,60313,246,30,75,30075,0.13874788494077833
30077,710.0,25.0,81.0,2466.0,3282.0,0.21633150517976843,0.7513711151736746,"Powell County, Montana",6998,60994,754,30,77,30077,0.10774507002000572
30079,122.0,4.0,16.0,546.0,688.0,0.17732558139534885,0.7936046511627907,"Prairie County, Montana",1283,44107,129,30,79,30079,0.10054559625876851
30081,8485.0,200.0,602.0,20617.0,29904.0,0.28374130551096843,0.6894395398608881,"Ravalli County, Montana",44876,67424,5826,30,81,30081,0.12982440502718604
30083,778.0,26.0,118.0,4387.0,5309.0,0.14654360519871915,0.8263326426822377,"Richland County, Montana",11366,67515,855,30,83,30083,0.07522435333450642
30085,1680.0,21.0,158.0,2055.0,3914.0,0.4292284108329075,0.525038323965253,"Roosevelt County, Montana",10799,51038,880,30,85,30085,0.0814890267617372
30087,1095.0,24.0,108.0,2466.0,3693.0,0.2965069049553209,0.6677497969130788,"Rosebud County, Montana",8310,57656,620,30,87,30087,0.07460890493381468
30089,1705.0,48.0,166.0,6150.0,8069.0,0.21130251580121454,0.762176230016111,"Sanders County, Montana",12615,47110,1372,30,89,30089,0.1087594133967499
30091,509.0,10.0,72.0,1321.0,1912.0,0.2662133891213389,0.6908995815899581,"Sheridan County, Montana",3700,67457,458,30,91,30091,0.12378378378378378
30093,9386.0,142.0,588.0,8110.0,18226.0,0.514978601997147,0.44496872599583015,"Silver Bow County, Montana",35306,56297,4492,30,93,30093,0.12723049906531467
30095,1056.0,42.0,109.0,4699.0,5906.0,0.17880121909922114,0.7956315611242804,"Stillwater County, Montana",8978,78380,1348,30,95,30095,0.1501447983960793
30097,525.0,22.0,45.0,1789.0,2381.0,0.22049559008819825,0.751364972700546,"Sweet Grass County, Montana",3697,64872,453,30,97,30097,0.12253178252637273
30099,927.0,22.0,86.0,2533.0,3568.0,0.25980941704035876,0.7099215246636771,"Teton County, Montana",6238,65224,770,30,99,30099,0.12343699903815325
30101,415.0,14.0,46.0,1571.0,2046.0,0.20283479960899314,0.7678396871945259,"Toole County, Montana",5018,54040,460,30,101,30101,0.09166998804304503
30103,57.0,5.0,13.0,367.0,442.0,0.12895927601809956,0.830316742081448,"Treasure County, Montana",680,70096,156,30,103,30103,0.22941176470588234
30105,935.0,19.0,106.0,3019.0,4079.0,0.22922284873743565,0.7401323853885756,"Valley County, Montana",7552,59725,899,30,105,30105,0.11904131355932203
30107,209.0,4.0,30.0,843.0,1086.0,0.19244935543278086,0.7762430939226519,"Wheatland County, Montana",2060,48272,219,30,107,30107,0.10631067961165049
30109,71.0,1.0,11.0,463.0,546.0,0.13003663003663005,0.847985347985348,"Wibaux County, Montana",1119,58750,132,30,109,30109,0.11796246648793565
30111,28392.0,614.0,1925.0,50460.0,81391.0,0.34883463773635903,0.619970266982836,"Yellowstone County, Montana",165524,72300,27169,30,111,30111,0.1641393393103115
31001,4100.0,89.0,98.0,10077.0,14364.0,0.2854358117516012,0.7015455304928989,"Adams County, Nebraska",31143,61502,3383,31,1,31001,0.10862794207366021
31003,396.0,11.0,8.0,3032.0,3447.0,0.11488250652741515,0.8796054540179866,"Antelope County, Nebraska",6302,61924,561,31,3,31003,0.08901935893367185
31005,17.0,1.0,0.0,264.0,282.0,0.06028368794326241,0.9361702127659575,"Arthur County, Nebraska",485,66667,70,31,5,31005,0.14432989690721648
31007,34.0,2.0,2.0,348.0,386.0,0.08808290155440414,0.9015544041450777,"Banner County, Nebraska",670,62375,108,31,7,31007,0.16119402985074627
31009,37.0,3.0,1.0,250.0,291.0,0.12714776632302405,0.8591065292096219,"Blaine County, Nebraska",384,52083,54,31,9,31009,0.140625
31011,496.0,21.0,15.0,2499.0,3031.0,0.16364236225668097,0.8244803695150116,"Boone County, Nebraska",5397,66800,444,31,11,31011,0.08226792662590328
31013,1043.0,27.0,34.0,3827.0,4931.0,0.21151896167106063,0.7761103224498074,"Box Butte County, Nebraska",10778,67893,1117,31,13,31013,0.10363703841157915
31015,132.0,5.0,0.0,938.0,1075.0,0.12279069767441861,0.8725581395348837,"Boyd County, Nebraska",1767,57120,122,31,15,31015,0.0690435766836446
31017,201.0,6.0,7.0,1428.0,1642.0,0.12241169305724726,0.8696711327649208,"Brown County, Nebraska",2691,44267,256,31,17,31017,0.09513192121887774
31019,6386.0,169.0,140.0,17064.0,23759.0,0.26878235615977103,0.7182120459615303,"Buffalo County, Nebraska",50103,70093,7178,31,19,31019,0.14326487435882082
31021,983.0,19.0,22.0,2632.0,3656.0,0.2688730853391685,0.7199124726477024,"Burt County, Nebraska",6717,54950,853,31,21,31021,0.1269912163168081
31023,906.0,25.0,14.0,3642.0,4587.0,0.197514715500327,0.7939829954218444,"Butler County, Nebraska",8373,75690,1162,31,23,31023,0.1387794100083602
31025,4824.0,135.0,111.0,10685.0,15755.0,0.30618851158362426,0.6781973976515392,"Cass County, Nebraska",26749,87673,3756,31,25,31025,0.14041646416688475
31027,702.0,44.0,25.0,4141.0,4912.0,0.14291530944625408,0.8430374592833876,"Cedar County, Nebraska",8375,72035,941,31,27,31027,0.11235820895522389
31029,204.0,10.0,4.0,1648.0,1866.0,0.10932475884244373,0.8831725616291533,"Chase County, Nebraska",3704,57313,433,31,29,31029,0.11690064794816414
31031,349.0,22.0,11.0,2687.0,3069.0,0.11371782339524275,0.8755294884327143,"Cherry County, Nebraska",5473,62373,693,31,31,31031,0.12662159693038552
31033,787.0,27.0,24.0,3692.0,4530.0,0.17373068432671082,0.8150110375275939,"Cheyenne County, Nebraska",9489,54038,1107,31,33,31033,0.1166613974075245
31035,577.0,28.0,28.0,2677.0,3310.0,0.1743202416918429,0.808761329305136,"Clay County, Nebraska",6088,73933,638,31,35,31035,0.10479632063074902
31037,845.0,20.0,15.0,2636.0,3516.0,0.24032992036405007,0.7497155858930603,"Colfax County, Nebraska",10563,71205,649,31,37,31037,0.061440878538294046
31039,867.0,25.0,17.0,3536.0,4445.0,0.1950506186726659,0.7955005624296962,"Cuming County, Nebraska",9000,68917,1064,31,39,31039,0.11822222222222223
31041,786.0,33.0,25.0,5042.0,5886.0,0.13353720693170235,0.8566089024804621,"Custer County, Nebraska",10566,62288,1394,31,41,31041,0.13193261404505016
31043,2109.0,37.0,40.0,3934.0,6120.0,0.3446078431372549,0.6428104575163399,"Dakota County, Nebraska",21308,66112,1427,31,43,31043,0.06697015205556599
31045,992.0,41.0,23.0,2812.0,3868.0,0.2564632885211996,0.7269906928645294,"Dawes County, Nebraska",8279,53760,937,31,45,31045,0.11317792003865201
31047,2101.0,40.0,38.0,6312.0,8491.0,0.24743846425627133,0.7433753385938052,"Dawson County, Nebraska",24037,67462,1783,31,47,31047,0.07417730998044682
31049,151.0,14.0,4.0,843.0,1012.0,0.1492094861660079,0.8330039525691699,"Deuel County, Nebraska",1858,58875,209,31,49,31049,0.11248654467168999
31051,573.0,37.0,14.0,2271.0,2895.0,0.19792746113989637,0.7844559585492228,"Dixon County, Nebraska",5579,60568,622,31,51,31051,0.11148951424986557
31053,5434.0,112.0,102.0,10795.0,16443.0,0.3304749741531351,0.6565103691540474,"Dodge County, Nebraska",37175,66793,3438,31,53,31053,0.09248150638870209
31055,148733.0,1705.0,2046.0,120919.0,273403.0,0.5440064666444772,0.44227385946752595,"Douglas County, Nebraska",582638,76083,99805,31,55,31055,0.17129847349469138
31057,96.0,1.0,3.0,829.0,929.0,0.10333692142088267,0.8923573735199138,"Dundy County, Nebraska",1825,58977,187,31,57,31057,0.10246575342465754
31059,662.0,22.0,14.0,2315.0,3013.0,0.2197145701958181,0.76833720544308,"Fillmore County, Nebraska",5557,72335,618,31,59,31059,0.11121108511786935
31061,236.0,9.0,4.0,1351.0,1600.0,0.1475,0.844375,"Franklin County, Nebraska",2901,55625,265,31,61,31061,0.09134781109962083
31063,185.0,7.0,5.0,1213.0,1410.0,0.13120567375886524,0.8602836879432624,"Frontier County, Nebraska",2491,62928,292,31,63,31063,0.1172219991971096
31065,358.0,8.0,4.0,2043.0,2413.0,0.1483630335681724,0.8466639038541235,"Furnas County, Nebraska",4630,58895,521,31,65,31065,0.11252699784017278
31067,3242.0,76.0,75.0,7523.0,10916.0,0.29699523635031144,0.6891718578233785,"Gage County, Nebraska",21654,60035,2234,31,67,31067,0.10316800591114805
31069,162.0,5.0,1.0,949.0,1117.0,0.1450313339301701,0.8495971351835273,"Garden County, Nebraska",1778,47139,205,31,69,31069,0.11529808773903262
31071,116.0,5.0,1.0,893.0,1015.0,0.11428571428571428,0.8798029556650246,"Garfield County, Nebraska",1833,64957,327,31,71,31071,0.1783960720130933
31073,203.0,4.0,4.0,907.0,1118.0,0.1815742397137746,0.8112701252236136,"Gosper County, Nebraska",1873,76583,292,31,73,31073,0.15589962626801923
31075,15.0,0.0,0.0,351.0,366.0,0.040983606557377046,0.9590163934426229,"Grant County, Nebraska",649,65139,100,31,75,31075,0.15408320493066255
31077,192.0,4.0,9.0,1030.0,1235.0,0.15546558704453442,0.8340080971659919,"Greeley County, Nebraska",2212,52813,200,31,77,31077,0.09041591320072333
31079,6956.0,143.0,139.0,15566.0,22804.0,0.3050342045255218,0.6825995439396597,"Hall County, Nebraska",62575,63553,5668,31,79,31079,0.09057930483419896
31081,1067.0,40.0,24.0,4416.0,5547.0,0.19235622859203172,0.7961060032449973,"Hamilton County, Nebraska",9400,73254,1048,31,81,31081,0.11148936170212766
31083,280.0,6.0,10.0,1506.0,1802.0,0.15538290788013318,0.8357380688124306,"Harlan County, Nebraska",3094,64583,378,31,83,31083,0.12217194570135746
31085,19.0,1.0,2.0,472.0,494.0,0.038461538461538464,0.9554655870445344,"Hayes County, Nebraska",919,59405,109,31,85,31085,0.11860718171926006
31087,152.0,5.0,7.0,1269.0,1433.0,0.1060711793440335,0.8855547801814375,"Hitchcock County, Nebraska",2620,49456,254,31,87,31087,0.09694656488549619
31089,681.0,36.0,17.0,4708.0,5442.0,0.12513781697905182,0.8651231165012863,"Holt County, Nebraska",10149,66325,1362,31,89,31089,0.13420041383387527
31091,55.0,3.0,0.0,369.0,427.0,0.1288056206088993,0.8641686182669789,"Hooker County, Nebraska",659,43333,109,31,91,31091,0.165402124430956
31093,642.0,23.0,17.0,2868.0,3550.0,0.1808450704225352,0.8078873239436619,"Howard County, Nebraska",6476,70766,827,31,93,31093,0.12770228536133416
31095,968.0,21.0,28.0,2614.0,3631.0,0.26659322500688515,0.7199118700082622,"Jefferson County, Nebraska",7185,54494,773,31,95,31095,0.10758524704244955
31097,625.0,13.0,18.0,1496.0,2152.0,0.2904275092936803,0.6951672862453532,"Johnson County, Nebraska",5294,64352,459,31,97,31097,0.08670192670948243
31099,736.0,23.0,17.0,2828.0,3604.0,0.20421753607103219,0.7846836847946725,"Kearney County, Nebraska",6655,74276,1089,31,99,31099,0.16363636363636364
31101,731.0,27.0,25.0,3416.0,4199.0,0.17408906882591094,0.8135270302452965,"Keith County, Nebraska",8303,59511,855,31,101,31101,0.10297482837528604
31103,44.0,0.0,0.0,500.0,544.0,0.08088235294117647,0.9191176470588235,"Keya Paha County, Nebraska",987,63977,140,31,103,31103,0.14184397163120568
31105,272.0,17.0,7.0,1424.0,1720.0,0.15813953488372093,0.827906976744186,"Kimball County, Nebraska",3395,53151,211,31,105,31105,0.06215022091310751
31107,786.0,35.0,22.0,3593.0,4436.0,0.17718665464382327,0.8099639314697926,"Knox County, Nebraska",8415,61250,744,31,107,31107,0.08841354723707665
31109,81012.0,1248.0,1158.0,74215.0,157633.0,0.5139279211840161,0.4708087773499204,"Lancaster County, Nebraska",322063,70387,51720,31,109,31109,0.16058969828884412
31111,3586.0,94.0,110.0,12674.0,16464.0,0.21780855199222546,0.7698007774538387,"Lincoln County, Nebraska",34532,63019,3160,31,111,31111,0.09150932468435075
31113,25.0,5.0,1.0,409.0,440.0,0.056818181818181816,0.9295454545454546,"Logan County, Nebraska",839,69250,128,31,113,31113,0.15256257449344457
31115,73.0,0.0,1.0,354.0,428.0,0.1705607476635514,0.8271028037383178,"Loup County, Nebraska",629,50000,61,31,115,31115,0.09697933227344992
31117,12.0,4.0,0.0,267.0,283.0,0.04240282685512368,0.9434628975265018,"McPherson County, Nebraska",456,58250,47,31,117,31117,0.10307017543859649
31119,3360.0,114.0,71.0,12145.0,15690.0,0.21414913957934992,0.7740599107711919,"Madison County, Nebraska",35538,61139,3927,31,119,31119,0.11050143508357252
31121,730.0,30.0,31.0,3551.0,4342.0,0.16812528788576692,0.8178258866881621,"Merrick County, Nebraska",7675,57873,607,31,121,31121,0.07908794788273615
31123,366.0,23.0,11.0,2026.0,2426.0,0.1508656224237428,0.8351195383347073,"Morrill County, Nebraska",4562,57325,434,31,123,31123,0.09513371328364752
31125,352.0,13.0,10.0,1462.0,1837.0,0.19161676646706588,0.7958628198149156,"Nance County, Nebraska",3366,60054,289,31,125,31125,0.08585858585858586
31127,915.0,37.0,23.0,2443.0,3418.0,0.26770040959625513,0.7147454651843184,"Nemaha County, Nebraska",7019,57196,966,31,127,31127,0.13762644251317852
31129,399.0,20.0,3.0,1836.0,2258.0,0.1767050487156776,0.8131089459698848,"Nuckolls County, Nebraska",4092,66000,551,31,129,31129,0.13465298142717497
31131,2463.0,44.0,40.0,5651.0,8198.0,0.3004391314954867,0.6893144669431569,"Otoe County, Nebraska",15995,73031,1941,31,131,31131,0.12135042200687715
31133,284.0,6.0,4.0,1085.0,1379.0,0.20594633792603337,0.7868020304568528,"Pawnee County, Nebraska",2553,55833,228,31,133,31133,0.08930669800235018
31135,187.0,9.0,6.0,1224.0,1426.0,0.13113604488078542,0.8583450210378681,"Perkins County, Nebraska",2860,61786,436,31,135,31135,0.15244755244755245
31137,758.0,28.0,21.0,4158.0,4965.0,0.1526686807653575,0.8374622356495468,"Phelps County, Nebraska",8966,65114,1229,31,137,31137,0.1370733883560116
31139,446.0,17.0,14.0,3420.0,3897.0,0.11444701052091352,0.8775981524249422,"Pierce County, Nebraska",7301,65603,814,31,139,31139,0.11149157649637036
31141,3191.0,79.0,62.0,12326.0,15658.0,0.20379358794226593,0.7872014305786179,"Platte County, Nebraska",34219,69943,3926,31,141,31141,0.1147315818697215
31143,501.0,13.0,9.0,2296.0,2819.0,0.1777225966654842,0.8144732174529975,"Polk County, Nebraska",5182,67695,487,31,143,31143,0.09397915862601312
31145,815.0,33.0,18.0,4457.0,5323.0,0.15310914897614128,0.8373097877136952,"Red Willow County, Nebraska",10690,58344,1266,31,145,31145,0.11842843779232928
31147,934.0,20.0,26.0,2962.0,3942.0,0.23693556570268898,0.7513952308472857,"Richardson County, Nebraska",7850,50321,870,31,147,31147,0.11082802547770701
31149,85.0,2.0,2.0,745.0,834.0,0.10191846522781775,0.8932853717026379,"Rock County, Nebraska",1312,57566,211,31,149,31149,0.16082317073170732
31151,1855.0,43.0,23.0,3734.0,5655.0,0.3280282935455349,0.6603006189213085,"Saline County, Nebraska",14275,71104,1437,31,151,31151,0.10066549912434326
31153,43825.0,755.0,588.0,55567.0,100735.0,0.4350523651163945,0.55161562515511,"Sarpy County, Nebraska",191272,95911,32227,31,153,31153,0.16848780793843324
31155,3558.0,97.0,56.0,9854.0,13565.0,0.2622926649465536,0.7264283081459639,"Saunders County, Nebraska",22374,84474,3063,31,155,31155,0.13689997318315902
31157,3856.0,72.0,79.0,11033.0,15040.0,0.25638297872340426,0.7335771276595745,"Scotts Bluff County, Nebraska",36048,60137,4153,31,157,31157,0.1152075011096316
31159,2388.0,85.0,44.0,6667.0,9184.0,0.26001742160278746,0.7259364111498258,"Seward County, Nebraska",17644,79677,2472,31,159,31159,0.14010428474268874
31161,362.0,11.0,9.0,2102.0,2484.0,0.1457326892109501,0.8462157809983897,"Sheridan County, Nebraska",5102,53609,605,31,161,31161,0.11858094864758918
31163,328.0,8.0,7.0,1344.0,1687.0,0.1944279786603438,0.7966804979253111,"Sherman County, Nebraska",2970,60194,284,31,163,31163,0.09562289562289562
31165,77.0,4.0,0.0,597.0,678.0,0.11356932153392331,0.8805309734513275,"Sioux County, Nebraska",1162,50833,141,31,165,31165,0.12134251290877797
31167,492.0,17.0,19.0,2536.0,3064.0,0.16057441253263707,0.8276762402088773,"Stanton County, Nebraska",5828,76035,565,31,167,31167,0.09694577899794098
31169,544.0,17.0,13.0,2278.0,2852.0,0.19074333800841514,0.7987377279102384,"Thayer County, Nebraska",5006,60305,554,31,169,31169,0.11066719936076708
31171,44.0,1.0,0.0,348.0,393.0,0.11195928753180662,0.8854961832061069,"Thomas County, Nebraska",592,70069,95,31,171,31171,0.16047297297297297
31173,978.0,8.0,12.0,1125.0,2123.0,0.46066886481394254,0.5299105040037683,"Thurston County, Nebraska",6716,63459,515,31,173,31173,0.0766825491363907
31175,403.0,12.0,12.0,1872.0,2299.0,0.1752936059156155,0.8142670726402784,"Valley County, Nebraska",4053,62321,569,31,175,31175,0.14038983469035282
31177,3538.0,91.0,61.0,8855.0,12545.0,0.28202471104025506,0.7058589079314468,"Washington County, Nebraska",20884,89671,3435,31,177,31177,0.16447998467726488
31179,1006.0,30.0,26.0,3011.0,4073.0,0.24699238890252884,0.7392585317947459,"Wayne County, Nebraska",9701,64951,1151,31,179,31179,0.11864756210699928
31181,296.0,9.0,9.0,1449.0,1763.0,0.16789563244469655,0.8218944980147476,"Webster County, Nebraska",3410,62571,345,31,181,31181,0.10117302052785923
31183,57.0,3.0,2.0,424.0,486.0,0.11728395061728394,0.8724279835390947,"Wheeler County, Nebraska",771,59167,109,31,183,31183,0.14137483787289234
31185,1648.0,55.0,47.0,5234.0,6984.0,0.23596792668957617,0.7494272623138603,"York County, Nebraska",14212,72914,1612,31,185,31185,0.11342527441598649
32001,3179.0,94.0,268.0,9962.0,13503.0,0.23542916388950605,0.7377619788195215,"Churchill County, Nevada",25409,69922,2169,32,1,32001,0.08536345389428943
32003,520187.0,3728.0,14256.0,493052.0,1031223.0,0.5044369646526503,0.4781235484468442,"Clark County, Nevada",2265926,69911,271537,32,3,32003,0.11983489310771843
32005,11553.0,142.0,624.0,23237.0,35556.0,0.3249240634492069,0.653532455844302,"Douglas County, Nevada",49476,84262,7930,32,5,32005,0.1602797315870321
32007,4632.0,113.0,368.0,17352.0,22465.0,0.20618740262630758,0.7724015134653907,"Elko County, Nevada",53600,87755,3642,32,7,32007,0.06794776119402986
32009,73.0,5.0,7.0,376.0,461.0,0.15835140997830802,0.8156182212581344,"Esmeralda County, Nevada",980,40694,133,32,9,32009,0.1357142857142857
32011,104.0,9.0,13.0,910.0,1036.0,0.10038610038610038,0.8783783783783784,"Eureka County, Nevada",1622,73929,108,32,11,32011,0.06658446362515413
32013,1711.0,30.0,148.0,6141.0,8030.0,0.21307596513075966,0.7647571606475716,"Humboldt County, Nevada",17266,75574,1751,32,13,32013,0.10141318197613808
32015,482.0,18.0,45.0,2180.0,2725.0,0.17688073394495413,0.8,"Lander County, Nevada",5728,92388,255,32,15,32015,0.044518156424581005
32017,314.0,9.0,41.0,2108.0,2472.0,0.12702265372168284,0.8527508090614887,"Lincoln County, Nevada",4507,67412,292,32,17,32017,0.06478810738850677
32019,8954.0,172.0,554.0,23861.0,33541.0,0.26695685876986375,0.7113979905190663,"Lyon County, Nevada",59435,70026,4970,32,19,32019,0.08362076217716834
32021,711.0,9.0,47.0,1528.0,2295.0,0.30980392156862746,0.6657952069716776,"Mineral County, Nevada",4568,46625,414,32,21,32021,0.09063047285464099
32023,7559.0,93.0,399.0,18946.0,26997.0,0.2799940734155647,0.7017816794458643,"Nye County, Nevada",51698,53602,3372,32,23,32023,0.0652249603466285
32027,496.0,10.0,38.0,1764.0,2308.0,0.21490467937608318,0.7642980935875217,"Pershing County, Nevada",6587,66304,291,32,27,32027,0.04417792621830879
32029,913.0,18.0,36.0,2108.0,3075.0,0.2969105691056911,0.6855284552845529,"Storey County, Nevada",4095,86932,526,32,29,32029,0.12844932844932844
32031,130071.0,1382.0,4838.0,127443.0,263734.0,0.4931901082150955,0.4832255226857364,"Washoe County, Nevada",486674,81531,66824,32,31,32031,0.1373075200236709
32033,883.0,17.0,87.0,3364.0,4351.0,0.20294185244771318,0.7731555964146173,"White Pine County, Nevada",8997,71297,664,32,33,32033,0.07380237857063465
32510,13375.0,210.0,610.0,16873.0,31068.0,0.430507274365907,0.5430990086262392,"Carson City, Nevada",58249,67465,6883,32,510,32510,0.11816511871448437
33001,17469.0,173.0,269.0,22765.0,40676.0,0.42946700757203266,0.5596666338873045,"Belknap County, New Hampshire",63914,80719,9127,33,1,33001,0.1428012641987671
33003,16822.0,158.0,252.0,17426.0,34658.0,0.48537134283570893,0.5027987766172313,"Carroll County, New Hampshire",50679,77049,8647,33,3,33003,0.1706229404684386
33005,24579.0,256.0,471.0,20083.0,45389.0,0.541518870210844,0.4424640331357818,"Cheshire County, New Hampshire",76610,76551,11579,33,5,33005,0.15114214854457642
33007,7367.0,91.0,130.0,9734.0,17322.0,0.42529730977947117,0.5619443482276874,"Coos County, New Hampshire",31430,55247,3186,33,7,33007,0.10136811963092587
33009,32993.0,348.0,645.0,21909.0,55895.0,0.5902674657840594,0.3919670811342696,"Grafton County, New Hampshire",90836,79949,13805,33,9,33009,0.15197718966048704
33011,118776.0,1280.0,2327.0,112057.0,234440.0,0.5066370926463061,0.4779773076266849,"Hillsborough County, New Hampshire",422733,95112,76111,33,11,33011,0.1800450875611793
33013,48181.0,520.0,913.0,43364.0,92978.0,0.5181978532556089,0.4663898986857106,"Merrimack County, New Hampshire",153918,88806,23235,33,13,33013,0.15095700307956184
33015,97611.0,1010.0,1762.0,102539.0,202922.0,0.481027192714442,0.5053123860399562,"Rockingham County, New Hampshire",315169,110225,62863,33,15,33015,0.19945806852831338
33017,42373.0,423.0,730.0,33162.0,76688.0,0.5525375547673691,0.43242749843521805,"Strafford County, New Hampshire",130965,83212,21650,33,17,33017,0.16531134272515557
33019,12317.0,166.0,254.0,12484.0,25221.0,0.48836287220966657,0.4949843384481186,"Sullivan County, New Hampshire",43356,70788,5986,33,19,33019,0.13806624227327244
34001,61879.0,288.0,1775.0,65817.0,129759.0,0.476876363103908,0.507224932374633,"Atlantic County, New Jersey",274339,73113,37957,34,1,34001,0.13835801690609065
34003,232660.0,1158.0,8163.0,217096.0,459077.0,0.5067995129357384,0.47289670360309927,"Bergen County, New Jersey",953243,118714,208030,34,3,34003,0.21823396552610405
34005,132275.0,527.0,2548.0,94116.0,229466.0,0.5764470553371741,0.4101522665667245,"Burlington County, New Jersey",461853,102615,87020,34,5,34005,0.18841492855952002
34007,155522.0,510.0,3155.0,87767.0,246954.0,0.6297610081229703,0.355398171319355,"Camden County, New Jersey",522581,82005,74997,34,7,34007,0.14351268033089606
34009,21648.0,107.0,662.0,32151.0,54568.0,0.3967160240433954,0.5891914675267556,"Cape May County, New Jersey",95456,83870,16309,34,9,34009,0.1708535869929601
34011,26577.0,87.0,546.0,28675.0,55885.0,0.4755658942471146,0.5131072738659748,"Cumberland County, New Jersey",153588,62310,12061,34,11,34011,0.07852827043779462
34013,224596.0,682.0,4097.0,83908.0,313283.0,0.7169109080288429,0.2678345138421172,"Essex County, New Jersey",853374,73785,124500,34,13,34013,0.1458914848589247
34015,78708.0,406.0,2195.0,83326.0,164635.0,0.4780757433109606,0.5061256719409603,"Gloucester County, New Jersey",302621,99668,48158,34,15,34015,0.15913634546181527
34017,144765.0,517.0,5986.0,79913.0,231181.0,0.6261976546515501,0.3456728710404402,"Hudson County, New Jersey",712029,86854,140539,34,17,34017,0.19737819667457365
34019,36995.0,321.0,1218.0,42391.0,80925.0,0.45715168365770775,0.5238307074451652,"Hunterdon County, New Jersey",129099,133534,30308,34,19,34019,0.23476556751020536
34021,107558.0,390.0,3048.0,52274.0,163270.0,0.6587738102529552,0.3201690451399522,"Mercer County, New Jersey",383732,92697,62306,34,21,34021,0.16236852803519122
34023,191802.0,884.0,10042.0,162459.0,365187.0,0.5252158483188065,0.44486523342835316,"Middlesex County, New Jersey",860147,105206,156153,34,23,34023,0.18154222475925627
34025,156382.0,874.0,5478.0,197409.0,360143.0,0.43422196183182793,0.5481405997062277,"Monmouth County, New Jersey",643064,118527,138371,34,25,34025,0.21517453939265765
34027,135672.0,888.0,4667.0,143439.0,284666.0,0.4766006477766927,0.5038852550005972,"Morris County, New Jersey",508816,130808,118638,34,27,34027,0.23316483758372378
34029,105789.0,585.0,3529.0,227232.0,337135.0,0.3137882450650333,0.6740089281741736,"Ocean County, New Jersey",638691,82379,93595,34,29,34029,0.14654191150337173
34031,95156.0,372.0,6285.0,100954.0,202767.0,0.46928740870062685,0.49788180522471603,"Passaic County, New Jersey",519986,84465,70286,34,31,34031,0.1351690237814095
34033,12275.0,87.0,410.0,18229.0,31001.0,0.3959549691945421,0.5880132898938744,"Salem County, New Jersey",64840,73378,6792,34,33,34033,0.10475015422578655
34035,98790.0,667.0,3854.0,74101.0,177412.0,0.556839447162537,0.4176774964489437,"Somerset County, New Jersey",344978,131948,75626,34,35,34035,0.2192197763335633
34037,31019.0,272.0,1215.0,52123.0,84629.0,0.36652920393718463,0.6158999870020915,"Sussex County, New Jersey",144808,111094,26428,34,37,34037,0.18250372907574167
34039,147327.0,688.0,3554.0,89063.0,240632.0,0.6122502410319492,0.37012118089032214,"Union County, New Jersey",572079,95000,89290,34,39,34039,0.15607984211970724
34041,23318.0,190.0,870.0,35772.0,60150.0,0.38766417290108063,0.594713216957606,"Warren County, New Jersey",109739,92620,18944,34,41,34041,0.1726277804609118
35001,368234.0,3012.0,12918.0,237524.0,621688.0,0.592313186035439,0.3820630284000978,"Bernalillo County, New Mexico",674692,62220,93393,35,1,35001,0.13842316197613133
35003,1142.0,10.0,44.0,3504.0,4700.0,0.24297872340425533,0.745531914893617,"Catron County, New Mexico",3635,44777,217,35,3,35003,0.05969738651994498
35005,11882.0,114.0,606.0,31788.0,44390.0,0.2676728993016445,0.716107231358414,"Chaves County, New Mexico",64701,49673,4537,35,5,35005,0.07012256379344987
35006,8900.0,25.0,396.0,8622.0,17943.0,0.4960151591149752,0.480521651897676,"Cibola County, New Mexico",27211,49866,1507,35,6,35006,0.05538201462643784
35007,4872.0,47.0,189.0,6504.0,11612.0,0.4195659662418188,0.5601102307957285,"Colfax County, New Mexico",12370,46286,1169,35,7,35007,0.09450282942603072
35009,8460.0,124.0,425.0,21428.0,30437.0,0.2779511778427572,0.7040115648717022,"Curry County, New Mexico",48327,55427,4028,35,9,35009,0.08334885260827281
35011,412.0,0.0,20.0,1298.0,1730.0,0.23815028901734103,0.7502890173410405,"De Baca County, New Mexico",1695,34702,53,35,11,35011,0.03126843657817109
35013,91874.0,612.0,3140.0,75188.0,170814.0,0.5378598943880478,0.44017469294085965,"Doña Ana County, New Mexico",219870,51232,23076,35,13,35013,0.10495292672943103
35015,10064.0,114.0,471.0,36282.0,46931.0,0.2144424793846285,0.7730924122648143,"Eddy County, New Mexico",61264,77458,4615,35,15,35015,0.07532972055366936
35017,14602.0,106.0,571.0,13160.0,28439.0,0.5134498400084391,0.462744822251134,"Grant County, New Mexico",28006,44895,3153,35,17,35017,0.11258301792473041
35019,1918.0,0.0,48.0,1890.0,3856.0,0.4974066390041494,0.4901452282157676,"Guadalupe County, New Mexico",4413,38713,348,35,19,35019,0.07885791978246091
35021,256.0,0.0,0.0,594.0,850.0,0.30117647058823527,0.6988235294117647,"Harding County, New Mexico",671,39489,74,35,21,35021,0.11028315946348734
35023,1410.0,0.0,25.0,2280.0,3715.0,0.3795423956931359,0.6137281292059219,"Hidalgo County, New Mexico",4160,53651,330,35,23,35023,0.07932692307692307
35025,7860.0,82.0,472.0,33994.0,42408.0,0.1853423882286361,0.8015940388605923,"Lea County, New Mexico",73103,65855,3298,35,25,35025,0.04511442758847106
35027,6066.0,96.0,276.0,13884.0,20322.0,0.29849424269264835,0.6832004723944494,"Lincoln County, New Mexico",20222,47919,2191,35,27,35027,0.10834734447631293
35028,15452.0,350.0,472.0,8094.0,24368.0,0.6341103086014446,0.3321569271175312,"Los Alamos County, New Mexico",19253,135801,3869,35,28,35028,0.20095569521632992
35029,6352.0,53.0,303.0,9396.0,16104.0,0.3944361649279682,0.5834575260804769,"Luna County, New Mexico",25393,38241,1129,35,29,35029,0.04446107194896231
35031,31422.0,138.0,1445.0,18728.0,51733.0,0.607387934200607,0.3620126418340324,"McKinley County, New Mexico",72073,44029,3341,35,31,35031,0.04635577816935607
35033,2878.0,7.0,39.0,2020.0,4944.0,0.5821197411003236,0.4085760517799353,"Mora County, New Mexico",4208,40231,258,35,33,35033,0.06131178707224334
35035,17164.0,208.0,878.0,30234.0,48484.0,0.3540136952396667,0.6235871627753485,"Otero County, New Mexico",67850,50833,6168,35,35,35035,0.09090641120117907
35037,2110.0,8.0,121.0,5140.0,7379.0,0.28594660523106114,0.6965713511315896,"Quay County, New Mexico",8641,38998,637,35,37,35037,0.07371831963893068
35039,18746.0,58.0,630.0,12536.0,31970.0,0.5863622145761651,0.3921176102596184,"Rio Arriba County, New Mexico",40285,52031,2941,35,39,35039,0.07300484051135658
35041,3640.0,56.0,197.0,9374.0,13267.0,0.2743649657043793,0.7065651616793548,"Roosevelt County, New Mexico",19142,52644,1453,35,41,35041,0.07590638386793438
35043,82410.0,726.0,2734.0,73210.0,159080.0,0.5180412371134021,0.4602087000251446,"Sandoval County, New Mexico",149460,76424,20227,35,43,35043,0.13533386859360363
35045,34928.0,384.0,2012.0,68528.0,105852.0,0.3299701469976949,0.647394475305143,"San Juan County, New Mexico",121798,50734,7345,35,45,35045,0.06030476690914465
35047,13970.0,57.0,410.0,7774.0,22211.0,0.6289676286524695,0.35000675341047227,"San Miguel County, New Mexico",27215,43490,2768,35,47,35047,0.10170861657174353
35049,122810.0,548.0,3162.0,40914.0,167434.0,0.7334830440651242,0.24435897129615253,"Santa Fe County, New Mexico",154481,70522,24664,35,49,35049,0.1596571746687295
35051,4664.0,36.0,249.0,6946.0,11895.0,0.39209751996637243,0.583942833123161,"Sierra County, New Mexico",11506,35256,1075,35,51,35051,0.09342951503563358
35053,6768.0,72.0,319.0,7302.0,14461.0,0.46801742618076203,0.5049443330336768,"Socorro County, New Mexico",16453,40699,680,35,53,35053,0.041329848659818876
35055,24076.0,96.0,819.0,8278.0,33269.0,0.7236766960233251,0.24882022303044876,"Taos County, New Mexico",34475,55145,5014,35,55,35055,0.1454387237128354
35057,4288.0,66.0,228.0,9760.0,14342.0,0.29898201087714404,0.6805187561009622,"Torrance County, New Mexico",15203,50727,958,35,57,35057,0.06301387883970269
35059,756.0,5.0,63.0,2494.0,3318.0,0.22784810126582278,0.7516576250753466,"Union County, New Mexico",4074,41714,278,35,59,35059,0.06823760432007854
35061,27218.0,232.0,990.0,38114.0,66554.0,0.40896114433392433,0.5726778255251375,"Valencia County, New Mexico",76613,56246,5911,35,61,35061,0.07715400780546383
36001,92589.0,143.0,1285.0,54560.0,148577.0,0.6231718233643161,0.36721699859332196,"Albany County, New York",315041,78829,47712,36,1,36001,0.1514469545233795
36003,5483.0,15.0,52.0,13826.0,19376.0,0.28297894302229565,0.7135631709331132,"Allegany County, New York",47222,58725,3833,36,3,36003,0.08116979374020583
36005,261670.0,59.0,2987.0,98174.0,362890.0,0.7210725013089366,0.2705337705640828,"Bronx County, New York",1443229,47036,127270,36,5,36005,0.08818420361564243
36007,45142.0,82.0,472.0,44763.0,90459.0,0.499032710951923,0.49484296753225215,"Broome County, New York",198365,58317,20751,36,7,36007,0.10461018828926474
36009,11424.0,28.0,69.0,22586.0,34107.0,0.33494590553258863,0.6622101034978157,"Cattaraugus County, New York",77000,56889,5788,36,9,36009,0.07516883116883116
36011,15772.0,24.0,65.0,20482.0,36343.0,0.4339762815397738,0.563574828715296,"Cayuga County, New York",76171,63227,7335,36,11,36011,0.09629649079045831
36013,22085.0,44.0,94.0,34528.0,56751.0,0.38915613821782874,0.6084121865693997,"Chautauqua County, New York",127440,54625,12068,36,13,36013,0.09469554300062774
36015,15572.0,37.0,90.0,21861.0,37560.0,0.4145899893503727,0.5820287539936102,"Chemung County, New York",83584,61358,7943,36,15,36015,0.09503014931087289
36017,8177.0,28.0,41.0,14294.0,22540.0,0.36277728482697424,0.6341614906832298,"Chenango County, New York",47096,61741,3325,36,17,36017,0.07060047562425684
36019,17478.0,26.0,66.0,18247.0,35817.0,0.4879805678867577,0.5094508194432811,"Clinton County, New York",79839,67097,8494,36,19,36019,0.10638910808001102
36021,20396.0,30.0,303.0,15168.0,35897.0,0.5681811850572471,0.42254227372760955,"Columbia County, New York",61469,81741,8970,36,21,36021,0.1459272153443199
36023,10290.0,22.0,45.0,11706.0,22063.0,0.46639169650546164,0.5305715451207904,"Cortland County, New York",46755,65029,4387,36,23,36023,0.09382953694792001
36025,9237.0,15.0,115.0,13789.0,23156.0,0.3989030920711695,0.5954828122300916,"Delaware County, New York",44637,58338,4409,36,25,36025,0.09877455922216995
36027,79994.0,116.0,771.0,71778.0,152659.0,0.524004480574352,0.4701851839721209,"Dutchess County, New York",296467,94578,43496,36,27,36027,0.14671447412359553
36029,248651.0,401.0,2724.0,204774.0,456550.0,0.5446303800240937,0.4485248056072719,"Erie County, New York",951232,68014,135561,36,29,36029,0.14251097524053016
36031,9629.0,9.0,65.0,9533.0,19236.0,0.5005718444583074,0.49558120191307964,"Essex County, New York",37314,68090,5079,36,31,36031,0.13611513105000805
36033,8821.0,8.0,60.0,10569.0,19458.0,0.45333538904306714,0.5431699044094974,"Franklin County, New York",47459,60270,4152,36,33,36033,0.08748604058239744
36035,7666.0,11.0,39.0,16237.0,23953.0,0.3200434183609569,0.6778691604391934,"Fulton County, New York",53280,60557,4454,36,35,36035,0.0835960960960961
36037,9367.0,27.0,53.0,18997.0,28444.0,0.3293137392771762,0.6678737167768246,"Genesee County, New York",58204,68178,5638,36,37,36037,0.09686619476324651
36039,10436.0,29.0,143.0,14702.0,25310.0,0.4123271434215725,0.580877123666535,"Greene County, New York",48067,70294,5892,36,39,36039,0.12257890028501883
36041,1211.0,2.0,3.0,2223.0,3439.0,0.35213724920034895,0.6464088397790055,"Hamilton County, New York",5090,66891,548,36,41,36041,0.10766208251473477
36043,9110.0,18.0,40.0,19557.0,28725.0,0.31714534377719755,0.6808355091383812,"Herkimer County, New York",60293,68104,5719,36,43,36043,0.09485346557643508
36045,16326.0,26.0,74.0,26417.0,42843.0,0.38106575169806034,0.6166001447144224,"Jefferson County, New York",117445,62782,11185,36,45,36045,0.09523606794669845
36047,601265.0,272.0,12433.0,233964.0,847934.0,0.709094104022247,0.27592241849011834,"Kings County, New York",2679620,74692,448448,36,47,36047,0.16735507273419364
36049,3600.0,7.0,6.0,9353.0,12966.0,0.2776492364645997,0.7213481412926115,"Lewis County, New York",26690,64401,1987,36,49,36049,0.07444735856125889
36051,12148.0,33.0,74.0,18780.0,31035.0,0.3914290317383599,0.6051232479458676,"Livingston County, New York",61980,70443,6471,36,51,36051,0.10440464666021297
36053,14629.0,62.0,98.0,19025.0,33814.0,0.43263145442716033,0.5626367776660555,"Madison County, New York",68020,68869,6623,36,53,36053,0.09736842105263158
36055,214757.0,433.0,1585.0,145940.0,362715.0,0.5920819376094179,0.4023544656272831,"Monroe County, New York",756406,71450,116878,36,55,36055,0.1545175474546738
36057,7356.0,24.0,46.0,13286.0,20712.0,0.3551564310544612,0.6414638856701429,"Montgomery County, New York",49624,58033,3799,36,57,36057,0.07655569885539255
36059,338424.0,367.0,5391.0,368117.0,712299.0,0.47511508509769074,0.516801230943747,"Nassau County, New York",1389160,137709,254707,36,59,36059,0.1833532494457082
36061,533782.0,551.0,6118.0,113921.0,654372.0,0.815716442635076,0.1740921066304793,"New York County, New York",1645867,99880,410095,36,61,36061,0.24916654869439633
36063,43438.0,93.0,222.0,58678.0,102431.0,0.42407083792992356,0.5728539211762064,"Niagara County, New York",212230,65882,24288,36,63,36063,0.11444187909343637
36065,39415.0,66.0,90.0,60687.0,100258.0,0.3931357098685392,0.6053083045741986,"Oneida County, New York",231055,66402,24775,36,65,36065,0.10722555235766376
36067,133155.0,240.0,1070.0,93916.0,228381.0,0.5830388692579506,0.4112251019130313,"Onondaga County, New York",472637,71479,65547,36,67,36067,0.13868359861796686
36069,29520.0,72.0,174.0,30221.0,59987.0,0.492106623101672,0.5037924883724807,"Ontario County, New York",112288,76603,15907,36,69,36069,0.14166251068680535
36071,80253.0,81.0,390.0,94936.0,175660.0,0.4568655356939542,0.5404531481270637,"Orange County, New York",401237,91806,46559,36,71,36071,0.11603865047341097
36073,5366.0,21.0,25.0,12659.0,18071.0,0.2969398483758508,0.700514636710752,"Orleans County, New York",40148,61069,3434,36,73,36073,0.0855335259539703
36075,20483.0,38.0,94.0,33548.0,54163.0,0.37817329173051717,0.6193896202204457,"Oswego County, New York",118037,65054,10192,36,75,36075,0.08634580682328423
36077,13031.0,27.0,122.0,15256.0,28436.0,0.45825713883809255,0.5365030243353496,"Otsego County, New York",59678,65778,7088,36,77,36077,0.11877073628472803
36079,23956.0,40.0,216.0,31553.0,55765.0,0.42958845153770286,0.5658208553752354,"Putnam County, New York",97942,120970,17119,36,79,36079,0.1747871189071083
36081,437282.0,251.0,10030.0,264628.0,712191.0,0.6139954029185991,0.37156886284718565,"Queens County, New York",2360826,82431,365140,36,81,36081,0.154666205811017
36083,39668.0,90.0,377.0,38601.0,78736.0,0.5038102011786222,0.4902585856533225,"Rensselaer County, New York",160943,83734,23380,36,83,36083,0.14526882188103862
36085,69345.0,68.0,2056.0,128151.0,199620.0,0.3473850315599639,0.6419747520288548,"Richmond County, New York",492925,96185,72848,36,85,36085,0.14778718872039356
36087,65880.0,48.0,601.0,83543.0,150072.0,0.4389892851431313,0.5566861239938163,"Rockland County, New York",337326,106173,49010,36,87,36087,0.14528971973699034
36089,18010.0,29.0,68.0,25919.0,44026.0,0.40907645482215055,0.58872030163994,"St. Lawrence County, New York",108670,58339,8590,36,89,36089,0.0790466550105825
36091,66321.0,123.0,428.0,63940.0,130812.0,0.5069947711219154,0.48879307708772896,"Saratoga County, New York",236328,97038,41136,36,91,36091,0.1740631664466335
36093,39733.0,70.0,387.0,31975.0,72165.0,0.5505854638675258,0.443081826370124,"Schenectady County, New York",159447,75056,20727,36,93,36093,0.12999303843910515
36095,5547.0,14.0,58.0,10423.0,16042.0,0.345779827951627,0.649731953621743,"Schoharie County, New York",29970,71479,2907,36,95,36095,0.096996996996997
36097,3736.0,9.0,24.0,5717.0,9486.0,0.3938435589289479,0.6026776301918617,"Schuyler County, New York",17855,61316,1674,36,97,36097,0.09375525063007561
36099,6610.0,12.0,33.0,8379.0,15034.0,0.4396700811493947,0.5573367034721298,"Seneca County, New York",33651,64050,3301,36,99,36099,0.09809515319009836
36101,15413.0,55.0,99.0,29777.0,45344.0,0.33991266760762173,0.6566910726887791,"Steuben County, New York",93584,62506,8548,36,101,36101,0.09134040006838776
36103,341812.0,385.0,3103.0,417549.0,762849.0,0.4480729475951335,0.5473547189548652,"Suffolk County, New York",1524486,122498,225180,36,103,36103,0.14770880152392346
36105,14549.0,13.0,114.0,20386.0,35062.0,0.41495065883292453,0.5814271861274314,"Sullivan County, New York",78725,67841,9021,36,105,36105,0.11458875833597967
36107,9437.0,32.0,52.0,15038.0,24559.0,0.3842583167067063,0.6123213485891119,"Tioga County, New York",48344,70427,5426,36,107,36107,0.11223729935462519
36109,34631.0,58.0,489.0,11354.0,46532.0,0.7442405226510789,0.24400412619272757,"Tompkins County, New York",102555,69995,15045,36,109,36109,0.14670176978206817
36111,57974.0,77.0,740.0,39743.0,98534.0,0.5883654373109789,0.4033430085046786,"Ulster County, New York",182153,77197,26089,36,111,36111,0.14322574978177685
36113,17099.0,41.0,83.0,18606.0,35829.0,0.4772391079851517,0.5193000083731056,"Warren County, New York",65684,74531,8787,36,113,36113,0.133776871079715
36115,11224.0,28.0,66.0,17268.0,28586.0,0.39263975372559995,0.6040719233191073,"Washington County, New York",61310,68703,5655,36,115,36115,0.09223617680639373
36117,17056.0,41.0,60.0,27286.0,44443.0,0.3837724726053597,0.61395495353599,"Wayne County, New York",91324,71007,10056,36,117,36117,0.11011344224957295
36119,287434.0,253.0,2356.0,167795.0,457838.0,0.6278072156526981,0.366494262162599,"Westchester County, New York",997904,114651,177680,36,119,36119,0.1780531995061649
36121,4929.0,0.0,0.0,14112.0,19041.0,0.2588624547030093,0.7411375452969907,"Wyoming County, New York",40338,65066,3251,36,121,36121,0.08059398086171848
36123,4401.0,14.0,29.0,6098.0,10542.0,0.4174729652817302,0.5784481123126541,"Yates County, New York",24713,63974,2386,36,123,36123,0.0965483753490066
37001,40624.0,305.0,965.0,47937.0,89831.0,0.45222695951286307,0.5336353819950796,"Alamance County, North Carolina",171779,60866,21972,37,1,37001,0.12790853363915264
37003,4060.0,66.0,147.0,16404.0,20677.0,0.19635343618513323,0.7933452628524448,"Alexander County, North Carolina",36505,62764,2910,37,3,37003,0.07971510751951788
37005,1533.0,17.0,46.0,4900.0,6496.0,0.23599137931034483,0.7543103448275862,"Alleghany County, North Carolina",10989,42115,1143,37,5,37005,0.10401310401310401
37007,5253.0,26.0,71.0,5525.0,10875.0,0.4830344827586207,0.5080459770114942,"Anson County, North Carolina",22200,42000,1380,37,7,37007,0.062162162162162166
37009,4431.0,49.0,144.0,11629.0,16253.0,0.2726265920137821,0.7154986771672922,"Ashe County, North Carolina",26759,49176,2588,37,9,37009,0.0967151238835532
37011,2220.0,32.0,56.0,7181.0,9489.0,0.23395510591210875,0.7567709979976815,"Avery County, North Carolina",17679,53513,1852,37,11,37011,0.10475705639459246
37013,9049.0,76.0,151.0,17296.0,26572.0,0.34054643986150834,0.6509107331025139,"Beaufort County, North Carolina",44711,56081,3996,37,13,37013,0.08937397955760328
37015,5279.0,13.0,54.0,3840.0,9186.0,0.574678859133464,0.41802743305029394,"Bertie County, North Carolina",17818,41652,1459,37,15,37015,0.0818834886070266
37017,6620.0,30.0,79.0,10035.0,16764.0,0.3948938200906705,0.598604151753758,"Bladen County, North Carolina",29807,40476,2992,37,17,37017,0.10037910557922636
37019,40557.0,386.0,777.0,67658.0,109378.0,0.37079668671945,0.6185704620673261,"Brunswick County, North Carolina",139721,71193,22776,37,19,37019,0.16301057106662564
37021,98662.0,658.0,2174.0,59016.0,160510.0,0.6146782131954396,0.36767802629119684,"Buncombe County, North Carolina",269449,66531,51168,37,21,37021,0.1898986450125998
37023,13272.0,137.0,308.0,32130.0,45847.0,0.2894845900495125,0.7008092132527756,"Burke County, North Carolina",87799,53732,7983,37,23,37023,0.09092358682900717
37025,54494.0,527.0,1435.0,63746.0,120202.0,0.4533535215720204,0.5303239546762949,"Cabarrus County, North Carolina",226396,83828,36005,37,25,37025,0.15903549532677255
37027,10146.0,120.0,265.0,33009.0,43540.0,0.2330271015158475,0.758130454754249,"Caldwell County, North Carolina",80716,52362,7183,37,27,37027,0.08899103027900293
37029,1522.0,24.0,42.0,4716.0,6304.0,0.24143401015228427,0.7480964467005076,"Camden County, North Carolina",10547,79120,1194,37,29,37029,0.11320754716981132
37031,12813.0,159.0,337.0,32508.0,45817.0,0.27965602287360586,0.7095183010672894,"Carteret County, North Carolina",68353,66965,10353,37,31,37031,0.15146372507424694
37033,4493.0,39.0,63.0,7445.0,12040.0,0.37317275747508305,0.6183554817275747,"Caswell County, North Carolina",22747,56999,1645,37,33,37033,0.07231722864553568
37035,26569.0,289.0,674.0,59577.0,87109.0,0.30500866730188614,0.6839362178420141,"Catawba County, North Carolina",161011,62070,19436,37,35,37035,0.12071224947363844
37037,29014.0,251.0,529.0,22507.0,52301.0,0.5547503871818894,0.4303359400393874,"Chatham County, North Carolina",76754,84222,14026,37,37,37037,0.18273966177658493
37039,3686.0,57.0,198.0,13883.0,17824.0,0.20679982046678635,0.7788936265709157,"Cherokee County, North Carolina",28868,49254,3511,37,39,37039,0.12162255784952196
37041,2895.0,21.0,49.0,4587.0,7552.0,0.3833421610169492,0.6073887711864406,"Chowan County, North Carolina",13835,51188,1606,37,41,37041,0.1160823997108782
37043,1899.0,16.0,52.0,5761.0,7728.0,0.24572981366459629,0.7454710144927537,"Clay County, North Carolina",11186,57065,1503,37,43,37043,0.13436438405149292
37045,16603.0,121.0,328.0,34654.0,51706.0,0.32110393377944535,0.6702123544656327,"Cleveland County, North Carolina",99527,50723,8415,37,45,37045,0.08454992112693038
37047,8648.0,34.0,128.0,17592.0,26402.0,0.3275509431103704,0.6663131580940838,"Columbus County, North Carolina",50827,43206,3483,37,47,37047,0.06852657052354064
37049,22011.0,231.0,454.0,33477.0,56173.0,0.3918430562725865,0.5959624730742528,"Craven County, North Carolina",101098,61676,10281,37,49,37049,0.10169340639775268
37051,78631.0,516.0,1526.0,59840.0,140513.0,0.5595994676649135,0.425868069146627,"Cumberland County, North Carolina",335207,55551,36206,37,51,37051,0.10801087089470089
37053,4604.0,85.0,129.0,13235.0,18053.0,0.25502686534094055,0.7331191491718828,"Currituck County, North Carolina",28616,82793,3797,37,53,37053,0.13268800670953312
37055,10074.0,121.0,209.0,14792.0,25196.0,0.3998253691062073,0.5870773138593427,"Dare County, North Carolina",37160,79742,7818,37,55,37055,0.2103875134553283
37057,24150.0,300.0,1043.0,67959.0,93452.0,0.2584214356033044,0.7272075504002055,"Davidson County, North Carolina",169498,58473,17220,37,57,37057,0.1015941191046502
37059,6988.0,133.0,331.0,19398.0,26850.0,0.2602607076350093,0.7224581005586592,"Davie County, North Carolina",43030,69105,5358,37,59,37059,0.12451777829421334
37061,8057.0,43.0,121.0,14677.0,22898.0,0.3518647916848633,0.6409730107432964,"Duplin County, North Carolina",49312,49376,3796,37,61,37061,0.07697923426346528
37063,144450.0,749.0,2860.0,32853.0,180912.0,0.7984544972141151,0.1815965773414699,"Durham County, North Carolina",325101,74927,61099,37,63,37063,0.18793851756838645
37065,14900.0,36.0,157.0,9355.0,24448.0,0.6094568062827225,0.382648887434555,"Edgecombe County, North Carolina",49067,46370,4421,37,65,37065,0.09010129007275766
37067,114145.0,886.0,2403.0,87292.0,204726.0,0.557550091341598,0.4263845334740092,"Forsyth County, North Carolina",383739,61229,55140,37,67,37067,0.1436914152588087
37069,18167.0,171.0,391.0,23938.0,42667.0,0.4257857360489371,0.5610424918555323,"Franklin County, North Carolina",69680,70493,7856,37,69,37069,0.11274397244546498
37071,44062.0,424.0,942.0,73828.0,119256.0,0.3694740725833501,0.6190715771114241,"Gaston County, North Carolina",228972,62628,27972,37,71,37071,0.12216340862638227
37073,2268.0,17.0,45.0,3538.0,5868.0,0.38650306748466257,0.6029311520109066,"Gates County, North Carolina",10509,55750,408,37,73,37073,0.038823865258349986
37075,839.0,20.0,37.0,3883.0,4779.0,0.17555974053149195,0.8125130780498012,"Graham County, North Carolina",8047,46010,588,37,75,37075,0.07307070958121038
37077,14365.0,109.0,247.0,17383.0,32104.0,0.44745203089957636,0.5414590082232743,"Granville County, North Carolina",61161,68079,7032,37,77,37077,0.11497522931279737
37079,3437.0,15.0,33.0,4965.0,8450.0,0.40674556213017754,0.5875739644970415,"Greene County, North Carolina",20407,50320,1176,37,79,37079,0.057627284755231045
37081,171118.0,1033.0,3825.0,109077.0,285053.0,0.6003023999045791,0.38265515535707395,"Guilford County, North Carolina",539557,62880,85562,37,81,37081,0.15857824103848156
37083,14014.0,41.0,132.0,9778.0,23965.0,0.5847694554558731,0.4080116837054037,"Halifax County, North Carolina",48772,41629,3483,37,83,37083,0.07141392602312803
37085,23472.0,269.0,576.0,39440.0,63757.0,0.3681478112207287,0.6185987420989068,"Harnett County, North Carolina",134718,64992,13404,37,85,37085,0.09949672649534583
37087,13913.0,148.0,397.0,23393.0,37851.0,0.3675728514438192,0.6180285857705212,"Haywood County, North Carolina",62152,56596,8218,37,87,37087,0.13222422448191531
37089,29361.0,291.0,825.0,39497.0,69974.0,0.41959870809157684,0.5644525109326322,"Henderson County, North Carolina",116469,65508,18490,37,89,37089,0.15875469008920828
37091,6191.0,17.0,74.0,3561.0,9843.0,0.6289749060245861,0.36177994513867723,"Hertford County, North Carolina",21633,46196,1430,37,91,37091,0.06610271344704849
37093,11896.0,91.0,233.0,10547.0,22767.0,0.5225106513813853,0.46325822462335836,"Hoke County, North Carolina",52612,57141,4660,37,93,37093,0.088572949137079
37095,931.0,8.0,17.0,1465.0,2421.0,0.38455183808343657,0.6051218504750103,"Hyde County, North Carolina",4636,43724,425,37,95,37095,0.09167385677308024
37097,36739.0,432.0,903.0,72801.0,110875.0,0.33135512965050734,0.6566042841037204,"Iredell County, North Carolina",187839,73103,29342,37,97,37097,0.15620824216483264
37099,9746.0,102.0,298.0,11796.0,21942.0,0.4441709962628749,0.537599124965819,"Jackson County, North Carolina",42388,51482,4787,37,99,37099,0.11293290553930357
37101,48116.0,536.0,1148.0,74878.0,124678.0,0.3859221354208441,0.6005710710790998,"Johnston County, North Carolina",219042,75288,27955,37,101,37101,0.1276239260050584
37103,2007.0,10.0,37.0,3409.0,5463.0,0.3673805601317957,0.624016108365367,"Jones County, North Carolina",9263,53053,811,37,103,37103,0.08755262873798986
37105,12245.0,113.0,234.0,17489.0,30081.0,0.4070675841893554,0.5813968950500316,"Lee County, North Carolina",63560,60941,6339,37,105,37105,0.09973253618628068
37107,12700.0,62.0,177.0,14564.0,27503.0,0.4617678071483111,0.5295422317565357,"Lenoir County, North Carolina",55071,43063,3974,37,107,37107,0.07216139165804143
37109,14842.0,194.0,363.0,40183.0,55582.0,0.26702889424633874,0.7229498758590911,"Lincoln County, North Carolina",87933,75672,11737,37,109,37109,0.133476624248007
37111,5911.0,75.0,149.0,17520.0,23655.0,0.2498837455083492,0.7406467977171846,"McDowell County, North Carolina",44629,53532,4060,37,111,37111,0.09097223778260773
37113,6675.0,81.0,197.0,14981.0,21934.0,0.3043220570803319,0.6830035561229142,"Macon County, North Carolina",37088,51042,4474,37,113,37113,0.12063201035375323
37115,5090.0,60.0,196.0,8275.0,13621.0,0.3736876881286249,0.6075178033918215,"Madison County, North Carolina",21414,56664,3298,37,115,37115,0.15401139441486877
37117,5360.0,20.0,59.0,6601.0,12040.0,0.44518272425249167,0.5482558139534883,"Martin County, North Carolina",21992,44799,1790,37,117,37117,0.08139323390323754
37119,376454.0,2696.0,10585.0,187770.0,577505.0,0.6518627544350265,0.32514004207755776,"Mecklenburg County, North Carolina",1115403,79265,234207,37,119,37119,0.20997522868416169
37121,1915.0,23.0,61.0,6843.0,8842.0,0.21657995928522958,0.773919927618186,"Mitchell County, North Carolina",14989,55534,1536,37,121,37121,0.10247514844219094
37123,4055.0,37.0,70.0,9044.0,13206.0,0.307057398152355,0.6848402241405421,"Montgomery County, North Carolina",25839,55523,2417,37,123,37123,0.09354077170169124
37125,21436.0,282.0,455.0,39617.0,61790.0,0.3469169768570966,0.6411555267842693,"Moore County, North Carolina",100759,77981,17050,37,125,37125,0.16921565319227067
37127,25508.0,109.0,423.0,26431.0,52471.0,0.4861351984905948,0.503725867622115,"Nash County, North Carolina",95015,56770,10109,37,127,37127,0.10639372730621481
37129,68814.0,606.0,1365.0,67949.0,138734.0,0.496013954762351,0.48977900154252024,"New Hanover County, North Carolina",228134,67515,44834,37,129,37129,0.1965248494305978
37131,5239.0,13.0,58.0,3905.0,9215.0,0.5685295713510581,0.42376559956592513,"Northampton County, North Carolina",17528,45698,1430,37,131,37131,0.08158375171154723
37133,25684.0,380.0,657.0,54960.0,81681.0,0.3144427712687161,0.672861497777941,"Onslow County, North Carolina",203686,59976,19410,37,133,37133,0.09529373643745766
37135,65444.0,330.0,1227.0,20806.0,87807.0,0.7453164326306558,0.23695149589440478,"Orange County, North Carolina",145919,85785,25510,37,135,37135,0.17482301824985094
37137,2676.0,30.0,41.0,5229.0,7976.0,0.33550651955867605,0.6555917753259779,"Pamlico County, North Carolina",12317,55867,1214,37,137,37137,0.09856296176016888
37139,9549.0,66.0,191.0,10537.0,20343.0,0.4693997935407757,0.5179668682101951,"Pasquotank County, North Carolina",40454,61411,4783,37,139,37139,0.11823305482770555
37141,12460.0,166.0,241.0,26042.0,38909.0,0.32023439307101187,0.6693053021151919,"Pender County, North Carolina",61592,74538,8374,37,141,37141,0.1359592154825302
37143,2269.0,22.0,97.0,5278.0,7666.0,0.295982259326898,0.6884946517088443,"Perquimans County, North Carolina",13053,59401,1072,37,143,37143,0.08212671416532598
37145,8295.0,52.0,180.0,13509.0,22036.0,0.3764294790343075,0.6130422944273007,"Person County, North Carolina",39131,60688,3539,37,145,37145,0.09043980475837571
37147,45595.0,333.0,799.0,40403.0,87130.0,0.5232985194536899,0.46370939974750375,"Pitt County, North Carolina",171196,54915,21025,37,147,37147,0.12281244888899273
37149,4827.0,50.0,84.0,8107.0,13068.0,0.3693755739210285,0.6203703703703703,"Polk County, North Carolina",19538,60465,3285,37,149,37149,0.16813389292660458
37151,15951.0,180.0,520.0,59357.0,76008.0,0.20985948847489738,0.7809309546363541,"Randolph County, North Carolina",144403,56423,11923,37,151,37151,0.08256753668552592
37153,7787.0,35.0,120.0,11931.0,19873.0,0.39183817239470636,0.6003623006088663,"Richmond County, North Carolina",43149,42354,3131,37,153,37153,0.07256251593316183
37155,16728.0,81.0,314.0,29647.0,46770.0,0.35766516998075687,0.633889245242677,"Robeson County, North Carolina",117573,39393,7243,37,155,37155,0.0616042798941934
37157,15676.0,130.0,342.0,33447.0,49595.0,0.3160802500252042,0.6744026615586248,"Rockingham County, North Carolina",91209,50737,6974,37,157,37157,0.07646175267791555
37159,23788.0,240.0,559.0,50807.0,75394.0,0.31551582354033475,0.6738865161683953,"Rowan County, North Carolina",147067,59717,14877,37,159,37159,0.10115797561655572
37161,8914.0,87.0,213.0,25456.0,34670.0,0.25710989327949235,0.7342370925872512,"Rutherford County, North Carolina",64680,50512,6080,37,161,37161,0.09400123685837972
37163,9797.0,55.0,171.0,18178.0,28201.0,0.3473990284032481,0.6445870713804475,"Sampson County, North Carolina",59317,49963,4136,37,163,37163,0.0697270596962085
37165,6754.0,26.0,79.0,7767.0,14626.0,0.4617803910843703,0.531040612607685,"Scotland County, North Carolina",34222,41948,2115,37,165,37165,0.06180234936590497
37167,8881.0,92.0,223.0,27518.0,36714.0,0.24189682409979843,0.7495233425941058,"Stanly County, North Carolina",62723,60634,5840,37,167,37167,0.09310779140028379
37169,5380.0,87.0,160.0,21548.0,27175.0,0.19797608095676172,0.7929346826126955,"Stokes County, North Carolina",44696,57539,3471,37,169,37169,0.07765795596921425
37171,8613.0,88.0,242.0,28565.0,37508.0,0.2296310120507625,0.7615708648821585,"Surry County, North Carolina",71429,52743,6190,37,171,37171,0.08665948004311974
37173,2643.0,41.0,57.0,4311.0,7052.0,0.37478729438457176,0.6113159387407827,"Swain County, North Carolina",14130,52818,1207,37,173,37173,0.0854210898796886
37175,8972.0,77.0,239.0,11492.0,20780.0,0.43176130895091436,0.5530317613089509,"Transylvania County, North Carolina",33131,62056,6065,37,175,37175,0.1830611813709215
37177,680.0,7.0,13.0,1057.0,1757.0,0.3870233352305065,0.601593625498008,"Tyrrell County, North Carolina",3389,55341,198,37,177,37177,0.058424313956919445
37179,51168.0,595.0,1321.0,86271.0,139355.0,0.36717735280398983,0.6190735890351978,"Union County, North Carolina",240109,95533,39363,37,179,37179,0.1639380448046512
37181,11292.0,36.0,150.0,8614.0,20092.0,0.562014732231734,0.4287278518813458,"Vance County, North Carolina",42492,48340,3502,37,181,37181,0.08241551350842512
37183,402984.0,3544.0,10317.0,236735.0,653580.0,0.6165794546956761,0.36221273600783377,"Wake County, North Carolina",1132103,96734,258183,37,183,37183,0.22805610443572713
37185,5872.0,22.0,143.0,3976.0,10013.0,0.5864376310795966,0.3970837910716069,"Warren County, North Carolina",18803,42282,1606,37,185,37185,0.08541190235600701
37187,3138.0,6.0,32.0,2768.0,5944.0,0.5279273216689099,0.46567967698519513,"Washington County, North Carolina",11051,38927,848,37,187,37187,0.0767351370916659
37189,17225.0,160.0,456.0,15254.0,33095.0,0.520471370297628,0.4609155461550083,"Watauga County, North Carolina",54540,50034,7527,37,189,37189,0.13800880088008802
37191,22618.0,174.0,390.0,31580.0,54762.0,0.4130236295241226,0.5766772579525948,"Wayne County, North Carolina",117480,54323,10860,37,191,37191,0.09244126659856997
37193,7194.0,89.0,225.0,28812.0,36320.0,0.1980726872246696,0.7932819383259911,"Wilkes County, North Carolina",66125,49119,5550,37,193,37193,0.0839319470699433
37195,19909.0,92.0,294.0,19750.0,40045.0,0.4971656886003246,0.4931951554501186,"Wilson County, North Carolina",78667,49827,7053,37,195,37195,0.08965639976101797
37197,3739.0,56.0,163.0,16439.0,20397.0,0.18331127126538216,0.8059518556650488,"Yadkin County, North Carolina",37280,57486,2841,37,197,37197,0.07620708154506438
37199,3635.0,38.0,101.0,7509.0,11283.0,0.3221660905787468,0.6655144908269077,"Yancey County, North Carolina",18538,53103,1988,37,199,37199,0.10723918437803431
38001,215.0,14.0,10.0,962.0,1201.0,0.17901748542880933,0.8009991673605329,"Adams County, North Dakota",2190,57950,209,38,1,38001,0.0954337899543379
38003,1661.0,102.0,45.0,3531.0,5339.0,0.311106948866829,0.6613598052069676,"Barnes County, North Dakota",10826,64447,1624,38,3,38003,0.1500092370219841
38005,795.0,36.0,8.0,1163.0,2002.0,0.3971028971028971,0.580919080919081,"Benson County, North Dakota",5960,63220,495,38,5,38005,0.08305369127516779
38007,93.0,8.0,3.0,543.0,647.0,0.1437403400309119,0.839258114374034,"Billings County, North Dakota",839,74000,121,38,7,38007,0.14421930870083433
38009,735.0,59.0,25.0,2628.0,3447.0,0.21322889469103568,0.762402088772846,"Bottineau County, North Dakota",6411,80113,881,38,9,38009,0.1374200592731243
38011,207.0,20.0,7.0,1384.0,1618.0,0.12793572311495674,0.8553770086526576,"Bowman County, North Dakota",2975,79709,305,38,11,38011,0.10252100840336134
38013,130.0,12.0,5.0,909.0,1056.0,0.12310606060606061,0.8607954545454546,"Burke County, North Dakota",2184,94583,317,38,13,38013,0.14514652014652016
38015,14215.0,954.0,499.0,36595.0,52263.0,0.27198974417848193,0.7002085605495283,"Burleigh County, North Dakota",98443,82141,17514,38,15,38015,0.1779100596284144
38017,40304.0,1665.0,1009.0,47873.0,90851.0,0.44362747795841545,0.5269397144775512,"Cass County, North Dakota",186328,73249,34136,38,17,38017,0.18320381263148855
38019,491.0,25.0,10.0,1461.0,1987.0,0.2471061902365375,0.7352793155510821,"Cavalier County, North Dakota",3691,61174,540,38,19,38019,0.14630181522622596
38021,557.0,49.0,18.0,1829.0,2453.0,0.22706889523033022,0.7456176110884631,"Dickey County, North Dakota",5003,60250,666,38,21,38021,0.13312012792324604
38023,253.0,27.0,7.0,914.0,1201.0,0.21065778517901748,0.7610324729392173,"Divide County, North Dakota",2195,95938,232,38,23,38023,0.10569476082004556
38025,332.0,22.0,11.0,1877.0,2242.0,0.1480820695807315,0.8371989295272079,"Dunn County, North Dakota",4049,91758,430,38,25,38025,0.10619906149666584
38027,316.0,23.0,4.0,862.0,1205.0,0.26224066390041495,0.7153526970954357,"Eddy County, North Dakota",2345,50375,341,38,27,38027,0.14541577825159915
38029,205.0,21.0,7.0,1697.0,1930.0,0.10621761658031088,0.8792746113989637,"Emmons County, North Dakota",3297,63750,322,38,29,38029,0.09766454352441614
38031,335.0,31.0,11.0,1326.0,1703.0,0.1967116852613036,0.7786259541984732,"Foster County, North Dakota",3388,78426,459,38,31,38031,0.13547815820543094
38033,122.0,15.0,7.0,847.0,991.0,0.1231079717457114,0.8546922300706358,"Golden Valley County, North Dakota",1734,84750,207,38,33,38033,0.11937716262975778
38035,12469.0,497.0,322.0,18123.0,31411.0,0.3969628474101429,0.5769634841297635,"Grand Forks County, North Dakota",72927,64698,10451,38,35,38035,0.14330769125289675
38037,205.0,23.0,2.0,1076.0,1306.0,0.15696784073506892,0.8238897396630934,"Grant County, North Dakota",2320,57069,308,38,37,38037,0.13275862068965516
38039,301.0,21.0,4.0,963.0,1289.0,0.2335143522110163,0.7470907680372382,"Griggs County, North Dakota",2309,66688,319,38,39,38039,0.13815504547423127
38041,192.0,13.0,12.0,1089.0,1306.0,0.14701378254211334,0.833843797856049,"Hettinger County, North Dakota",2477,66797,236,38,41,38041,0.09527654420670166
38043,238.0,16.0,7.0,1137.0,1398.0,0.17024320457796852,0.8133047210300429,"Kidder County, North Dakota",2391,57240,257,38,43,38043,0.10748640736093684
38045,453.0,42.0,14.0,1614.0,2123.0,0.2133772962788507,0.7602449364107395,"LaMoure County, North Dakota",4135,70227,603,38,45,38045,0.14582829504232164
38047,117.0,16.0,2.0,898.0,1033.0,0.1132623426911907,0.8693126815101646,"Logan County, North Dakota",1849,59750,266,38,47,38047,0.14386154678204435
38049,479.0,33.0,17.0,2223.0,2752.0,0.17405523255813954,0.8077761627906976,"McHenry County, North Dakota",5326,78071,589,38,49,38049,0.1105895606458881
38051,229.0,20.0,9.0,1132.0,1390.0,0.1647482014388489,0.814388489208633,"McIntosh County, North Dakota",2529,64375,244,38,51,38051,0.09648082245947015
38053,809.0,47.0,38.0,4627.0,5521.0,0.14653142546640102,0.8380728128962145,"McKenzie County, North Dakota",14081,83813,1662,38,53,38053,0.1180313898160642
38055,1093.0,74.0,23.0,4231.0,5421.0,0.2016233167312304,0.7804833056631618,"McLean County, North Dakota",9781,80556,1294,38,55,38055,0.13229731111338308
38057,672.0,60.0,25.0,3798.0,4555.0,0.14753018660812295,0.8338090010976948,"Mercer County, North Dakota",8366,82155,894,38,57,38057,0.10686110447047574
38059,3748.0,319.0,130.0,12839.0,17036.0,0.2200046959380136,0.7536393519605541,"Morton County, North Dakota",33192,79555,4788,38,59,38059,0.1442516268980477
38061,1125.0,58.0,13.0,2877.0,4073.0,0.27620918242082004,0.7063589491775104,"Mountrail County, North Dakota",9648,81886,927,38,61,38061,0.0960820895522388
38063,580.0,34.0,6.0,1141.0,1761.0,0.32935831913685404,0.6479273140261215,"Nelson County, North Dakota",3025,62219,469,38,63,38063,0.15504132231404957
38065,156.0,19.0,3.0,909.0,1087.0,0.14351425942962281,0.8362465501379944,"Oliver County, North Dakota",1832,69722,206,38,65,38065,0.11244541484716157
38067,704.0,34.0,24.0,2350.0,3112.0,0.2262210796915167,0.7551413881748072,"Pembina County, North Dakota",6853,64243,838,38,67,38067,0.12228221216985262
38069,439.0,23.0,15.0,1493.0,1970.0,0.22284263959390863,0.7578680203045686,"Pierce County, North Dakota",3999,59583,574,38,69,38069,0.14353588397099276
38071,1513.0,82.0,35.0,3609.0,5239.0,0.28879557167398356,0.6888719221225424,"Ramsey County, North Dakota",11613,61490,1499,38,71,38071,0.1290794798932231
38073,920.0,51.0,17.0,1661.0,2649.0,0.34730086825217066,0.627029067572669,"Ransom County, North Dakota",5663,71462,622,38,73,38073,0.10983577609041144
38075,179.0,31.0,5.0,993.0,1208.0,0.14817880794701987,0.8220198675496688,"Renville County, North Dakota",2282,77067,270,38,75,38075,0.11831726555652936
38077,2473.0,150.0,62.0,5576.0,8261.0,0.29935843118266553,0.6749788161239559,"Richland County, North Dakota",16548,67089,2030,38,77,38077,0.12267343485617598
38079,2567.0,66.0,15.0,1427.0,4075.0,0.6299386503067484,0.3501840490797546,"Rolette County, North Dakota",12292,53806,789,38,79,38079,0.0641880898145135
38081,663.0,36.0,19.0,1325.0,2043.0,0.3245227606461087,0.648556045031816,"Sargent County, North Dakota",3828,75648,388,38,81,38081,0.1013584117032393
38083,101.0,8.0,4.0,644.0,757.0,0.1334214002642008,0.8507265521796565,"Sheridan County, North Dakota",1338,68684,143,38,83,38083,0.10687593423019431
38085,654.0,11.0,3.0,285.0,953.0,0.6862539349422875,0.2990556138509968,"Sioux County, North Dakota",3896,41201,180,38,85,38085,0.04620123203285421
38087,33.0,3.0,2.0,351.0,389.0,0.08483290488431877,0.9023136246786633,"Slope County, North Dakota",837,70625,124,38,87,38087,0.14814814814814814
38089,2473.0,221.0,83.0,12323.0,15100.0,0.1637748344370861,0.8160927152317881,"Stark County, North Dakota",32989,78734,4023,38,89,38089,0.12194974082269848
38091,367.0,16.0,10.0,622.0,1015.0,0.361576354679803,0.6128078817733991,"Steele County, North Dakota",1774,85750,339,38,91,38091,0.19109357384441938
38093,2692.0,196.0,61.0,7185.0,10134.0,0.26564041839352676,0.7089994079336885,"Stutsman County, North Dakota",21609,59167,2706,38,93,38093,0.12522560044425934
38095,289.0,25.0,4.0,796.0,1114.0,0.2594254937163375,0.7145421903052065,"Towner County, North Dakota",2152,61250,216,38,95,38095,0.10037174721189591
38097,1359.0,71.0,35.0,2650.0,4115.0,0.3302551640340219,0.6439854191980559,"Traill County, North Dakota",8004,81157,1198,38,97,38097,0.1496751624187906
38099,1173.0,97.0,40.0,3186.0,4496.0,0.2608985765124555,0.7086298932384342,"Walsh County, North Dakota",10553,68082,920,38,99,38099,0.08717900123187719
38101,7215.0,476.0,226.0,20635.0,28552.0,0.25269683384701597,0.7227164471840852,"Ward County, North Dakota",69532,78143,9023,38,101,38101,0.12976758902375884
38103,405.0,22.0,11.0,1815.0,2253.0,0.17976031957390146,0.8055925432756325,"Wells County, North Dakota",3990,59732,527,38,103,38103,0.13208020050125313
38105,2276.0,233.0,112.0,12501.0,15122.0,0.15050919190583256,0.8266763655601111,"Williams County, North Dakota",39076,86139,4410,38,105,38105,0.11285699662196745
39001,2098.0,27.0,35.0,10269.0,12429.0,0.1687987770536648,0.8262128892107169,"Adams County, Ohio",27509,46234,1514,39,1,39001,0.055036533498127885
39003,12754.0,211.0,203.0,33201.0,46369.0,0.27505445448467725,0.7160171666415062,"Allen County, Ohio",102087,58976,8167,39,3,39003,0.08000039182266107
39005,6544.0,135.0,121.0,19863.0,26663.0,0.24543374714023178,0.7449649326782433,"Ashland County, Ohio",52522,62254,5103,39,5,39005,0.09715928563268726
39007,15345.0,188.0,185.0,27656.0,43374.0,0.3537833725273205,0.6376170055793794,"Ashtabula County, Ohio",97666,53663,7102,39,7,39007,0.0727172199127639
39009,14134.0,120.0,153.0,11369.0,25776.0,0.5483395406579764,0.4410692116697703,"Athens County, Ohio",61276,48750,5632,39,9,39009,0.0919120047000457
39011,4442.0,96.0,103.0,20988.0,25629.0,0.17331928674548364,0.818916071637598,"Auglaize County, Ohio",46263,75231,3973,39,11,39011,0.08587856386313036
39013,8080.0,81.0,118.0,22758.0,31037.0,0.260334439539904,0.7332538582981603,"Belmont County, Ohio",66554,56943,5451,39,13,39013,0.08190341677434865
39015,4069.0,59.0,59.0,17257.0,21444.0,0.18975004663309084,0.8047472486476404,"Brown County, Ohio",43715,66677,2893,39,15,39015,0.06617865721148347
39017,66713.0,894.0,759.0,114831.0,183197.0,0.3641598934480368,0.6268170330300169,"Butler County, Ohio",388327,77062,51348,39,17,39017,0.1322287659627067
39019,3071.0,49.0,65.0,10634.0,13819.0,0.2222302626818149,0.7695202257761053,"Carroll County, Ohio",26761,59872,1623,39,19,39019,0.06064795784910878
39021,4944.0,116.0,81.0,15334.0,20475.0,0.24146520146520148,0.7489133089133089,"Champaign County, Ohio",38715,70486,3345,39,21,39021,0.08640061991476172
39023,21847.0,336.0,269.0,40403.0,62855.0,0.3475777583326704,0.6427969135311431,"Clark County, Ohio",135877,58954,10887,39,23,39023,0.08012393561824296
39025,36130.0,657.0,392.0,76964.0,114143.0,0.31653277029690824,0.6742770034080058,"Clermont County, Ohio",208851,79573,27683,39,25,39025,0.1325490421400903
39027,4633.0,88.0,74.0,15984.0,20779.0,0.22296549400837384,0.7692381731555897,"Clinton County, Ohio",42077,64210,3621,39,27,39027,0.0860565154359864
39029,12064.0,189.0,193.0,35607.0,48053.0,0.2510561255280628,0.7409943187730215,"Columbiana County, Ohio",101723,55473,8083,39,29,39029,0.07946088888451973
39031,3835.0,66.0,74.0,12362.0,16337.0,0.23474322090959174,0.7566872742853645,"Coshocton County, Ohio",36629,52048,2712,39,31,39031,0.07403969532337765
39033,4683.0,80.0,80.0,15402.0,20245.0,0.23131637441343542,0.7607804396147196,"Crawford County, Ohio",41861,52486,2754,39,33,39033,0.0657891593607415
39035,376384.0,2419.0,2553.0,195164.0,576520.0,0.6528550614029002,0.33852077985152296,"Cuyahoga County, Ohio",1256620,60074,180290,39,35,39035,0.14347217138036955
39037,4583.0,97.0,88.0,22234.0,27002.0,0.16972816828383083,0.8234204873713058,"Darke County, Ohio",51751,60237,3844,39,37,39037,0.07427875789839809
39039,5667.0,89.0,98.0,13302.0,19156.0,0.2958342033827521,0.6944038421382335,"Defiance County, Ohio",38300,69302,3177,39,39,39039,0.08295039164490861
39041,61657.0,770.0,517.0,70448.0,133392.0,0.4622241213865899,0.5281276238455079,"Delaware County, Ohio",216074,123995,49877,39,41,39041,0.23083295537639884
39043,16871.0,205.0,180.0,22493.0,39749.0,0.4244383506503308,0.5658758710910966,"Erie County, Ohio",75299,65171,9429,39,43,39043,0.1252207864646277
39045,31695.0,370.0,393.0,51999.0,84457.0,0.3752797281456836,0.6156860887789053,"Fairfield County, Ohio",159371,82969,22057,39,45,39045,0.13840033632216653
39047,2773.0,40.0,52.0,9706.0,12571.0,0.22058706546814097,0.7720945032217007,"Fayette County, Ohio",28901,56773,1702,39,47,39047,0.05889069582367392
39049,380518.0,3503.0,3374.0,210830.0,598225.0,0.636078398595846,0.3524259266998203,"Franklin County, Ohio",1318149,71070,226726,39,49,39049,0.17200331677223135
39051,6374.0,82.0,105.0,15893.0,22454.0,0.2838692437872985,0.7078026186870936,"Fulton County, Ohio",42602,71453,3401,39,51,39051,0.07983193277310924
39053,2592.0,50.0,46.0,10314.0,13002.0,0.19935394554683894,0.7932625749884633,"Gallia County, Ohio",29276,55533,2062,39,53,39053,0.07043311927858997
39055,20604.0,251.0,195.0,33844.0,54894.0,0.3753415673844136,0.616533683098335,"Geauga County, Ohio",95455,97162,16495,39,55,39055,0.17280393902886176
39057,35575.0,568.0,499.0,53399.0,90041.0,0.395097788785109,0.5930520540642596,"Greene County, Ohio",167567,81243,24036,39,57,39057,0.14344113101028244
39059,4154.0,58.0,75.0,13314.0,17601.0,0.23600931765240613,0.7564342935060508,"Guernsey County, Ohio",38409,53901,2603,39,59,39059,0.0677705746049103
39061,233360.0,2420.0,1940.0,172365.0,410085.0,0.5690527573551825,0.4203153004864845,"Hamilton County, Ohio",827671,68249,135727,39,61,39061,0.16398665653381597
39063,11467.0,218.0,206.0,26052.0,37943.0,0.30221648261866485,0.6866088606594102,"Hancock County, Ohio",75072,67006,9236,39,63,39063,0.12302855924978687
39065,2863.0,63.0,56.0,9911.0,12893.0,0.22205848134646708,0.7687117040254402,"Hardin County, Ohio",30622,55876,2148,39,65,39065,0.07014564692051466
39067,1559.0,38.0,29.0,5484.0,7110.0,0.21926863572433192,0.7713080168776372,"Harrison County, Ohio",14528,54056,792,39,67,39067,0.054515418502202644
39069,3905.0,68.0,66.0,10873.0,14912.0,0.26186963519313305,0.7291443133047211,"Henry County, Ohio",27601,71616,2369,39,69,39069,0.08583022354262526
39071,3609.0,54.0,55.0,16269.0,19987.0,0.1805673687897133,0.813979086406164,"Highland County, Ohio",43285,60522,2916,39,71,39071,0.06736744830772785
39073,3704.0,56.0,50.0,9679.0,13489.0,0.27459411372229225,0.7175476314033657,"Hocking County, Ohio",28104,59007,2113,39,73,39073,0.0751850270424139
39075,1854.0,58.0,39.0,10384.0,12335.0,0.15030401297122012,0.8418321848398865,"Holmes County, Ohio",44273,72987,1941,39,75,39075,0.04384161904546789
39077,7496.0,125.0,111.0,19484.0,27216.0,0.2754262198706643,0.7159024103468548,"Huron County, Ohio",58518,64144,4155,39,77,39077,0.07100379370450118
39079,2953.0,37.0,48.0,11249.0,14287.0,0.20669139777420031,0.787359137677609,"Jackson County, Ohio",32563,56549,2415,39,79,39079,0.07416392838497682
39081,8592.0,111.0,247.0,22317.0,31267.0,0.2747945117855886,0.7137557168900118,"Jefferson County, Ohio",65280,53124,5738,39,81,39081,0.0878982843137255
39083,8698.0,159.0,135.0,23112.0,32104.0,0.2709319710939447,0.7199102915524546,"Knox County, Ohio",62657,71246,6265,39,83,39083,0.09998882806390347
39085,54484.0,595.0,576.0,72924.0,128579.0,0.4237394908966472,0.5671532676409056,"Lake County, Ohio",232236,76835,33187,39,85,39085,0.14290204791677433
39087,6514.0,82.0,104.0,20013.0,26713.0,0.24385130835173885,0.7491857896904129,"Lawrence County, Ohio",57994,51846,4544,39,87,39087,0.0783529330620409
39089,32832.0,476.0,393.0,61359.0,95060.0,0.34538186408584054,0.6454765411319167,"Licking County, Ohio",178844,78505,24104,39,89,39089,0.13477667688040973
39091,5027.0,98.0,99.0,18182.0,23406.0,0.21477398957532257,0.7768093651200547,"Logan County, Ohio",46098,69125,3956,39,91,39091,0.08581717211158836
39093,74207.0,844.0,659.0,83297.0,159007.0,0.46669014571685524,0.52385744023848,"Lorain County, Ohio",313101,67272,37312,39,93,39093,0.11916921376808122
39095,106320.0,1072.0,819.0,82398.0,190609.0,0.557791080169352,0.4322880871312477,"Lucas County, Ohio",430014,57265,51164,39,95,39095,0.11898217267344784
39097,5713.0,124.0,95.0,14737.0,20669.0,0.2764042769364749,0.713000145144903,"Madison County, Ohio",43961,77062,4439,39,97,39097,0.10097586497122449
39099,50636.0,412.0,408.0,61249.0,112705.0,0.44927909143338807,0.5434452774943437,"Mahoning County, Ohio",227979,54279,27175,39,99,39099,0.11919957539948856
39101,7902.0,119.0,119.0,19219.0,27359.0,0.2888263459921781,0.7024745056471362,"Marion County, Ohio",65366,55106,4186,39,101,39101,0.06403940886699508
39103,39771.0,523.0,443.0,66308.0,107045.0,0.37153533560652063,0.6194404222523238,"Medina County, Ohio",182347,89968,30285,39,103,39103,0.16608444339638162
39105,2202.0,28.0,43.0,8127.0,10400.0,0.21173076923076922,0.7814423076923077,"Meigs County, Ohio",22242,46255,1270,39,105,39105,0.057099181728261846
39107,3865.0,72.0,106.0,19710.0,23753.0,0.162716288468825,0.8297899212731024,"Mercer County, Ohio",42321,73278,3839,39,107,39107,0.09071146712034214
39109,15969.0,311.0,231.0,42677.0,59188.0,0.26980131107656957,0.7210414273163479,"Miami County, Ohio",108818,71440,11540,39,109,39109,0.10604863166020327
39111,1336.0,15.0,49.0,5396.0,6796.0,0.19658622719246616,0.7939964685108888,"Monroe County, Ohio",13401,55381,686,39,111,39111,0.05119020968584434
39113,126767.0,1313.0,1191.0,125566.0,254837.0,0.49744346386121324,0.49273064743345746,"Montgomery County, Ohio",536121,61942,65792,39,113,39113,0.1227185653984828
39115,1560.0,32.0,22.0,5168.0,6782.0,0.23002064287820703,0.7620171040990859,"Morgan County, Ohio",13851,51056,735,39,115,39115,0.05306476066709985
39117,4100.0,76.0,72.0,14609.0,18857.0,0.21742588959007264,0.7747255661027735,"Morrow County, Ohio",35049,70412,2890,39,117,39117,0.08245599018516933
39119,10874.0,148.0,162.0,28147.0,39331.0,0.27647402812031224,0.7156441483816837,"Muskingum County, Ohio",86393,56810,7036,39,119,39119,0.08144178347782806
39121,1069.0,13.0,29.0,5050.0,6161.0,0.17351079370232106,0.819672131147541,"Noble County, Ohio",14216,51547,930,39,121,39121,0.06541924592009003
39123,8866.0,107.0,115.0,14872.0,23960.0,0.37003338898163607,0.6207011686143573,"Ottawa County, Ohio",40367,69515,5257,39,123,39123,0.13023013847945103
39125,1987.0,36.0,51.0,7203.0,9277.0,0.2141856203514067,0.7764363479573138,"Paulding County, Ohio",18827,65331,1410,39,125,39125,0.07489244170606045
39127,3800.0,60.0,70.0,13062.0,16992.0,0.2236346516007533,0.7687146892655368,"Perry County, Ohio",35451,62899,2499,39,127,39127,0.07049166455107049
39129,7397.0,136.0,140.0,21607.0,29280.0,0.25262978142076503,0.7379439890710382,"Pickaway County, Ohio",58809,67600,5568,39,129,39129,0.09467938580829464
39131,2793.0,34.0,39.0,9352.0,12218.0,0.2285971517433295,0.7654280569651334,"Pike County, Ohio",27151,50832,1754,39,131,39131,0.06460167212993996
39133,34759.0,398.0,388.0,47681.0,83226.0,0.41764592795520633,0.5729099079614544,"Portage County, Ohio",161217,69796,19883,39,133,39133,0.12333066612081853
39135,4343.0,101.0,66.0,17146.0,21656.0,0.20054488363502032,0.791743627632065,"Preble County, Ohio",40929,66355,3334,39,135,39135,0.08145813481883261
39137,2996.0,93.0,93.0,16576.0,19758.0,0.15163478084826398,0.8389513108614233,"Putnam County, Ohio",34400,79453,4044,39,137,39137,0.11755813953488373
39139,16591.0,234.0,239.0,41298.0,58362.0,0.28427744080052086,0.7076179705973065,"Richland County, Ohio",125008,56557,9600,39,139,39139,0.07679508511455267
39141,9846.0,133.0,152.0,22801.0,32932.0,0.2989797157779667,0.6923660876958582,"Ross County, Ohio",76957,58048,5498,39,141,39141,0.07144249386020765
39143,10139.0,144.0,122.0,19311.0,29716.0,0.34119666173105395,0.6498519316193296,"Sandusky County, Ohio",58885,60814,5219,39,143,39143,0.08863038125159209
39145,8021.0,95.0,86.0,22978.0,31180.0,0.2572482360487492,0.7369467607440667,"Scioto County, Ohio",73716,46360,5493,39,145,39145,0.07451570893700146
39147,7765.0,129.0,128.0,17241.0,25263.0,0.30736650437398566,0.6824605153782212,"Seneca County, Ohio",55062,62476,4528,39,147,39147,0.0822345719370891
39149,4350.0,104.0,94.0,20740.0,25288.0,0.1720183486238532,0.8201518506801645,"Shelby County, Ohio",48145,73502,4261,39,149,39149,0.08850347907363174
39151,71090.0,807.0,818.0,111478.0,184193.0,0.3859538636104521,0.6052238684423403,"Stark County, Ohio",374199,63130,40551,39,151,39151,0.10836747292216174
39153,145005.0,1346.0,1310.0,125910.0,273571.0,0.5300452167810185,0.46024615182164774,"Summit County, Ohio",539361,68360,83276,39,153,39153,0.15439751854509318
39155,39758.0,403.0,388.0,55983.0,96532.0,0.4118634235279493,0.5799424025193718,"Trumbull County, Ohio",201749,53537,19107,39,155,39155,0.09470678912906631
39157,12032.0,181.0,158.0,30652.0,43023.0,0.2796643655719034,0.7124561281175186,"Tuscarawas County, Ohio",92840,61953,8450,39,157,39157,0.09101680310211116
39159,12934.0,241.0,144.0,23982.0,37301.0,0.3467467360124393,0.6429318248840513,"Union County, Ohio",63411,104496,11101,39,159,39159,0.17506426329816593
39161,3000.0,58.0,55.0,11616.0,14729.0,0.20367981533030077,0.7886482449589246,"Van Wert County, Ohio",28833,64841,2095,39,161,39161,0.07265979953525474
39163,1169.0,20.0,18.0,4531.0,5738.0,0.20372952248170095,0.7896479609620076,"Vinton County, Ohio",12790,50967,966,39,163,39163,0.07552775605942143
39165,47128.0,829.0,530.0,91132.0,139619.0,0.3375471819738001,0.6527191857841698,"Warren County, Ohio",243189,103128,44054,39,165,39165,0.18115128562558339
39167,8600.0,124.0,115.0,22161.0,31000.0,0.27741935483870966,0.7148709677419355,"Washington County, Ohio",59639,59053,5482,39,167,39167,0.09191971696373179
39169,15898.0,220.0,268.0,36764.0,53150.0,0.29911571025399813,0.6917027281279398,"Wayne County, Ohio",116680,70320,11090,39,169,39169,0.09504628042509428
39171,4644.0,79.0,91.0,13461.0,18275.0,0.2541176470588235,0.7365800273597811,"Williams County, Ohio",36973,60632,2366,39,171,39171,0.06399264328023152
39173,30016.0,394.0,299.0,36877.0,67586.0,0.4441156452519753,0.5456307519308733,"Wood County, Ohio",131564,70537,18369,39,173,39173,0.13962026086163387
39175,2731.0,40.0,55.0,8564.0,11390.0,0.23977172958735732,0.7518876207199298,"Wyandot County, Ohio",21818,68552,2033,39,175,39175,0.09317994316619305
40001,2578.0,40.0,174.0,11720.0,14512.0,0.17764608599779494,0.8076074972436604,"Adair County, Oklahoma",19726,44955,846,40,1,40001,0.04288755956605495
40003,472.0,12.0,54.0,3782.0,4320.0,0.10925925925925926,0.875462962962963,"Alfalfa County, Oklahoma",5683,75028,602,40,3,40003,0.10592996656695407
40005,1558.0,16.0,86.0,9664.0,11324.0,0.13758389261744966,0.8534086895090074,"Atoka County, Oklahoma",14117,49181,983,40,5,40005,0.06963235814974852
40007,316.0,16.0,40.0,3876.0,4248.0,0.0743879472693032,0.9124293785310734,"Beaver County, Oklahoma",5071,62981,565,40,7,40007,0.11141786629856044
40009,2186.0,52.0,170.0,12948.0,15356.0,0.1423547798905965,0.8431883302943475,"Beckham County, Oklahoma",22295,51499,1574,40,9,40009,0.0705987889661359
40011,1342.0,18.0,104.0,6108.0,7572.0,0.17723190702588484,0.8066561014263075,"Blaine County, Oklahoma",8661,56843,842,40,11,40011,0.0972174113843667
40013,7138.0,128.0,360.0,27998.0,35624.0,0.20037053671682012,0.7859308331461936,"Bryan County, Oklahoma",46528,54289,4972,40,13,40013,0.10686038514442917
40015,4828.0,104.0,288.0,13772.0,18992.0,0.254212299915754,0.7251474304970514,"Caddo County, Oklahoma",26910,52443,2030,40,15,40015,0.07543664065403195
40017,42076.0,904.0,2066.0,101102.0,146148.0,0.2878999370501136,0.6917781974436872,"Canadian County, Oklahoma",156681,82364,23238,40,17,40017,0.14831409041300478
40019,8554.0,128.0,404.0,29890.0,38976.0,0.2194683908045977,0.766882183908046,"Carter County, Oklahoma",48202,56390,3668,40,19,40019,0.07609642753412721
40021,11652.0,150.0,570.0,23274.0,35646.0,0.32688099646524155,0.6529203837737755,"Cherokee County, Oklahoma",47412,52410,5472,40,21,40021,0.11541381928625664
40023,1888.0,52.0,72.0,9266.0,11278.0,0.16740556836318496,0.8215995743926228,"Choctaw County, Oklahoma",14285,43252,931,40,23,40023,0.06517325866293315
40025,132.0,0.0,18.0,1720.0,1870.0,0.07058823529411765,0.9197860962566845,"Cimarron County, Oklahoma",2272,57100,427,40,25,40025,0.18794014084507044
40027,98864.0,1736.0,3538.0,134450.0,238588.0,0.4143712173286167,0.5635237312857311,"Cleveland County, Oklahoma",295060,71757,39435,40,27,40027,0.13365078289161528
40029,690.0,6.0,70.0,4310.0,5076.0,0.1359338061465721,0.8490937746256895,"Coal County, Oklahoma",5287,47117,374,40,29,40029,0.0707395498392283
40031,25646.0,374.0,902.0,41646.0,68568.0,0.37402286781005717,0.6073678683934197,"Comanche County, Oklahoma",121777,57150,11724,40,31,40031,0.09627433751857904
40033,784.0,12.0,82.0,4134.0,5012.0,0.1564245810055866,0.8248204309656824,"Cotton County, Oklahoma",5537,60208,486,40,33,40033,0.08777316236229005
40035,2424.0,40.0,168.0,9480.0,12112.0,0.2001321003963012,0.7826948480845443,"Craig County, Oklahoma",14144,48018,837,40,35,40035,0.05917703619909502
40037,13286.0,294.0,848.0,48196.0,62624.0,0.21215508431272356,0.76960909555442,"Creek County, Oklahoma",72076,61657,6277,40,37,40037,0.0870886286697375
40039,4558.0,94.0,298.0,15386.0,20336.0,0.2241345397324941,0.7565892997639654,"Custer County, Oklahoma",28391,58669,3459,40,39,40039,0.1218343841358177
40041,6950.0,118.0,334.0,28814.0,36216.0,0.19190413077092996,0.7956151977026729,"Delaware County, Oklahoma",40791,53290,3822,40,41,40041,0.0936971390747959
40043,418.0,4.0,40.0,3968.0,4430.0,0.0943566591422122,0.8957110609480813,"Dewey County, Oklahoma",4504,61310,369,40,43,40043,0.0819271758436945
40045,394.0,30.0,30.0,3170.0,3624.0,0.108719646799117,0.8747240618101545,"Ellis County, Oklahoma",3755,57768,367,40,45,40045,0.09773635153129161
40047,9698.0,218.0,586.0,33186.0,43688.0,0.2219831532686321,0.7596136238784106,"Garfield County, Oklahoma",62456,64165,6322,40,47,40047,0.10122326117586782
40049,3604.0,68.0,184.0,18126.0,21982.0,0.1639523246292421,0.8245837503411882,"Garvin County, Oklahoma",25806,53600,1833,40,49,40049,0.07102999302487793
40051,9072.0,204.0,534.0,40756.0,50566.0,0.17940908911126052,0.8059961238777044,"Grady County, Oklahoma",55314,74349,6135,40,51,40051,0.11091224644755396
40053,590.0,12.0,60.0,3588.0,4250.0,0.1388235294117647,0.8442352941176471,"Grant County, Oklahoma",4152,58980,446,40,53,40053,0.10741811175337188
40055,608.0,4.0,38.0,3022.0,3672.0,0.1655773420479303,0.8229847494553377,"Greer County, Oklahoma",5531,55204,304,40,55,40055,0.054962936177906346
40057,330.0,8.0,8.0,1418.0,1764.0,0.1870748299319728,0.8038548752834467,"Harmon County, Oklahoma",2499,55729,178,40,57,40057,0.07122849139655862
40059,294.0,14.0,26.0,2568.0,2902.0,0.10130944176430048,0.8849069607167471,"Harper County, Oklahoma",3272,59934,391,40,59,40059,0.11949877750611247
40061,1436.0,48.0,76.0,8312.0,9872.0,0.1454619124797407,0.8419773095623987,"Haskell County, Oklahoma",11651,46239,825,40,61,40061,0.07080937258604411
40063,1662.0,28.0,140.0,7488.0,9318.0,0.1783644558918223,0.8036059240180297,"Hughes County, Oklahoma",13409,44799,847,40,63,40063,0.06316652994257588
40065,3204.0,100.0,212.0,12590.0,16106.0,0.19893207500310442,0.7816962622625109,"Jackson County, Oklahoma",24776,60954,2540,40,65,40065,0.10251856635453664
40067,638.0,20.0,52.0,4040.0,4750.0,0.13431578947368422,0.8505263157894737,"Jefferson County, Oklahoma",5420,48346,490,40,67,40067,0.09040590405904059
40069,1368.0,44.0,124.0,6924.0,8460.0,0.16170212765957448,0.8184397163120567,"Johnston County, Oklahoma",10410,48476,1016,40,69,40069,0.09759846301633045
40071,8272.0,152.0,436.0,24966.0,33826.0,0.2445456157984982,0.7380713060959025,"Kay County, Oklahoma",43859,53746,3666,40,71,40071,0.08358603707334869
40073,1846.0,56.0,116.0,11490.0,13508.0,0.13665975718092982,0.8506070476754516,"Kingfisher County, Oklahoma",15290,65167,1589,40,73,40073,0.1039241334205363
40075,1316.0,18.0,84.0,5138.0,6556.0,0.20073215375228798,0.7837095790115924,"Kiowa County, Oklahoma",8446,42679,767,40,75,40075,0.09081221880179967
40077,1362.0,14.0,70.0,6712.0,8158.0,0.16695268448149056,0.8227506741848493,"Latimer County, Oklahoma",9537,42735,575,40,77,40077,0.06029149627765545
40079,6368.0,136.0,338.0,30666.0,37508.0,0.169777114215634,0.8175855817425616,"Le Flore County, Oklahoma",48525,46750,3350,40,79,40079,0.06903657908294693
40081,5424.0,148.0,368.0,24990.0,30930.0,0.17536372453928226,0.8079534432589719,"Lincoln County, Oklahoma",33734,57656,2627,40,81,40081,0.07787395506017668
40083,11802.0,292.0,708.0,35496.0,48298.0,0.24435794442834072,0.7349372644830013,"Logan County, Oklahoma",49919,80565,7020,40,83,40083,0.1406278170636431
40085,1378.0,26.0,96.0,7020.0,8520.0,0.16173708920187793,0.823943661971831,"Love County, Oklahoma",10158,60758,821,40,85,40085,0.08082299665288442
40087,8062.0,178.0,544.0,34010.0,42794.0,0.18839089591998878,0.7947375800345843,"McClain County, Oklahoma",42393,80150,5141,40,87,40087,0.12127002099403203
40089,3392.0,66.0,190.0,18970.0,22618.0,0.14996905119816076,0.8387125298434875,"McCurtain County, Oklahoma",31003,47046,2324,40,89,40089,0.07496048769473922
40091,3874.0,56.0,174.0,12774.0,16878.0,0.22952956511435005,0.7568432278706008,"McIntosh County, Oklahoma",19159,43467,1293,40,91,40091,0.06748786471110184
40093,654.0,30.0,98.0,6174.0,6956.0,0.09401955146635997,0.8875790684301322,"Major County, Oklahoma",7678,67621,690,40,93,40093,0.08986715290440218
40095,2338.0,46.0,98.0,10696.0,13178.0,0.17741690696615572,0.8116557899529518,"Marshall County, Oklahoma",15494,53734,1240,40,95,40095,0.08003097973409061
40097,7058.0,150.0,512.0,27028.0,34748.0,0.20311960400598594,0.7778289397950962,"Mayes County, Oklahoma",39324,56552,3088,40,97,40097,0.07852710812735225
40099,2160.0,70.0,162.0,9378.0,11770.0,0.18351741716227699,0.7967714528462192,"Murray County, Oklahoma",13837,60213,1233,40,99,40099,0.0891089108910891
40101,14800.0,210.0,604.0,33100.0,48714.0,0.3038140986164142,0.6794761259596831,"Muskogee County, Oklahoma",66606,50289,6329,40,101,40101,0.09502146953727893
40103,2018.0,56.0,134.0,7706.0,9914.0,0.20355053459753883,0.777284647972564,"Noble County, Oklahoma",10981,66813,1003,40,103,40103,0.09133958655860122
40105,1440.0,40.0,94.0,7548.0,9122.0,0.1578601183950888,0.8274501205875905,"Nowata County, Oklahoma",9460,50960,797,40,105,40105,0.08424947145877379
40107,1708.0,30.0,78.0,6160.0,7976.0,0.21414242728184554,0.7723169508525577,"Okfuskee County, Oklahoma",11349,45429,647,40,107,40107,0.05700942814344876
40109,277538.0,4338.0,8734.0,287236.0,577846.0,0.4802975187160593,0.497080537028897,"Oklahoma County, Oklahoma",795822,62505,112085,40,109,40109,0.14084179628107793
40111,7958.0,144.0,396.0,20200.0,28698.0,0.27730155411526936,0.7038818036100076,"Okmulgee County, Oklahoma",36900,50819,2703,40,111,40111,0.07325203252032521
40113,11734.0,194.0,520.0,28808.0,41256.0,0.28441923598991664,0.6982741904207873,"Osage County, Oklahoma",46004,58189,4458,40,113,40113,0.09690461698982697
40115,5022.0,86.0,268.0,16980.0,22356.0,0.2246376811594203,0.7595276435856146,"Ottawa County, Oklahoma",30472,46186,2027,40,115,40115,0.06652008401155159
40117,2710.0,74.0,166.0,10810.0,13760.0,0.19694767441860464,0.7856104651162791,"Pawnee County, Oklahoma",15682,56279,1354,40,117,40117,0.08634102793011096
40119,21120.0,546.0,968.0,35924.0,58558.0,0.3606680556029919,0.6134772362444073,"Payne County, Oklahoma",82058,46658,9371,40,119,40119,0.11419971239854737
40121,6946.0,140.0,376.0,27682.0,35144.0,0.19764397905759162,0.7876735715911678,"Pittsburg County, Oklahoma",43758,53054,3849,40,121,40121,0.08796105854929384
40123,7790.0,158.0,466.0,21934.0,30348.0,0.25668907341505204,0.7227494398312904,"Pontotoc County, Oklahoma",38116,59457,4407,40,123,40123,0.11562073669849932
40125,14532.0,298.0,888.0,41830.0,57548.0,0.25251963578230346,0.726871481198304,"Pottawatomie County, Oklahoma",72734,58270,6629,40,125,40125,0.09114031952044437
40127,1232.0,30.0,92.0,8050.0,9404.0,0.1310080816673756,0.8560187154402382,"Pushmataha County, Oklahoma",10845,42274,625,40,127,40127,0.05763024435223606
40129,320.0,8.0,42.0,3096.0,3466.0,0.09232544720138489,0.8932487016733988,"Roger Mills County, Oklahoma",3423,57574,334,40,129,40129,0.09757522640958224
40131,20292.0,502.0,1126.0,71884.0,93804.0,0.2163233977229116,0.7663212656176709,"Rogers County, Oklahoma",95870,75312,11363,40,131,40131,0.1185250860540315
40133,3902.0,70.0,214.0,11902.0,16088.0,0.24254102436598707,0.7398060666335157,"Seminole County, Oklahoma",23592,43239,1633,40,133,40133,0.06921837911156324
40135,5814.0,104.0,266.0,24982.0,31166.0,0.18654944490791248,0.8015786433934415,"Sequoyah County, Oklahoma",39538,47494,2910,40,135,40135,0.0736000809347969
40137,6472.0,158.0,426.0,30184.0,37240.0,0.17379162191192266,0.8105263157894737,"Stephens County, Oklahoma",43140,57065,3650,40,137,40137,0.0846082522021326
40139,1586.0,42.0,146.0,8638.0,10412.0,0.1523242412600845,0.8296196696119862,"Texas County, Oklahoma",21144,55682,2092,40,139,40139,0.09894059780552403
40141,1000.0,14.0,40.0,4012.0,5066.0,0.1973943939992104,0.7919463087248322,"Tillman County, Oklahoma",7013,46306,574,40,141,40141,0.08184799657778412
40143,212210.0,3784.0,7402.0,290482.0,513878.0,0.412957939433095,0.5652742479732543,"Tulsa County, Oklahoma",668923,65229,95513,40,143,40143,0.14278623997081877
40145,18660.0,392.0,976.0,56974.0,77002.0,0.24233136801641517,0.7399028596659827,"Wagoner County, Oklahoma",82269,75082,10026,40,145,40145,0.12186850453998468
40147,11586.0,328.0,762.0,33672.0,46348.0,0.24997842409596963,0.7265038405109174,"Washington County, Oklahoma",52579,59426,7362,40,147,40147,0.14001787785998213
40149,1102.0,40.0,102.0,8060.0,9304.0,0.11844368013757524,0.8662940670679278,"Washita County, Oklahoma",10930,60600,903,40,149,40149,0.08261665141811528
40151,1228.0,26.0,112.0,5910.0,7276.0,0.16877405167674547,0.8122594832325454,"Woods County, Oklahoma",8661,50724,1208,40,151,40151,0.13947581110726245
40153,1934.0,50.0,178.0,12462.0,14624.0,0.13224835886214442,0.8521608315098468,"Woodward County, Oklahoma",20411,61207,1836,40,153,40153,0.08995149674195287
41001,2343.0,43.0,248.0,7060.0,9694.0,0.2416958943676501,0.7282855374458428,"Baker County, Oregon",16685,51657,2144,41,1,41001,0.12849865148336828
41003,33909.0,231.0,1905.0,14187.0,50232.0,0.6750477783086479,0.2824295269947444,"Benton County, Oregon",95615,72882,16602,41,3,41003,0.17363384406212415
41005,130580.0,1085.0,8188.0,106387.0,246240.0,0.5302956465237167,0.4320459714100065,"Clackamas County, Oregon",420925,95740,75770,41,5,41005,0.18000831502049058
41007,12533.0,85.0,759.0,9913.0,23290.0,0.5381279519106913,0.42563331902103907,"Clatsop County, Oregon",41190,68025,5030,41,7,41007,0.12211701869385773
41009,12895.0,144.0,1068.0,17227.0,31334.0,0.41153379715325206,0.5497861747622391,"Columbia County, Oregon",52865,83265,4649,41,9,41009,0.08794098174595669
41011,13731.0,101.0,1054.0,20849.0,35735.0,0.38424513782006436,0.5834336085070659,"Coos County, Oregon",64908,57563,6212,41,11,41011,0.09570468971467308
41013,3836.0,47.0,402.0,12012.0,16297.0,0.23538074492237834,0.7370681720562067,"Crook County, Oregon",24987,74969,2726,41,13,41013,0.10909673029975588
41015,5737.0,53.0,410.0,8000.0,14200.0,0.40401408450704224,0.5633802816901409,"Curry County, Oregon",23404,64300,2672,41,15,41015,0.11416851820201675
41017,68108.0,526.0,3891.0,54850.0,127375.0,0.5347046123650638,0.4306182531894014,"Deschutes County, Oregon",199352,82042,36988,41,17,41017,0.18554115333681126
41019,18386.0,208.0,1652.0,41561.0,61807.0,0.29747439610400117,0.6724319251864675,"Douglas County, Oregon",111322,56440,10200,41,19,41019,0.09162609367420636
41021,291.0,6.0,32.0,805.0,1134.0,0.2566137566137566,0.7098765432098766,"Gilliam County, Oregon",1983,58409,265,41,21,41021,0.13363590519415028
41023,816.0,14.0,136.0,3490.0,4456.0,0.18312387791741472,0.783213644524237,"Grant County, Oregon",7237,56045,738,41,23,41023,0.10197595688821334
41025,797.0,13.0,138.0,3307.0,4255.0,0.1873090481786134,0.7772032902467685,"Harney County, Oregon",7496,45462,434,41,25,41025,0.05789754535752401
41027,8364.0,56.0,433.0,3854.0,12707.0,0.6582198788069568,0.3032973951365389,"Hood River County, Oregon",23965,80254,3663,41,27,41027,0.15284790319215522
41029,54065.0,433.0,3331.0,61743.0,119572.0,0.4521543505168434,0.5163667079249322,"Jackson County, Oregon",222604,67690,29349,41,29,41029,0.1318439920217067
41031,3941.0,33.0,322.0,7454.0,11750.0,0.3354042553191489,0.6343829787234042,"Jefferson County, Oregon",24659,69345,2512,41,31,41031,0.10186949997972343
41033,16928.0,159.0,1412.0,31129.0,49628.0,0.34109776738937697,0.6272467155637946,"Josephine County, Oregon",87994,56068,7812,41,33,41033,0.08877878037138896
41035,9856.0,110.0,874.0,24675.0,35515.0,0.27751654230606787,0.6947768548500634,"Klamath County, Oregon",69506,57219,6512,41,35,41035,0.09368975340258395
41037,681.0,11.0,100.0,3421.0,4213.0,0.16164253501068124,0.8120104438642297,"Lake County, Oregon",8201,54663,794,41,37,41037,0.09681746128520913
41039,125775.0,851.0,7283.0,77376.0,211285.0,0.5952859881203114,0.36621624819556525,"Lane County, Oregon",382218,65157,51671,41,39,41039,0.1351872491614733
41041,17112.0,114.0,933.0,11645.0,29804.0,0.5741511206549457,0.39071936652798284,"Lincoln County, Oregon",50334,57794,6765,41,41,41041,0.13440219334843248
41043,25749.0,362.0,2240.0,43078.0,71429.0,0.3604838370969774,0.6030883814697112,"Linn County, Oregon",128598,69523,12039,41,43,41043,0.0936173190873886
41045,2884.0,34.0,317.0,7710.0,10945.0,0.2634993147555962,0.704431247144815,"Malheur County, Oregon",31538,48371,2015,41,45,41045,0.06389117889530091
41047,73970.0,610.0,5022.0,77089.0,156691.0,0.47207561378764573,0.49198103273321375,"Marion County, Oregon",345815,70926,37530,41,47,41047,0.1085262351257175
41049,1138.0,17.0,169.0,3408.0,4732.0,0.2404902789518174,0.7202028740490279,"Morrow County, Oregon",12140,64975,547,41,49,41049,0.04505766062602965
41051,325927.0,1342.0,16222.0,70759.0,414250.0,0.7867881713940857,0.17081231140615571,"Multnomah County, Oregon",808098,83668,171363,41,51,41051,0.2120572009830491
41053,22034.0,235.0,1556.0,23768.0,47593.0,0.46296724308196585,0.4994011724413254,"Polk County, Oregon",87600,77353,10824,41,53,41053,0.12356164383561644
41055,233.0,3.0,37.0,890.0,1163.0,0.2003439380911436,0.765262252794497,"Sherman County, Oregon",1900,57171,132,41,55,41055,0.06947368421052631
41057,7747.0,55.0,479.0,7971.0,16252.0,0.4766797932562146,0.49046271228156535,"Tillamook County, Oregon",27345,63098,3272,41,57,41057,0.1196562442859755
41059,9251.0,118.0,883.0,20973.0,31225.0,0.29626901521216975,0.6716733386709367,"Umatilla County, Oregon",79904,70322,6067,41,59,41059,0.07592861433720464
41061,4107.0,52.0,473.0,9942.0,14574.0,0.2818032111980239,0.6821737340469329,"Union County, Oregon",26286,61946,2916,41,61,41061,0.11093357680894773
41063,1573.0,17.0,152.0,3366.0,5108.0,0.30794831636648395,0.658966327329679,"Wallowa County, Oregon",7439,62238,1126,41,63,41063,0.15136443070305147
41065,6069.0,73.0,412.0,6837.0,13391.0,0.4532148457919498,0.510566798596072,"Wasco County, Oregon",26639,61316,2493,41,65,41065,0.0935845940162919
41067,193013.0,1520.0,10826.0,92590.0,297949.0,0.6478054969139013,0.31075788138238425,"Washington County, Oregon",599541,100121,116615,41,67,41067,0.19450713128876923
41069,210.0,5.0,35.0,618.0,868.0,0.24193548387096775,0.7119815668202765,"Wheeler County, Oregon",1407,50774,130,41,69,41069,0.0923951670220327
41071,26011.0,295.0,1958.0,29536.0,57800.0,0.45001730103806226,0.5110034602076124,"Yamhill County, Oregon",107674,80125,13608,41,71,41071,0.12638148485242492
42001,39684.0,684.0,436.0,80496.0,121300.0,0.3271558120362737,0.6636108821104699,"Adams County, Pennsylvania",104604,78975,10195,42,1,42001,0.09746281212955528
42003,859832.0,6604.0,7382.0,567190.0,1441008.0,0.5966878740437249,0.3936064199504791,"Allegheny County, Pennsylvania",1245310,72537,229538,42,3,42003,0.18432197605415518
42005,17106.0,364.0,176.0,56592.0,74238.0,0.2304210781540451,0.7623050189929685,"Armstrong County, Pennsylvania",65538,61011,6171,42,5,42005,0.09415911379657603
42007,74392.0,1004.0,616.0,113674.0,189686.0,0.39218497938698693,0.599274590639267,"Beaver County, Pennsylvania",167629,67194,22588,42,7,42007,0.13474995376694962
42009,8672.0,200.0,132.0,47316.0,56320.0,0.15397727272727274,0.8401278409090909,"Bedford County, Pennsylvania",47613,58337,3396,42,9,42009,0.07132505828240186
42011,182250.0,2188.0,1884.0,233354.0,419676.0,0.4342635747576702,0.5560337021893079,"Berks County, Pennsylvania",428483,74617,50120,42,11,42011,0.11697080164207214
42013,36254.0,548.0,392.0,92704.0,129898.0,0.27909590601856843,0.7136676469229704,"Blair County, Pennsylvania",122640,59386,13677,42,13,42013,0.1115215264187867
42015,15980.0,360.0,170.0,45874.0,62384.0,0.25615542446781225,0.7353488073865093,"Bradford County, Pennsylvania",60159,60650,5202,42,15,42015,0.08647085224155987
42017,396862.0,3808.0,3942.0,397444.0,802056.0,0.49480584896815183,0.49553148408589925,"Bucks County, Pennsylvania",645163,107826,119275,42,17,42017,0.18487576007923578
42019,81322.0,1330.0,682.0,159546.0,242880.0,0.3348237812911726,0.6568922924901186,"Butler County, Pennsylvania",194562,82932,33619,42,19,42019,0.1727932484246667
42021,42354.0,674.0,428.0,98816.0,142272.0,0.29769736842105265,0.6945569050832209,"Cambria County, Pennsylvania",133263,54221,14836,42,21,42021,0.11132872590291379
42023,1076.0,34.0,20.0,3308.0,4438.0,0.24245155475439387,0.7453808021631365,"Cameron County, Pennsylvania",4536,46186,302,42,23,42023,0.06657848324514991
42025,22788.0,342.0,244.0,47416.0,70790.0,0.3219098742760277,0.6698121203559825,"Carbon County, Pennsylvania",65018,64538,5999,42,25,42025,0.09226675689808976
42027,82238.0,940.0,748.0,77658.0,161584.0,0.5089489058322606,0.4806045152985444,"Centre County, Pennsylvania",158665,70087,21837,42,27,42027,0.1376295969495478
42029,368562.0,3552.0,3216.0,274598.0,649928.0,0.5670812766952648,0.42250526212134265,"Chester County, Pennsylvania",536474,118574,120444,42,29,42029,0.2245104142978038
42031,9124.0,182.0,88.0,30072.0,39466.0,0.23118633760705418,0.7619723306136928,"Clarion County, Pennsylvania",37489,58690,3634,42,31,42031,0.09693510096294913
42033,19294.0,366.0,238.0,60962.0,80860.0,0.23860994311155082,0.75392035617116,"Clearfield County, Pennsylvania",79707,56982,7564,42,33,42033,0.09489756232200434
42035,10790.0,200.0,124.0,25930.0,37044.0,0.2912752402548321,0.6999784040600368,"Clinton County, Pennsylvania",37860,59011,3283,42,35,42035,0.08671421024828314
42037,22166.0,386.0,220.0,42380.0,65152.0,0.3402197937131631,0.6504788801571709,"Columbia County, Pennsylvania",64924,59457,6764,42,37,42037,0.1041833528433245
42039,25716.0,428.0,230.0,59370.0,85744.0,0.29991602910990856,0.6924099645456242,"Crawford County, Pennsylvania",83876,58734,7559,42,39,42039,0.09012113119366684
42041,132510.0,1842.0,1906.0,160534.0,296792.0,0.4464742984986118,0.5408973287689696,"Cumberland County, Pennsylvania",261269,82849,43025,42,41,42041,0.16467701870485973
42043,156654.0,1664.0,1786.0,138948.0,299052.0,0.5238353196099675,0.46462822519160546,"Dauphin County, Pennsylvania",286108,71046,42075,42,43,42043,0.1470598515245991
42045,402648.0,2600.0,4254.0,246842.0,656344.0,0.6134709847275209,0.37608632058798436,"Delaware County, Pennsylvania",575312,86390,91675,42,45,42045,0.1593483188252635
42047,8966.0,150.0,104.0,25086.0,34306.0,0.26135369906138867,0.7312423482772693,"Elk County, Pennsylvania",30886,61672,2889,42,47,42047,0.09353752509227482
42049,134912.0,1372.0,1174.0,137732.0,275190.0,0.49025037246992986,0.5004978378574803,"Erie County, Pennsylvania",270495,59396,34409,42,49,42049,0.12720752694134826
42051,39096.0,338.0,244.0,87266.0,126944.0,0.30797832114948326,0.6874369800857071,"Fayette County, Pennsylvania",128417,55579,11625,42,51,42051,0.09052539772771517
42053,1448.0,18.0,30.0,3804.0,5300.0,0.2732075471698113,0.7177358490566038,"Forest County, Pennsylvania",6959,46188,492,42,53,42053,0.07069981319155051
42055,47086.0,914.0,560.0,119208.0,167768.0,0.28066138953793335,0.7105526679700539,"Franklin County, Pennsylvania",156084,71808,15426,42,55,42055,0.09883139847774275
42057,2204.0,46.0,26.0,14078.0,16354.0,0.13476825241531123,0.860829154946802,"Fulton County, Pennsylvania",14545,63153,1014,42,57,42057,0.06971467858370574
42059,9184.0,180.0,470.0,24638.0,34472.0,0.2664191227663031,0.7147249941981898,"Greene County, Pennsylvania",35781,66283,3478,42,59,42059,0.09720242586847769
42061,10736.0,216.0,106.0,35254.0,46312.0,0.23181896700639143,0.761228191397478,"Huntingdon County, Pennsylvania",44123,61300,3819,42,61,42061,0.0865534981755547
42063,25394.0,388.0,246.0,58430.0,84458.0,0.3006701555802884,0.6918231547041133,"Indiana County, Pennsylvania",83394,57170,8056,42,63,42063,0.09660167398134158
42065,9414.0,262.0,112.0,36470.0,46258.0,0.2035107440875092,0.7884041679277098,"Jefferson County, Pennsylvania",44326,56607,3514,42,65,42065,0.07927627126291567
42067,4580.0,128.0,58.0,19442.0,24208.0,0.18919365499008592,0.8031229345670853,"Juniata County, Pennsylvania",23535,61915,1582,42,67,42067,0.06721903547907372
42069,119020.0,850.0,788.0,112522.0,233180.0,0.5104211338879835,0.48255424993567203,"Lackawanna County, Pennsylvania",215672,63739,27715,42,69,42069,0.1285053228977336
42071,240238.0,3454.0,2300.0,332522.0,578514.0,0.415267391973228,0.5747864355918785,"Lancaster County, Pennsylvania",553202,81458,73258,42,71,42071,0.1324254069941902
42073,30880.0,358.0,288.0,62694.0,94220.0,0.32774357885799194,0.6654001273614943,"Lawrence County, Pennsylvania",85907,57585,9710,42,73,42073,0.1130292060018392
42075,49468.0,780.0,572.0,96564.0,147384.0,0.33564023231829776,0.6551864517179612,"Lebanon County, Pennsylvania",143258,72532,14402,42,75,42075,0.10053190746764579
42077,192634.0,1710.0,2862.0,182414.0,379620.0,0.5074390179653337,0.4805173594647279,"Lehigh County, Pennsylvania",374110,74973,50875,42,77,42077,0.13598941487797706
42079,125008.0,1280.0,1124.0,184888.0,312300.0,0.40028178033941725,0.592020493115594,"Luzerne County, Pennsylvania",325396,60836,34996,42,79,42079,0.1075489557339365
42081,34432.0,592.0,424.0,83922.0,119370.0,0.2884476836726146,0.7030409650665996,"Lycoming County, Pennsylvania",114022,63437,12691,42,81,42081,0.11130308186139518
42083,10230.0,216.0,116.0,28802.0,39364.0,0.2598821258002236,0.7316837719743928,"McKean County, Pennsylvania",40459,57861,3454,42,83,42083,0.08537037494747769
42085,40290.0,624.0,384.0,75522.0,116820.0,0.344889573703133,0.6464817668207499,"Mercer County, Pennsylvania",110600,57353,12182,42,85,42085,0.11014466546112116
42087,9470.0,190.0,114.0,34368.0,44142.0,0.21453491006297856,0.7785782248198995,"Mifflin County, Pennsylvania",46146,58012,2745,42,87,42087,0.05948511246911975
42089,84014.0,802.0,882.0,85352.0,171050.0,0.491166325635779,0.4989885998246127,"Monroe County, Pennsylvania",168128,80656,19037,42,89,42089,0.11322920631899505
42091,634206.0,5016.0,5968.0,396622.0,1041812.0,0.608752826805604,0.3807040041773372,"Montgomery County, Pennsylvania",856399,107441,174882,42,91,42091,0.20420621696195349
42093,7724.0,116.0,88.0,11888.0,19816.0,0.3897860314897053,0.5999192571659265,"Montour County, Pennsylvania",18165,72626,2401,42,93,42093,0.13217726396917148
42095,173310.0,1626.0,1860.0,179634.0,356430.0,0.48623853211009177,0.5039811463681508,"Northampton County, Pennsylvania",314299,82201,44339,42,95,42095,0.1410726728370119
42097,25726.0,510.0,328.0,60480.0,87044.0,0.29555167501493496,0.6948210100638758,"Northumberland County, Pennsylvania",91340,55952,8572,42,97,42097,0.09384716444055179
42099,12770.0,328.0,206.0,38146.0,51450.0,0.24820213799805638,0.741418853255588,"Perry County, Pennsylvania",45941,76103,4113,42,99,42099,0.08952787270629721
42101,1137142.0,4652.0,12466.0,288622.0,1442882.0,0.7881046405735188,0.20003160341594114,"Philadelphia County, Pennsylvania",1593208,57537,204967,42,101,42101,0.12865049635703563
42103,26264.0,274.0,288.0,43074.0,69900.0,0.3757367668097282,0.6162231759656652,"Pike County, Pennsylvania",58996,76416,6914,42,103,42103,0.11719438606007188
42105,3350.0,112.0,40.0,14668.0,18170.0,0.18436984039625756,0.8072647220693451,"Potter County, Pennsylvania",16390,56491,1288,42,105,42105,0.07858450274557657
42107,41764.0,738.0,536.0,103330.0,146368.0,0.28533559247923046,0.7059603191954525,"Schuylkill County, Pennsylvania",143201,63574,12953,42,107,42107,0.09045327895754918
42109,10478.0,180.0,90.0,29328.0,40076.0,0.26145323884619226,0.7318095618325182,"Snyder County, Pennsylvania",39797,65914,3395,42,109,42109,0.08530793778425509
42111,17192.0,378.0,206.0,63986.0,81762.0,0.21026882904038552,0.7825884885399085,"Somerset County, Pennsylvania",73802,57357,6167,42,111,42111,0.08356142109969919
42113,1952.0,24.0,24.0,5442.0,7442.0,0.26229508196721313,0.7312550389680194,"Sullivan County, Pennsylvania",5880,62910,624,42,113,42113,0.10612244897959183
42115,12186.0,262.0,132.0,32228.0,44808.0,0.2719603642206749,0.7192465631137297,"Susquehanna County, Pennsylvania",38540,63968,3627,42,115,42115,0.09411001556824079
42117,10200.0,288.0,142.0,32544.0,43174.0,0.23625330059758187,0.7537870014360495,"Tioga County, Pennsylvania",41186,59707,3871,42,117,42117,0.09398824843393386
42119,16030.0,200.0,208.0,25938.0,42376.0,0.3782801585803285,0.6120917500471965,"Union County, Pennsylvania",42908,64914,3850,42,119,42119,0.08972685746247785
42121,15248.0,274.0,176.0,37766.0,53464.0,0.28520125692054465,0.7063818644321412,"Venango County, Pennsylvania",50475,59278,4795,42,121,42121,0.09499752352649826
42123,12424.0,226.0,106.0,28690.0,41446.0,0.29976354774887803,0.692226029049848,"Warren County, Pennsylvania",38492,57925,3514,42,123,42123,0.09129169697599501
42125,89820.0,1048.0,508.0,151858.0,243234.0,0.3692740324132317,0.6243288356068641,"Washington County, Pennsylvania",209631,74403,31275,42,125,42125,0.149190720838044
42127,18300.0,250.0,196.0,40142.0,58888.0,0.31075940768917265,0.6816668930851787,"Wayne County, Pennsylvania",51227,59240,4811,42,127,42127,0.09391531809397388
42129,149808.0,1942.0,1134.0,270016.0,422900.0,0.35423977299598014,0.638486639867581,"Westmoreland County, Pennsylvania",354414,69454,52112,42,129,42129,0.1470370809279543
42131,9360.0,180.0,120.0,20444.0,30104.0,0.31092213659314377,0.6791124103109222,"Wyoming County, Pennsylvania",26219,67968,2618,42,131,42131,0.09985125290819635
42133,183852.0,2844.0,1956.0,309768.0,498420.0,0.3688696280245576,0.621499939809799,"York County, Pennsylvania",457051,79183,53120,42,133,42133,0.11622335363012005
44001,17458.0,108.0,721.0,10048.0,28335.0,0.6161284630315864,0.35461443444503266,"Bristol County, Rhode Island",50658,105875,9708,44,1,44001,0.1916380433495203
44003,46269.0,312.0,2041.0,44526.0,93148.0,0.4967256409155323,0.47801348391806586,"Kent County, Rhode Island",170168,85732,26052,44,3,44003,0.15309576418598092
44005,27332.0,185.0,1074.0,16027.0,44618.0,0.6125778833654579,0.35920480523555515,"Newport County, Rhode Island",85442,96319,19260,44,5,44005,0.22541607172116757
44007,150102.0,697.0,6437.0,112443.0,269679.0,0.5565950630193675,0.41695126428086726,"Providence County, Rhode Island",657984,72579,86194,44,7,44007,0.1309971063126155
44009,42589.0,312.0,1888.0,31247.0,76036.0,0.560116260718607,0.410950076279657,"Washington County, Rhode Island",129998,99510,24273,44,9,44009,0.186718257203957
45001,6798.0,76.0,204.0,17018.0,36144.0,0.18808100929614874,0.4708388667552014,"Abbeville County, South Carolina",24368,49759,2311,45,1,45001,0.09483749179251477
45003,62596.0,874.0,1528.0,107184.0,258273.0,0.24236370042551875,0.41500272966976803,"Aiken County, South Carolina",169865,63212,22589,45,3,45003,0.13298207399994114
45005,4330.0,8.0,82.0,1626.0,9069.0,0.4774506560811556,0.17929209394641085,"Allendale County, South Carolina",8073,37096,349,45,5,45005,0.043230521491391054
45007,50562.0,878.0,1496.0,143656.0,294888.0,0.1714617074957272,0.48715444507745315,"Anderson County, South Carolina",204592,62347,23038,45,7,45007,0.11260459842027058
45009,6490.0,28.0,118.0,4752.0,17082.0,0.3799320922608594,0.2781875658587987,"Bamberg County, South Carolina",13311,43920,894,45,9,45009,0.06716249718278115
45011,8164.0,56.0,176.0,11210.0,29409.0,0.2776020945968921,0.38117583052806964,"Barnwell County, South Carolina",20653,42470,1250,45,11,45011,0.060523894833680335
45013,88004.0,1070.0,1486.0,118246.0,313209.0,0.2809753231867539,0.3775306584421265,"Beaufort County, South Carolina",189071,81260,34024,45,13,45013,0.17995356241835078
45015,92832.0,1230.0,2052.0,129554.0,338502.0,0.27424357906304836,0.3827274284937755,"Berkeley County, South Carolina",231419,77874,28413,45,15,45015,0.12277730004882918
45017,6678.0,58.0,144.0,8948.0,23742.0,0.2812736921910538,0.3768848454216157,"Calhoun County, South Carolina",14145,55550,1324,45,17,45017,0.09360197949805585
45019,222854.0,3330.0,4328.0,198530.0,643563.0,0.3462815606242124,0.308485727116071,"Charleston County, South Carolina",409840,78795,87624,45,19,45019,0.21380050751512786
45021,11878.0,122.0,284.0,37394.0,74517.0,0.15939986848638565,0.5018183770146409,"Cherokee County, South Carolina",56200,47011,3885,45,21,45021,0.06912811387900356
45023,12706.0,120.0,226.0,18060.0,46668.0,0.27226364961001115,0.3869889431730522,"Chester County, South Carolina",32171,50022,1948,45,23,45023,0.06055142830499518
45025,13040.0,76.0,302.0,23364.0,55173.0,0.2363474888079314,0.42346800065249307,"Chesterfield County, South Carolina",43536,46326,2469,45,25,45025,0.05671168687982359
45027,14128.0,86.0,296.0,18130.0,48960.0,0.28856209150326795,0.37030228758169936,"Clarendon County, South Carolina",31163,48677,2423,45,27,45027,0.07775246285659275
45029,14752.0,126.0,282.0,21392.0,54828.0,0.26905960458160066,0.39016560881301526,"Colleton County, South Carolina",38561,46795,2764,45,29,45029,0.07167863903944399
45031,25954.0,202.0,472.0,34034.0,90993.0,0.2852307320343323,0.37402877144395724,"Darlington County, South Carolina",63025,44317,5138,45,31,45031,0.08152320507735025
45033,10482.0,42.0,146.0,13052.0,35583.0,0.2945788719332265,0.36680437287468737,"Dillon County, South Carolina",28255,42454,1306,45,33,45033,0.04622190762696868
45035,64978.0,888.0,1984.0,87678.0,233292.0,0.27852648183392487,0.3758294326423538,"Dorchester County, South Carolina",162139,73686,21108,45,35,45035,0.1301845946996096
45037,9318.0,122.0,214.0,18184.0,41757.0,0.22314821467059415,0.43547189692746124,"Edgefield County, South Carolina",26181,60033,2260,45,37,45037,0.0863221420113823
45039,12554.0,58.0,234.0,9584.0,33645.0,0.3731312230643483,0.2848565908753158,"Fairfield County, South Carolina",20942,44521,1386,45,39,45039,0.066182790564416
45041,55412.0,412.0,1226.0,65230.0,183420.0,0.3021044597099553,0.35563188310980265,"Florence County, South Carolina",137015,56088,13742,45,41,45041,0.10029558807429843
45043,29930.0,320.0,606.0,44652.0,113262.0,0.2642545602231993,0.3942363723049213,"Georgetown County, South Carolina",63594,59782,9331,45,43,45043,0.14672767871182815
45045,200148.0,3818.0,5584.0,317082.0,789948.0,0.2533685761594434,0.40139604125841194,"Greenville County, South Carolina",528251,71328,89919,45,45,45045,0.17022021728307188
45047,21532.0,240.0,574.0,39430.0,92664.0,0.2323663990330657,0.4255158421825089,"Greenwood County, South Carolina",69309,47553,7245,45,47,45047,0.10453187897675627
45049,8656.0,36.0,172.0,7602.0,24699.0,0.3504595327746063,0.307785740313373,"Hampton County, South Carolina",18890,40157,954,45,49,45049,0.05050291159343568
45051,124650.0,1290.0,2530.0,283438.0,617862.0,0.20174407877487205,0.4587399775354367,"Horry County, South Carolina",356578,59880,43751,45,51,45051,0.1226968573495841
45053,16288.0,126.0,240.0,19800.0,54681.0,0.297873118633529,0.3621001810500905,"Jasper County, South Carolina",29444,60452,3619,45,53,45053,0.1229112892270072
45055,23652.0,268.0,568.0,42578.0,100599.0,0.23511168103062655,0.4232447638644519,"Kershaw County, South Carolina",65779,61343,5882,45,55,45055,0.08942063576521382
45057,40292.0,470.0,846.0,67246.0,163281.0,0.24676477973554792,0.4118421616722093,"Lancaster County, South Carolina",97611,72186,13656,45,57,45057,0.13990226511356302
45059,17538.0,174.0,494.0,42220.0,90639.0,0.19349286730877438,0.46580390339699246,"Laurens County, South Carolina",67456,52077,5563,45,59,45059,0.08246857210626186
45061,9010.0,188.0,798.0,6156.0,24228.0,0.371883770843652,0.2540861812778603,"Lee County, South Carolina",16557,39099,1070,45,61,45061,0.06462523403998309
45063,95630.0,1620.0,2626.0,193930.0,440709.0,0.21699125726953614,0.44004093404037586,"Lexington County, South Carolina",295934,71280,42345,45,63,45063,0.14308933748741273
45065,5026.0,44.0,106.0,7130.0,18459.0,0.27227910504361014,0.3862614442819221,"McCormick County, South Carolina",9612,55569,1164,45,65,45065,0.12109862671660425
45067,14632.0,84.0,248.0,11812.0,40164.0,0.36430634398964246,0.2940942137237327,"Marion County, South Carolina",29212,35972,1742,45,67,45067,0.05963302752293578
45069,10274.0,52.0,186.0,9792.0,30456.0,0.3373391121618072,0.3215130023640662,"Marlboro County, South Carolina",26585,34275,1024,45,69,45069,0.038517961256347565
45071,11682.0,112.0,330.0,24134.0,54387.0,0.21479397650173754,0.4437457480647949,"Newberry County, South Carolina",37918,56706,3469,45,71,45071,0.09148689276860594
45073,19974.0,384.0,626.0,63544.0,126792.0,0.15753359833427977,0.5011672660735693,"Oconee County, South Carolina",78775,56710,9502,45,73,45073,0.12062202475404633
45075,45664.0,148.0,628.0,27500.0,110910.0,0.4117212153998738,0.2479487873050221,"Orangeburg County, South Carolina",84159,41020,5784,45,75,45075,0.06872705236516594
45077,27782.0,670.0,994.0,91456.0,181353.0,0.15319294414760165,0.5042982470651161,"Pickens County, South Carolina",131106,57628,12364,45,77,45077,0.09430537122633594
45079,242220.0,1916.0,4648.0,116038.0,547233.0,0.44262681526881603,0.21204496073884432,"Richland County, South Carolina",416161,59850,61080,45,79,45079,0.14677012021789643
45081,4908.0,68.0,148.0,12904.0,27042.0,0.181495451519858,0.47718364026329413,"Saluda County, South Carolina",18952,51041,1473,45,81,45081,0.07772266779231743
45083,101420.0,1340.0,2370.0,206064.0,466791.0,0.21727068431053725,0.44144809989909833,"Spartanburg County, South Carolina",330119,61955,34691,45,83,45083,0.10508634765039274
45085,46850.0,264.0,796.0,42430.0,135510.0,0.34573094236587704,0.3131134233635894,"Sumter County, South Carolina",105199,53970,9530,45,85,45085,0.09059021473588152
45087,8168.0,42.0,164.0,16204.0,36867.0,0.2215531505140098,0.43952586323812626,"Union County, South Carolina",27158,42305,1998,45,87,45087,0.07356948228882834
45089,17268.0,50.0,294.0,11048.0,42990.0,0.4016748080949058,0.25698999767387765,"Williamsburg County, South Carolina",30879,40848,1977,45,89,45089,0.06402409404449626
45091,119200.0,1752.0,2688.0,176478.0,450177.0,0.2647847402244006,0.3920191391386055,"York County, South Carolina",282987,80158,44962,45,91,45091,0.158883623629354
46003,302.0,5.0,30.0,1056.0,1393.0,0.21679827709978464,0.7580760947595119,"Aurora County, South Dakota",2590,71490,232,46,3,46003,0.08957528957528957
46005,2017.0,33.0,134.0,4826.0,7010.0,0.2877318116975749,0.6884450784593438,"Beadle County, South Dakota",19089,63813,2077,46,5,46005,0.10880611870710881
46007,389.0,4.0,19.0,676.0,1088.0,0.35753676470588236,0.6213235294117647,"Bennett County, South Dakota",3391,44821,270,46,7,46007,0.07962253022707166
46009,697.0,16.0,43.0,2236.0,2992.0,0.23295454545454544,0.7473262032085561,"Bon Homme County, South Dakota",7018,57554,721,46,9,46009,0.10273582217155885
46011,5978.0,112.0,274.0,8575.0,14939.0,0.40016065332351564,0.5740009371443872,"Brookings County, South Dakota",34631,64438,5202,46,11,46011,0.150212237590598
46013,6075.0,72.0,251.0,10645.0,17043.0,0.35645132899137477,0.6245966085783019,"Brown County, South Dakota",38278,70379,6111,46,13,46013,0.1596478394900465
46015,666.0,17.0,46.0,1694.0,2423.0,0.27486586875773833,0.6991333058192324,"Brule County, South Dakota",5247,64821,694,46,15,46015,0.13226605679435868
46017,291.0,2.0,9.0,164.0,466.0,0.6244635193133047,0.351931330472103,"Buffalo County, South Dakota",1859,42917,47,46,17,46017,0.025282409897794515
46019,942.0,37.0,79.0,4024.0,5082.0,0.18536009445100354,0.7918142463597009,"Butte County, South Dakota",10369,58106,924,46,19,46019,0.08911177548461761
46021,120.0,5.0,5.0,706.0,836.0,0.14354066985645933,0.8444976076555024,"Campbell County, South Dakota",1534,66932,278,46,21,46021,0.18122555410691005
46023,1000.0,13.0,51.0,2551.0,3615.0,0.2766251728907331,0.7056708160442601,"Charles Mix County, South Dakota",9302,60729,1052,46,23,46023,0.1130939582885401
46025,415.0,11.0,34.0,1382.0,1842.0,0.2252985884907709,0.750271444082519,"Clark County, South Dakota",3837,59340,401,46,25,46025,0.10450873077925463
46027,2944.0,42.0,97.0,2574.0,5657.0,0.5204171822520771,0.4550114901891462,"Clay County, South Dakota",14953,55963,1540,46,27,46027,0.10298936668227111
46029,3840.0,88.0,233.0,9349.0,13510.0,0.2842339008142117,0.6920059215396003,"Codington County, South Dakota",28402,65747,2721,46,29,46029,0.09580311245686923
46031,495.0,9.0,8.0,631.0,1143.0,0.4330708661417323,0.5520559930008749,"Corson County, South Dakota",3906,48125,298,46,31,46031,0.07629288274449565
46033,1567.0,36.0,85.0,4313.0,6001.0,0.26112314614230964,0.718713547742043,"Custer County, South Dakota",8515,75943,1248,46,33,46033,0.1465648854961832
46035,2743.0,53.0,173.0,6208.0,9177.0,0.2988994224692165,0.6764737931785987,"Davison County, South Dakota",19966,55606,2509,46,35,46035,0.1256636281678854
46037,1000.0,20.0,36.0,1876.0,2932.0,0.34106412005457026,0.6398362892223738,"Day County, South Dakota",5485,57558,652,46,37,46037,0.11886964448495897
46039,528.0,13.0,40.0,1717.0,2298.0,0.2297650130548303,0.747171453437772,"Deuel County, South Dakota",4298,76997,567,46,39,46039,0.13192182410423453
46041,1032.0,3.0,43.0,793.0,1871.0,0.5515766969535008,0.4238375200427579,"Dewey County, South Dakota",5275,55077,346,46,41,46041,0.06559241706161137
46043,219.0,3.0,17.0,1419.0,1658.0,0.13208685162846803,0.8558504221954162,"Douglas County, South Dakota",2823,75048,323,46,43,46043,0.11441728657456607
46045,384.0,3.0,26.0,1618.0,2031.0,0.18906942392909898,0.7966518956179222,"Edmunds County, South Dakota",4014,76806,617,46,45,46045,0.15371200797209766
46047,1030.0,32.0,77.0,3135.0,4274.0,0.24099204492278894,0.7335049134300421,"Fall River County, South Dakota",7079,54886,651,46,47,46047,0.09196214154541602
46049,183.0,6.0,21.0,920.0,1130.0,0.16194690265486725,0.8141592920353983,"Faulk County, South Dakota",2140,56734,198,46,49,46049,0.09252336448598131
46051,946.0,18.0,72.0,2594.0,3630.0,0.2606060606060606,0.7146005509641873,"Grant County, South Dakota",7533,70851,863,46,51,46051,0.11456259126510022
46053,426.0,15.0,36.0,1790.0,2267.0,0.1879135421261579,0.7895897662108513,"Gregory County, South Dakota",3983,48272,331,46,53,46053,0.0831031885513432
46055,105.0,4.0,12.0,1004.0,1125.0,0.09333333333333334,0.8924444444444445,"Haakon County, South Dakota",1755,53109,187,46,55,46055,0.10655270655270656
46057,610.0,19.0,37.0,2560.0,3226.0,0.18908865468071917,0.7935523868567886,"Hamlin County, South Dakota",6196,76995,573,46,57,46057,0.09247901872175597
46059,365.0,7.0,16.0,1376.0,1764.0,0.20691609977324263,0.780045351473923,"Hand County, South Dakota",3075,72857,427,46,59,46059,0.13886178861788617
46061,399.0,8.0,28.0,1611.0,2046.0,0.19501466275659823,0.7873900293255132,"Hanson County, South Dakota",3443,86827,336,46,61,46061,0.09758931164681964
46063,48.0,5.0,13.0,754.0,820.0,0.05853658536585366,0.9195121951219513,"Harding County, South Dakota",1176,71484,202,46,63,46063,0.1717687074829932
46065,2838.0,59.0,159.0,5379.0,8435.0,0.3364552459988145,0.6377000592768227,"Hughes County, South Dakota",17812,83750,3053,46,65,46065,0.17140130249270155
46067,755.0,17.0,46.0,2918.0,3736.0,0.20208779443254818,0.7810492505353319,"Hutchinson County, South Dakota",7401,69139,962,46,67,46067,0.12998243480610727
46069,148.0,4.0,13.0,530.0,695.0,0.21294964028776978,0.762589928057554,"Hyde County, South Dakota",1319,69712,163,46,69,46069,0.12357846853677028
46071,357.0,3.0,16.0,753.0,1129.0,0.31620903454384414,0.66696191319752,"Jackson County, South Dakota",2838,26078,196,46,71,46071,0.06906272022551092
46073,276.0,1.0,14.0,708.0,999.0,0.27627627627627627,0.7087087087087087,"Jerauld County, South Dakota",1836,66607,167,46,73,46073,0.09095860566448802
46075,60.0,3.0,10.0,477.0,550.0,0.10909090909090909,0.8672727272727273,"Jones County, South Dakota",1006,61250,173,46,75,46075,0.17196819085487078
46077,760.0,13.0,39.0,1989.0,2801.0,0.2713316672616923,0.7101035344519815,"Kingsbury County, South Dakota",5172,65964,590,46,77,46077,0.11407579273008507
46079,1978.0,22.0,87.0,3819.0,5906.0,0.3349136471385032,0.6466305452082628,"Lake County, South Dakota",11207,74884,1926,46,79,46079,0.17185687516730616
46081,5074.0,121.0,310.0,9904.0,15409.0,0.32928807839574276,0.6427412551106496,"Lawrence County, South Dakota",26047,62977,4574,46,81,46081,0.1756056359657542
46083,12981.0,227.0,564.0,22621.0,36393.0,0.35668947325035033,0.6215755777209903,"Lincoln County, South Dakota",65801,92317,12192,46,83,46083,0.18528593790367928
46085,422.0,7.0,25.0,993.0,1447.0,0.29163787145818937,0.686247408431237,"Lyman County, South Dakota",3719,60284,391,46,85,46085,0.10513578919064265
46087,733.0,10.0,61.0,2227.0,3031.0,0.2418343780930386,0.7347410095677994,"McCook County, South Dakota",5714,74873,730,46,87,46087,0.12775638781939097
46089,188.0,5.0,19.0,1087.0,1299.0,0.1447267128560431,0.8367975365665897,"McPherson County, South Dakota",2251,58529,273,46,89,46089,0.1212794313638383
46091,782.0,11.0,28.0,1288.0,2109.0,0.370791844476055,0.6107159791370318,"Marshall County, South Dakota",4363,74018,608,46,91,46091,0.1393536557414623
46093,3421.0,106.0,258.0,10887.0,14672.0,0.23316521264994547,0.742025627044711,"Meade County, South Dakota",29970,70256,4198,46,93,46093,0.1400734067400734
46095,285.0,3.0,18.0,434.0,740.0,0.38513513513513514,0.5864864864864865,"Mellette County, South Dakota",1989,41397,115,46,95,46095,0.057817998994469585
46097,293.0,5.0,28.0,841.0,1167.0,0.25107112253641817,0.7206512425021423,"Miner County, South Dakota",2312,62037,224,46,97,46097,0.09688581314878893
46099,39923.0,673.0,1548.0,51842.0,93986.0,0.4247760304726236,0.5515927904155938,"Minnehaha County, South Dakota",197742,73110,31242,46,99,46099,0.15799374943107686
46101,1052.0,14.0,55.0,2068.0,3189.0,0.32988397616807774,0.6484791470680464,"Moody County, South Dakota",6346,71469,732,46,101,46101,0.11534825086668768
46103,20051.0,483.0,1037.0,35009.0,56580.0,0.35438317426652527,0.6187522092612231,"Pennington County, South Dakota",110386,67823,16226,46,103,46103,0.1469932781330966
46105,228.0,4.0,17.0,1342.0,1591.0,0.1433060967944689,0.8434946574481458,"Perkins County, South Dakota",2970,64410,320,46,105,46105,0.10774410774410774
46107,214.0,8.0,17.0,1059.0,1298.0,0.16486902927580893,0.8158705701078582,"Potter County, South Dakota",2587,71786,363,46,107,46107,0.14031696946269812
46109,1560.0,12.0,63.0,2514.0,4149.0,0.3759942154736081,0.6059291395516992,"Roberts County, South Dakota",10242,59022,759,46,109,46109,0.07410661980082016
46111,259.0,3.0,21.0,929.0,1212.0,0.2136963696369637,0.7665016501650165,"Sanborn County, South Dakota",2373,65806,221,46,111,46111,0.09313105773282765
46115,921.0,13.0,60.0,2145.0,3139.0,0.29340554316661355,0.6833386428798981,"Spink County, South Dakota",6355,65795,916,46,115,46115,0.14413847364280094
46117,447.0,5.0,23.0,1260.0,1735.0,0.2576368876080692,0.7262247838616714,"Stanley County, South Dakota",2979,82298,362,46,117,46117,0.12151728768042967
46119,168.0,4.0,13.0,716.0,901.0,0.1864594894561598,0.7946725860155383,"Sully County, South Dakota",1318,66875,190,46,119,46119,0.1441578148710167
46121,1570.0,17.0,42.0,497.0,2126.0,0.7384760112888052,0.23377234242709313,"Todd County, South Dakota",9353,33792,431,46,121,46121,0.04608147118571582
46123,470.0,7.0,27.0,2150.0,2654.0,0.17709118311981914,0.8100979653353428,"Tripp County, South Dakota",5607,56758,551,46,123,46123,0.09827001961833423
46125,1044.0,35.0,85.0,3374.0,4538.0,0.23005729396209784,0.743499338915822,"Turner County, South Dakota",8687,72312,1195,46,125,46125,0.13756187406469436
46127,2548.0,56.0,112.0,6160.0,8876.0,0.2870662460567823,0.694006309148265,"Union County, South Dakota",16700,82036,2528,46,127,46127,0.15137724550898204
46129,481.0,16.0,29.0,1940.0,2466.0,0.19505271695052717,0.786699107866991,"Walworth County, South Dakota",5317,57697,743,46,129,46129,0.13974045514387812
46135,3883.0,79.0,220.0,6650.0,10832.0,0.35847488921713444,0.6139217134416544,"Yankton County, South Dakota",23311,68847,2822,46,135,46135,0.12105872763931191
46137,366.0,4.0,23.0,388.0,781.0,0.4686299615877081,0.4967989756722151,"Ziebach County, South Dakota",2455,46023,177,46,137,46137,0.07209775967413443
47001,11525.0,0.0,441.0,24582.0,36548.0,0.31533873262558826,0.6725949436357667,"Anderson County, Tennessee",77337,60633,7440,47,1,47001,0.09620233523410528
47003,4122.0,0.0,196.0,15772.0,20090.0,0.20517670482827277,0.7850671976107516,"Bedford County, Tennessee",50533,59955,4051,47,3,47003,0.08016543644746997
47005,1317.0,0.0,57.0,5886.0,7260.0,0.18140495867768594,0.8107438016528926,"Benton County, Tennessee",15933,47737,733,47,5,47005,0.04600514655118308
47007,891.0,0.0,46.0,5254.0,6191.0,0.14391859150379582,0.8486512679696333,"Bledsoe County, Tennessee",14816,51783,728,47,7,47007,0.04913606911447084
47009,17664.0,0.0,861.0,50699.0,69224.0,0.2551716167803074,0.732390500404484,"Blount County, Tennessee",135951,70935,16230,47,9,47009,0.11938124765540525
47011,9852.0,0.0,558.0,38836.0,49246.0,0.20005685740973886,0.7886122730780165,"Bradley County, Tennessee",108859,60692,11018,47,11,47011,0.10121349635767368
47013,2305.0,0.0,108.0,13115.0,15528.0,0.14844152498712004,0.8446032972694487,"Campbell County, Tennessee",39397,48258,2147,47,13,47013,0.05449653526918293
47015,1132.0,0.0,67.0,5682.0,6881.0,0.16451097224240663,0.8257520709199244,"Cannon County, Tennessee",14481,57651,1210,47,15,47015,0.08355776534769699
47017,2233.0,0.0,102.0,9547.0,11882.0,0.18793132469281265,0.8034842619087695,"Carroll County, Tennessee",28381,49700,2302,47,17,47017,0.08111060216341918
47019,4454.0,0.0,231.0,20167.0,24852.0,0.1792209882504426,0.8114839851923387,"Carter County, Tennessee",56315,47994,5687,47,19,47019,0.10098552783450235
47021,5464.0,0.0,290.0,14987.0,20741.0,0.26343956414830527,0.7225784677691529,"Cheatham County, Tennessee",41184,77014,4408,47,21,47021,0.10703185703185703
47023,1286.0,0.0,85.0,6206.0,7577.0,0.16972416523690115,0.8190576745413752,"Chester County, Tennessee",17392,57471,1130,47,23,47023,0.06497240110395584
47025,1971.0,0.0,100.0,11463.0,13534.0,0.14563322003842175,0.8469779813802276,"Claiborne County, Tennessee",32092,42406,2502,47,25,47025,0.07796335535335909
47027,614.0,0.0,29.0,3117.0,3760.0,0.16329787234042553,0.8289893617021277,"Clay County, Tennessee",7592,39572,434,47,27,47027,0.057165437302423606
47029,2415.0,0.0,143.0,13105.0,15663.0,0.15418502202643172,0.8366851816382558,"Cocke County, Tennessee",36186,45110,2026,47,29,47029,0.05598850384126458
47031,5440.0,0.0,318.0,19174.0,24932.0,0.21819348628268892,0.7690518209529922,"Coffee County, Tennessee",58080,57424,5443,47,31,47031,0.09371556473829201
47033,1196.0,0.0,51.0,4674.0,5921.0,0.20199290660361424,0.7893936834994089,"Crockett County, Tennessee",13955,59136,993,47,33,47033,0.07115729129344321
47035,6996.0,0.0,247.0,27399.0,34642.0,0.2019513884879626,0.7909185381906356,"Cumberland County, Tennessee",61552,56002,5206,47,35,47035,0.0845788926436184
47037,181862.0,0.0,5918.0,102256.0,290036.0,0.6270325063095615,0.3525631300941952,"Davidson County, Tennessee",709786,71863,140915,47,37,47037,0.1985316701090188
47039,819.0,0.0,51.0,4596.0,5466.0,0.14983534577387486,0.8408342480790341,"Decatur County, Tennessee",11483,48466,1048,47,39,47039,0.09126534877645215
47041,1706.0,0.0,91.0,7599.0,9396.0,0.18156662409535973,0.8087484035759898,"DeKalb County, Tennessee",20209,46907,2014,47,41,47041,0.09965856796476817
47043,5913.0,0.0,289.0,19002.0,25204.0,0.23460561815584827,0.7539279479447707,"Dickson County, Tennessee",54563,68492,4656,47,43,47043,0.08533255136264502
47045,2707.0,0.0,84.0,11603.0,14394.0,0.18806447130748924,0.8060997637904682,"Dyer County, Tennessee",36818,53150,3266,47,45,47045,0.08870661089684394
47047,6720.0,0.0,220.0,16756.0,23696.0,0.2835921674544227,0.7071235651586766,"Fayette County, Tennessee",42228,81074,5475,47,47,47047,0.12965331059960217
47049,1149.0,0.0,67.0,8555.0,9771.0,0.11759287688056494,0.8755500972264866,"Fentress County, Tennessee",18642,47884,1525,47,49,47049,0.08180452741122198
47051,4529.0,0.0,183.0,15016.0,19728.0,0.22957218167072183,0.7611516626115167,"Franklin County, Tennessee",42980,57933,3910,47,51,47051,0.09097254536993951
47053,5100.0,0.0,202.0,16346.0,21648.0,0.23558758314855877,0.7550813008130082,"Gibson County, Tennessee",50455,55455,3968,47,53,47053,0.07864433653750867
47055,2974.0,0.0,119.0,10394.0,13487.0,0.2205086379476533,0.7706680507155038,"Giles County, Tennessee",30317,56877,2632,47,55,47055,0.08681597783421842
47057,1432.0,0.0,68.0,9630.0,11130.0,0.12866127583108716,0.8652291105121294,"Grainger County, Tennessee",23648,47098,1377,47,57,47057,0.058229025710419484
47059,5145.0,0.0,364.0,25586.0,31095.0,0.16546068499758804,0.8228332529345554,"Greene County, Tennessee",70399,51975,5678,47,59,47059,0.08065455475219818
47061,948.0,0.0,46.0,5334.0,6328.0,0.1498103666245259,0.8429203539823009,"Grundy County, Tennessee",13550,47948,660,47,61,47061,0.04870848708487085
47063,5132.0,0.0,215.0,20154.0,25501.0,0.20124700992117955,0.7903219481588958,"Hamblen County, Tennessee",64531,49656,5279,47,63,47063,0.08180564379910431
47065,74437.0,0.0,2806.0,97195.0,174438.0,0.4267246815487451,0.5571893738749585,"Hamilton County, Tennessee",367193,69069,58187,47,65,47065,0.15846434981059007
47067,334.0,0.0,16.0,2558.0,2908.0,0.11485557083906466,0.8796423658872077,"Hancock County, Tennessee",6726,31809,193,47,67,47067,0.02869461790068391
47069,3527.0,0.0,79.0,5793.0,9399.0,0.37525268645600596,0.6163421640600064,"Hardeman County, Tennessee",25519,43566,1296,47,69,47069,0.05078568909440025
47071,1704.0,0.0,97.0,10293.0,12094.0,0.140896312220936,0.8510831817430131,"Hardin County, Tennessee",26824,46902,2129,47,71,47071,0.07936922159260364
47073,3987.0,0.0,213.0,22066.0,26266.0,0.15179319272062744,0.8400974644026498,"Hawkins County, Tennessee",57107,53647,4684,47,73,47073,0.08202146847146584
47075,3311.0,0.0,55.0,3286.0,6652.0,0.49774503908598916,0.49398677089597115,"Haywood County, Tennessee",17806,44890,898,47,75,47075,0.0504324385038751
47077,1902.0,0.0,62.0,10083.0,12047.0,0.15788163028139787,0.8369718602141613,"Henderson County, Tennessee",27845,51576,1815,47,77,47077,0.06518225893338121
47079,3286.0,0.0,161.0,11629.0,15076.0,0.21796232422393208,0.7713584505173786,"Henry County, Tennessee",32305,48025,2900,47,79,47079,0.08976938554403344
47081,1968.0,0.0,76.0,8265.0,10309.0,0.19090115433116694,0.8017266466194587,"Hickman County, Tennessee",24996,54669,1583,47,81,47081,0.0633301328212514
47083,773.0,0.0,48.0,2989.0,3810.0,0.20288713910761155,0.784514435695538,"Houston County, Tennessee",8253,51544,414,47,83,47083,0.05016357688113413
47085,1767.0,0.0,97.0,6400.0,8264.0,0.21381897386253632,0.7744433688286544,"Humphreys County, Tennessee",19032,54185,1442,47,85,47085,0.07576712904581757
47087,1040.0,0.0,50.0,4586.0,5676.0,0.1832276250880902,0.8079633544749824,"Jackson County, Tennessee",11730,42357,981,47,87,47087,0.0836317135549872
47089,4503.0,0.0,244.0,21068.0,25815.0,0.17443346891342243,0.8161146620182065,"Jefferson County, Tennessee",55017,60393,5119,47,89,47089,0.09304396822800226
47091,1212.0,0.0,61.0,6829.0,8102.0,0.14959269316218218,0.8428783016539126,"Johnson County, Tennessee",17982,47571,1333,47,91,47091,0.07412968524079636
47093,87516.0,0.0,3533.0,130815.0,221864.0,0.3944578660801212,0.5896179641582231,"Knox County, Tennessee",481406,68580,77209,47,93,47093,0.16038229685546088
47095,429.0,0.0,17.0,1493.0,1939.0,0.22124806601340896,0.7699845281072718,"Lake County, Tennessee",6898,32064,339,47,95,47095,0.04914467961728037
47097,2571.0,0.0,62.0,5633.0,8266.0,0.3110331478345028,0.6814662472780063,"Lauderdale County, Tennessee",25171,46702,1089,47,97,47097,0.04326407373564817
47099,2939.0,0.0,165.0,16429.0,19533.0,0.15046331848666358,0.8410894383863206,"Lawrence County, Tennessee",44377,51038,2807,47,99,47099,0.06325348716677558
47101,991.0,0.0,47.0,4852.0,5890.0,0.16825127334465195,0.8237691001697793,"Lewis County, Tennessee",12637,44613,575,47,101,47101,0.04550130568964153
47103,2782.0,0.0,138.0,13208.0,16128.0,0.17249503968253968,0.8189484126984127,"Lincoln County, Tennessee",35365,61374,2881,47,103,47103,0.0814647250106037
47105,7625.0,0.0,358.0,25226.0,33209.0,0.22960643199132766,0.7596133578246861,"Loudon County, Tennessee",55507,75008,7356,47,105,47105,0.13252382582376998
47107,4207.0,0.0,192.0,19673.0,24072.0,0.17476736457294784,0.8172565636424061,"McMinn County, Tennessee",53532,57982,4266,47,107,47107,0.0796906523201076
47109,1727.0,0.0,103.0,9437.0,11267.0,0.1532794887725215,0.8375787698588799,"McNairy County, Tennessee",25895,46920,1202,47,109,47109,0.04641822745703804
47111,1277.0,0.0,98.0,8958.0,10333.0,0.12358463176231492,0.8669311913287525,"Macon County, Tennessee",25365,51215,1091,47,111,47111,0.0430120244431303
47113,16115.0,0.0,464.0,23385.0,39964.0,0.40323791412271043,0.5851516364728255,"Madison County, Tennessee",98644,55280,10415,47,113,47113,0.10558168768500872
47115,3026.0,0.0,119.0,10788.0,13933.0,0.21718222923993397,0.7742768965764731,"Marion County, Tennessee",28852,58139,1922,47,115,47115,0.06661583252460834
47117,3390.0,0.0,146.0,12426.0,15962.0,0.2123794010775592,0.7784738754542038,"Marshall County, Tennessee",34567,65325,3399,47,117,47117,0.09833077790956693
47119,14145.0,0.0,569.0,37376.0,52090.0,0.2715492416970628,0.7175273564983682,"Maury County, Tennessee",102002,71500,12487,47,119,47119,0.12241916825160291
47121,968.0,0.0,46.0,5085.0,6099.0,0.15871454336776522,0.8337432365961633,"Meigs County, Tennessee",12839,59434,680,47,121,47121,0.05296362645065815
47123,3608.0,0.0,189.0,18526.0,22323.0,0.16162702145768937,0.8299063745912287,"Monroe County, Tennessee",46489,52123,3581,47,123,47123,0.07702897459614103
47125,32736.0,0.0,1224.0,47795.0,81755.0,0.4004158767047887,0.5846125619228182,"Montgomery County, Tennessee",222305,67890,26757,47,125,47125,0.12036166527968332
47127,542.0,0.0,52.0,3060.0,3654.0,0.14833059660645867,0.8374384236453202,"Moore County, Tennessee",6558,69250,731,47,127,47127,0.11146691064348886
47129,1054.0,0.0,79.0,7427.0,8560.0,0.12313084112149533,0.8676401869158878,"Morgan County, Tennessee",21124,51971,1123,47,129,47129,0.053162279871236506
47131,2221.0,0.0,83.0,10596.0,12900.0,0.17217054263565892,0.8213953488372093,"Obion County, Tennessee",30670,50638,2351,47,131,47131,0.07665471144440822
47133,1931.0,0.0,96.0,9042.0,11069.0,0.17445116993405005,0.8168759598879755,"Overton County, Tennessee",22576,46580,1427,47,133,47133,0.06320871722182848
47135,558.0,0.0,19.0,3139.0,3716.0,0.15016146393972013,0.8447255113024758,"Perry County, Tennessee",8432,55978,410,47,135,47135,0.048624288425047436
47137,487.0,0.0,26.0,2441.0,2954.0,0.16486120514556535,0.8263371699390657,"Pickett County, Tennessee",5042,44317,449,47,137,47137,0.08905196350654503
47139,1356.0,0.0,69.0,7302.0,8727.0,0.15537985562048814,0.8367136473014781,"Polk County, Tennessee",17620,53775,1062,47,139,47139,0.060272417707150965
47141,8991.0,0.0,394.0,25554.0,34939.0,0.2573342110535505,0.7313889922436246,"Putnam County, Tennessee",80157,54371,8994,47,141,47141,0.11220479808376062
47143,2312.0,0.0,158.0,11974.0,14444.0,0.16006646358349488,0.82899473829964,"Rhea County, Tennessee",33031,55568,2666,47,143,47143,0.08071205836941055
47145,6073.0,0.0,328.0,21011.0,27412.0,0.2215453086239603,0.7664891288486794,"Roane County, Tennessee",53777,66460,5161,47,145,47145,0.0959703962660617
47147,8428.0,0.0,382.0,26260.0,35070.0,0.2403193612774451,0.7487881380096949,"Robertson County, Tennessee",73297,74440,7875,47,147,47147,0.1074395950721039
47149,56656.0,0.0,2189.0,88811.0,147656.0,0.3837026602373083,0.6014723411171913,"Rutherford County, Tennessee",343727,78291,50052,47,149,47149,0.1456155611866394
47151,942.0,0.0,55.0,8608.0,9605.0,0.09807391983342009,0.8961998958875586,"Scott County, Tennessee",21917,39744,920,47,151,47151,0.04197654788520327
47153,1292.0,0.0,76.0,6522.0,7890.0,0.16375158428390368,0.8266159695817491,"Sequatchie County, Tennessee",16065,53038,1418,47,153,47153,0.08826641767818239
47155,8322.0,0.0,441.0,35207.0,43970.0,0.18926540823288607,0.800705026154196,"Sevier County, Tennessee",98455,60103,9547,47,155,47155,0.09696815804174495
47157,201759.0,0.0,5821.0,118917.0,326497.0,0.6179505477845125,0.3642208044790611,"Shelby County, Tennessee",926440,59621,123239,47,157,47157,0.13302426492811192
47159,1595.0,0.0,86.0,7655.0,9336.0,0.1708440445586975,0.8199443016281063,"Smith County, Tennessee",20034,57677,1607,47,159,47159,0.08021363681741041
47161,1160.0,0.0,71.0,5389.0,6620.0,0.17522658610271905,0.81404833836858,"Stewart County, Tennessee",13724,57257,1177,47,161,47161,0.08576216846400467
47163,16624.0,0.0,763.0,58154.0,75541.0,0.22006592446486015,0.7698336002965277,"Sullivan County, Tennessee",158722,54357,20213,47,163,47163,0.1273484457101095
47165,27874.0,0.0,1120.0,68767.0,97761.0,0.2851239246734383,0.7034195640388294,"Sumner County, Tennessee",196845,81883,28742,47,165,47165,0.14601336076608498
47167,6178.0,0.0,252.0,20303.0,26733.0,0.23110013840571578,0.7594733101410241,"Tipton County, Tennessee",61116,70674,5128,47,167,47167,0.08390601479154394
47169,856.0,0.0,36.0,3359.0,4251.0,0.20136438485062338,0.7901670195248177,"Trousdale County, Tennessee",11596,62018,452,47,169,47169,0.03897895826146947
47171,1578.0,0.0,87.0,6876.0,8541.0,0.18475588338602036,0.8050579557428873,"Unicoi County, Tennessee",17845,49855,1538,47,171,47171,0.08618660689268702
47173,1216.0,0.0,69.0,7384.0,8669.0,0.14026992732725804,0.8517706771253893,"Union County, Tennessee",19860,57094,989,47,173,47173,0.04979859013091641
47175,524.0,0.0,23.0,2718.0,3265.0,0.16049004594180705,0.8324655436447167,"Van Buren County, Tennessee",6182,44730,265,47,175,47175,0.04286638628275639
47177,3647.0,0.0,176.0,13192.0,17015.0,0.21434028798119306,0.7753158977372906,"Warren County, Tennessee",41163,52948,2746,47,177,47177,0.06671039525787723
47179,18131.0,0.0,804.0,42299.0,61234.0,0.29609367344939086,0.6907763660711369,"Washington County, Tennessee",133282,58507,17509,47,179,47179,0.13136807670953318
47181,762.0,0.0,53.0,6016.0,6831.0,0.11155028546332894,0.8806909676474893,"Wayne County, Tennessee",16325,49360,1024,47,181,47181,0.06272588055130168
47183,2725.0,0.0,128.0,10541.0,13394.0,0.2034493056592504,0.7869941764969389,"Weakley County, Tennessee",32946,47769,2657,47,183,47183,0.08064711952892613
47185,2105.0,0.0,109.0,10717.0,12931.0,0.16278710076560204,0.8287835434227825,"White County, Tennessee",27420,48220,1742,47,185,47185,0.06353026987600292
47187,47695.0,0.0,2411.0,94562.0,144668.0,0.32968590151242844,0.6536483534713966,"Williamson County, Tennessee",248897,125943,63976,47,187,47187,0.25703805188491624
47189,23855.0,0.0,974.0,56425.0,81254.0,0.2935855465577079,0.6944273512688606,"Wilson County, Tennessee",149096,89462,25090,47,189,47189,0.1682808391908569
48001,6312.0,120.0,81.0,27163.0,53034.0,0.11901798846023305,0.5121808651054041,"Anderson County, Texas",58077,57445,3857,48,1,48001,0.06641183256710918
48003,1407.0,60.0,23.0,9412.0,16962.0,0.08295012380615494,0.5548873953543214,"Andrews County, Texas",18362,86458,1636,48,3,48003,0.08909704825182442
48005,14246.0,244.0,144.0,46949.0,96005.0,0.14838810478620906,0.4890266131972293,"Angelina County, Texas",86608,57055,6706,48,5,48005,0.07742933678182154
48007,5263.0,113.0,74.0,18743.0,37224.0,0.1413872770255749,0.5035192349022136,"Aransas County, Texas",24048,58168,2992,48,7,48007,0.12441783100465735
48009,917.0,17.0,12.0,8137.0,14215.0,0.06450932113964122,0.5724234963067183,"Archer County, Texas",8649,69954,1023,48,9,48009,0.11827956989247312
48011,138.0,4.0,0.0,1872.0,3123.0,0.04418828049951969,0.5994236311239193,"Armstrong County, Texas",1912,70417,235,48,11,48011,0.12290794979079497
48013,8931.0,118.0,121.0,23119.0,50733.0,0.17603926438412867,0.4556994461198825,"Atascosa County, Texas",49403,67442,3483,48,13,48013,0.07050179138918689
48015,4971.0,101.0,78.0,22475.0,43008.0,0.11558314732142858,0.5225771949404762,"Austin County, Texas",30406,73556,3753,48,15,48015,0.12342958626586858
48017,541.0,17.0,6.0,2397.0,4702.0,0.1150574223734581,0.5097830710336028,"Bailey County, Texas",6902,69830,482,48,17,48017,0.0698348304839177
48019,4692.0,129.0,87.0,20246.0,38754.0,0.12107137327759715,0.5224234917685916,"Bandera County, Texas",21182,70965,2783,48,19,48019,0.1313851383249929
48021,29061.0,486.0,360.0,42001.0,111714.0,0.26013749395778507,0.375968992248062,"Bastrop County, Texas",98435,80151,10118,48,21,48021,0.10278864225123177
48023,326.0,13.0,22.0,2711.0,4747.0,0.06867495260164315,0.5710975352854435,"Baylor County, Texas",3475,52716,481,48,23,48023,0.13841726618705036
48025,4557.0,66.0,54.0,10692.0,24159.0,0.18862535700981,0.44256798708555817,"Bee County, Texas",30977,50283,1474,48,25,48025,0.047583691125673885
48027,96159.0,1398.0,1141.0,133602.0,362962.0,0.26492856001454695,0.36808811941745967,"Bell County, Texas",372821,62858,40173,48,27,48027,0.1077541232924111
48029,747781.0,7350.0,8562.0,603686.0,2125702.0,0.3517807293778714,0.2839937112539763,"Bexar County, Texas",2014059,67275,244258,48,29,48029,0.12127648693508979
48031,3717.0,116.0,63.0,12003.0,24422.0,0.15219883711407747,0.49148308901809845,"Blanco County, Texas",11608,79717,2112,48,31,48031,0.1819434872501723
48033,27.0,2.0,0.0,665.0,1081.0,0.02497687326549491,0.6151711378353376,"Borden County, Texas",686,80625,128,48,33,48033,0.18658892128279883
48035,2602.0,84.0,51.0,13636.0,25949.0,0.10027361362672936,0.5254923118424603,"Bosque County, Texas",18404,63868,1793,48,35,48035,0.09742447294066507
48037,16345.0,219.0,169.0,47693.0,101070.0,0.16171960027703572,0.4718808746413377,"Bowie County, Texas",92747,56628,8817,48,37,48037,0.09506506949011828
48039,118863.0,1647.0,2201.0,177854.0,462611.0,0.25693941562133193,0.38445691952850236,"Brazoria County, Texas",374600,91972,49553,48,39,48039,0.13228243459690336
48041,60767.0,1326.0,1066.0,103052.0,258172.0,0.23537409169081078,0.39916024975597664,"Brazos County, Texas",234548,57562,28990,48,41,48041,0.12359943380459437
48043,3407.0,59.0,38.0,4458.0,12540.0,0.27169059011164276,0.3555023923444976,"Brewster County, Texas",9454,47747,2039,48,43,48043,0.21567590437909878
48045,123.0,5.0,4.0,1135.0,2012.0,0.06113320079522863,0.5641153081510935,"Briscoe County, Texas",1290,35446,94,48,45,48045,0.07286821705426356
48047,2252.0,13.0,14.0,1750.0,6431.0,0.35017882133416267,0.2721194215518582,"Brooks County, Texas",7059,30566,691,48,47,48047,0.09788921943618076
48049,3642.0,126.0,78.0,25480.0,46179.0,0.07886701747547586,0.5517659542216159,"Brown County, Texas",38159,53792,3901,48,49,48049,0.1022301422993265
48051,2972.0,82.0,30.0,13608.0,26061.0,0.11404013660258625,0.5221595487510072,"Burleson County, Texas",17958,71745,2102,48,51,48051,0.11705089653636262
48053,11208.0,292.0,120.0,39898.0,79671.0,0.14067854049779718,0.5007844761582007,"Burnet County, Texas",49684,71482,6892,48,53,48053,0.1387166894774978
48055,11909.0,159.0,173.0,15966.0,43900.0,0.2712756264236902,0.36369020501138954,"Caldwell County, Texas",46141,66779,3641,48,55,48055,0.07891029669924796
48057,3223.0,39.0,27.0,10062.0,21183.0,0.15215030921021575,0.4750035405749894,"Calhoun County, Texas",20127,62267,1377,48,57,48057,0.06841556118646594
48059,1343.0,60.0,26.0,11057.0,19474.0,0.06896374653383999,0.5677826846051145,"Callahan County, Texas",13869,63906,1699,48,59,48059,0.12250342490446318
48061,96351.0,757.0,773.0,105792.0,319826.0,0.3012606854977394,0.33077986154971767,"Cameron County, Texas",421854,47435,33806,48,61,48061,0.08013672976906702
48063,2098.0,36.0,14.0,7272.0,14662.0,0.14309098349474833,0.4959759923612058,"Camp County, Texas",12543,53968,1203,48,63,48063,0.0959100693613968
48065,503.0,14.0,22.0,4754.0,8470.0,0.05938606847697757,0.5612750885478158,"Carson County, Texas",5801,83199,681,48,65,48065,0.11739355283571798
48067,4185.0,51.0,20.0,20927.0,39326.0,0.1064181457559884,0.5321415857193714,"Cass County, Texas",28637,54303,2473,48,67,48067,0.08635681111848308
48069,644.0,6.0,10.0,2547.0,5230.0,0.1231357552581262,0.4869980879541109,"Castro County, Texas",7381,59886,669,48,69,48069,0.09063812491532312
48071,7481.0,252.0,113.0,38079.0,70898.0,0.10551778611526418,0.5370955457135603,"Chambers County, Texas",47037,106103,4752,48,71,48071,0.10102685120224504
48073,6606.0,158.0,133.0,29636.0,57040.0,0.11581346423562412,0.5195652173913043,"Cherokee County, Texas",50824,56971,3423,48,73,48073,0.06735007083267748
48075,448.0,17.0,13.0,3551.0,6301.0,0.07109982542453579,0.5635613394699254,"Childress County, Texas",6781,56063,526,48,75,48075,0.07756967998820233
48077,971.0,31.0,23.0,8671.0,15604.0,0.06222763394001538,0.5556908485003845,"Clay County, Texas",10290,75227,1229,48,77,48077,0.11943634596695821
48079,234.0,15.0,2.0,1190.0,2334.0,0.10025706940874037,0.5098543273350471,"Cochran County, Texas",2529,41597,103,48,79,48079,0.04072756030051404
48081,303.0,16.0,3.0,2787.0,4923.0,0.061547836684948204,0.5661182205971969,"Coke County, Texas",3305,40230,295,48,81,48081,0.08925869894099848
48083,790.0,19.0,10.0,6908.0,11883.0,0.06648152823361105,0.5813346797946647,"Coleman County, Texas",7808,51034,875,48,83,48083,0.11206454918032786
48085,412218.0,6118.0,17454.0,519368.0,1470743.0,0.2802787434650377,0.3531330762750528,"Collin County, Texas",1079153,113255,240100,48,85,48085,0.22248930411165052
48087,235.0,0.0,0.0,1823.0,3259.0,0.07210800859159251,0.559374041116907,"Collingsworth County, Texas",2865,52045,359,48,87,48087,0.12530541012216406
48089,3743.0,79.0,28.0,14012.0,27856.0,0.13436961516369902,0.5030155083285468,"Colorado County, Texas",20582,63352,2208,48,89,48089,0.10727820425614615
48091,51395.0,1216.0,603.0,139421.0,296126.0,0.17355787739002992,0.4708164767700236,"Comal County, Texas",165201,93744,30280,48,91,48091,0.18329186869328878
48093,1447.0,37.0,9.0,10084.0,18121.0,0.07985210529220242,0.5564814303846366,"Comanche County, Texas",13651,57383,1214,48,93,48093,0.0889312138304886
48095,239.0,3.0,4.0,1695.0,3139.0,0.07613889773813316,0.539980885632367,"Concho County, Texas",3235,55750,216,48,95,48095,0.06676970633693972
48097,5690.0,171.0,94.0,28989.0,55391.0,0.10272426928562402,0.5233521691249481,"Cooke County, Texas",41860,66374,4462,48,97,48097,0.10659340659340659
48099,12452.0,281.0,198.0,29604.0,66461.0,0.1873579994282361,0.44543416439716527,"Coryell County, Texas",82927,63281,6302,48,99,48099,0.07599454942298649
48101,156.0,3.0,2.0,1050.0,1868.0,0.0835117773019272,0.5620985010706638,"Cottle County, Texas",1647,47625,129,48,101,48101,0.07832422586520947
48103,293.0,4.0,9.0,2040.0,3735.0,0.07844712182061579,0.5461847389558233,"Crane County, Texas",4636,71364,319,48,103,48103,0.06880931837791199
48105,566.0,5.0,7.0,1920.0,3915.0,0.14457215836526183,0.4904214559386973,"Crockett County, Texas",2949,64103,215,48,105,48105,0.07290606985418786
48107,716.0,15.0,6.0,2248.0,4865.0,0.1471736896197328,0.46207605344295993,"Crosby County, Texas",5157,50268,394,48,107,48107,0.07640100833818111
48109,532.0,14.0,2.0,710.0,2039.0,0.260912211868563,0.3482099068170672,"Culberson County, Texas",2181,35924,164,48,109,48109,0.07519486474094451
48111,240.0,7.0,6.0,2137.0,3837.0,0.06254886630179828,0.5569455303622621,"Dallam County, Texas",7165,71969,559,48,111,48111,0.07801814375436147
48113,915104.0,10352.0,16376.0,570084.0,2361788.0,0.38746238019669843,0.24137814232268096,"Dallas County, Texas",2604053,70732,353037,48,113,48113,0.13557212545213174
48115,1119.0,41.0,19.0,4941.0,9633.0,0.11616318903768297,0.5129243226409218,"Dawson County, Texas",12342,45268,902,48,115,48115,0.07308377896613191
48117,1686.0,32.0,26.0,5698.0,11728.0,0.14375852660300137,0.4858458390177353,"Deaf Smith County, Texas",18585,51942,952,48,117,48117,0.051224105461393596
48119,671.0,12.0,6.0,3832.0,7179.0,0.09346705669313275,0.5337790778659981,"Delta County, Texas",5278,68491,549,48,119,48119,0.10401667298219022
48121,353554.0,5391.0,6868.0,465295.0,1280296.0,0.2761502027656105,0.3634276760999019,"Denton County, Texas",914870,104180,193763,48,121,48121,0.2117929323291834
48123,2214.0,33.0,25.0,11517.0,21614.0,0.10243360784676599,0.5328490793004534,"DeWitt County, Texas",19826,61100,1409,48,123,48123,0.0710682941591849
48125,222.0,4.0,1.0,1411.0,2631.0,0.08437856328392246,0.5362979855568225,"Dickens County, Texas",1570,46638,159,48,125,48125,0.10127388535031848
48127,2964.0,8.0,6.0,2679.0,9084.0,0.32628797886393657,0.29491413474240424,"Dimmit County, Texas",8672,27374,429,48,127,48127,0.04946955719557196
48129,313.0,13.0,24.0,2773.0,4835.0,0.06473629782833505,0.5735263702171665,"Donley County, Texas",3298,51711,191,48,129,48129,0.057913887204366285
48131,3534.0,20.0,10.0,4212.0,12237.0,0.2887962735964697,0.3442020102966413,"Duval County, Texas",9960,50697,284,48,131,48131,0.0285140562248996
48133,1615.0,45.0,34.0,13010.0,23068.0,0.07001040402288886,0.5639847407664297,"Eastland County, Texas",17812,52902,1826,48,133,48133,0.10251515832023356
48135,17132.0,318.0,196.0,55784.0,116045.0,0.1476323839889698,0.4807100693696411,"Ector County, Texas",162300,70566,10918,48,135,48135,0.06727048675292668
48137,220.0,2.0,3.0,1541.0,2771.0,0.07939372067845543,0.5561169252977265,"Edwards County, Texas",1380,40809,126,48,137,48137,0.09130434782608696
48139,61445.0,892.0,709.0,118218.0,280821.0,0.2188048614597911,0.4209727904964372,"Ellis County, Texas",195509,93248,24046,48,139,48139,0.12299178042954545
48141,250950.0,2430.0,2962.0,177576.0,685487.0,0.36609009361227857,0.25905086456781823,"El Paso County, Texas",863832,55417,90357,48,141,48141,0.10460020003889645
48143,5093.0,160.0,62.0,27529.0,51195.0,0.09948237132532474,0.5377282937786894,"Erath County, Texas",42788,59654,5542,48,143,48143,0.12952229597083295
48145,2768.0,27.0,40.0,7203.0,16315.0,0.1696598222494637,0.4414955562365921,"Falls County, Texas",17013,45172,1027,48,145,48145,0.06036560277434903
48147,4548.0,133.0,90.0,23772.0,44938.0,0.1012061061907517,0.5289955049178868,"Fannin County, Texas",36052,65835,3356,48,147,48147,0.09308776212138023
48149,4252.0,114.0,62.0,18189.0,35948.0,0.11828196283520641,0.5059808612440191,"Fayette County, Texas",24564,72881,3179,48,149,48149,0.12941703305650545
48151,550.0,17.0,4.0,2581.0,4982.0,0.11039743075070253,0.5180650341228422,"Fisher County, Texas",3680,60461,353,48,151,48151,0.09592391304347826
48153,608.0,18.0,10.0,3051.0,5777.0,0.10524493681841786,0.5281287865674226,"Floyd County, Texas",5386,49321,429,48,153,48153,0.07965094689936873
48155,156.0,5.0,2.0,830.0,1538.0,0.10143042912873862,0.5396618985695709,"Foard County, Texas",1075,41944,81,48,155,48155,0.07534883720930233
48157,332689.0,3401.0,12803.0,321165.0,1032582.0,0.3221913610735031,0.3110309883379722,"Fort Bend County, Texas",832607,109987,156424,48,157,48157,0.187872549714331
48159,1403.0,28.0,12.0,7854.0,14608.0,0.0960432639649507,0.5376506024096386,"Franklin County, Texas",10445,67915,1459,48,159,48159,0.13968405935854475
48161,2642.0,54.0,16.0,13277.0,25034.0,0.10553647040025566,0.530358712151474,"Freestone County, Texas",19599,55902,1649,48,161,48161,0.08413694576253891
48163,3001.0,20.0,33.0,4835.0,12834.0,0.2338320087268194,0.37673367617266634,"Frio County, Texas",18151,56042,607,48,163,48163,0.03344168365379318
48165,915.0,34.0,26.0,10593.0,17984.0,0.05087855871886121,0.5890235765124555,"Gaines County, Texas",21523,73299,955,48,165,48165,0.04437113785252985
48167,104478.0,1730.0,1615.0,185942.0,452761.0,0.2307575078242163,0.41068466586123803,"Galveston County, Texas",350801,83913,53733,48,167,48167,0.15317231136741344
48169,363.0,15.0,5.0,2388.0,4370.0,0.08306636155606408,0.5464530892448513,"Garza County, Texas",5735,56215,313,48,169,48169,0.05457715780296425
48171,5844.0,153.0,64.0,23674.0,46227.0,0.12641962489454214,0.5121249486230991,"Gillespie County, Texas",26953,70162,4346,48,171,48171,0.16124364634734537
48173,66.0,2.0,0.0,1088.0,1819.0,0.03628367234744365,0.5981308411214953,"Glasscock County, Texas",1068,112188,217,48,173,48173,0.20318352059925093
48175,1363.0,23.0,25.0,5531.0,10929.0,0.12471406350077775,0.5060847287034496,"Goliad County, Texas",7092,58125,660,48,175,48175,0.09306260575296109
48177,3029.0,49.0,30.0,10843.0,21706.0,0.13954666912374458,0.49953929788998436,"Gonzales County, Texas",19736,64255,1168,48,177,48177,0.05918119173084718
48179,1452.0,53.0,21.0,11811.0,20917.0,0.06941722044270211,0.5646603241382607,"Gray County, Texas",21272,54563,1726,48,179,48179,0.08113952613764573
48181,26780.0,574.0,361.0,91946.0,185576.0,0.14430745355002803,0.4954627753588826,"Grayson County, Texas",137008,66608,14097,48,181,48181,0.10289180193857293
48183,23687.0,430.0,284.0,60601.0,131740.0,0.17980112342492788,0.46000455442538335,"Gregg County, Texas",124245,63811,12208,48,183,48183,0.09825747514990543
48185,4694.0,118.0,80.0,19585.0,38528.0,0.12183347176079734,0.5083316029900332,"Grimes County, Texas",29442,63484,2418,48,185,48185,0.08212757285510495
48187,54057.0,908.0,584.0,99871.0,240556.0,0.22471690583481602,0.4151673622773907,"Guadalupe County, Texas",173828,88111,22664,48,187,48187,0.13038175667901603
48189,3248.0,92.0,72.0,12890.0,25587.0,0.12693946144526516,0.5037714464376442,"Hale County, Texas",32525,50721,1827,48,189,48189,0.05617217524980784
48191,249.0,9.0,6.0,1673.0,3086.0,0.08068697342838627,0.5421257290991575,"Hall County, Texas",2847,43873,277,48,191,48191,0.09729539866526168
48193,1075.0,33.0,13.0,6697.0,12283.0,0.08751933566718229,0.5452251078726695,"Hamilton County, Texas",8244,54890,1040,48,193,48193,0.12615235322658905
48195,240.0,14.0,3.0,3211.0,5467.0,0.043899762209621364,0.5873422352295592,"Hansford County, Texas",5270,62350,812,48,195,48195,0.1540796963946869
48197,312.0,4.0,7.0,2001.0,3729.0,0.083668543845535,0.5366049879324215,"Hardeman County, Texas",3541,60455,326,48,197,48197,0.09206438859079356
48199,5970.0,144.0,49.0,44613.0,78933.0,0.07563376534529284,0.5652008665577135,"Hardin County, Texas",56576,70164,5413,48,199,48199,0.09567661199095022
48201,1455904.0,16264.0,26723.0,1297052.0,4353427.0,0.3344271076556469,0.2979381530918056,"Harris County, Texas",4726177,70789,629798,48,201,48201,0.133257387524843
48203,13208.0,227.0,132.0,41646.0,85456.0,0.154559071334956,0.4873385133870062,"Harrison County, Texas",69098,63427,6889,48,203,48203,0.09969897826275724
48205,284.0,15.0,4.0,3276.0,5595.0,0.05075960679177837,0.5855227882037534,"Hartley County, Texas",5369,78065,591,48,205,48205,0.11007636431365245
48207,533.0,20.0,5.0,3286.0,6091.0,0.08750615662452799,0.5394844853061894,"Haskell County, Texas",5408,52786,472,48,207,48207,0.08727810650887574
48209,120969.0,1708.0,1516.0,107141.0,357161.0,0.33869599424349245,0.29997956103829926,"Hays County, Texas",245351,79990,39393,48,209,48209,0.16055773157639464
48211,340.0,13.0,5.0,2490.0,4460.0,0.07623318385650224,0.5582959641255605,"Hemphill County, Texas",3371,67798,410,48,211,48211,0.1216256303767428
48213,12433.0,256.0,143.0,56352.0,107724.0,0.11541532063421336,0.5231146262671271,"Henderson County, Texas",82627,59778,7663,48,213,48213,0.0927420818860663
48215,186511.0,1392.0,1990.0,192036.0,599194.0,0.31126980577242097,0.32049052560606417,"Hidalgo County, Texas",873167,49371,69445,48,215,48215,0.0795323231409341
48217,5082.0,124.0,65.0,23888.0,45865.0,0.11080344489261965,0.5208328791017115,"Hill County, Texas",36138,60669,2974,48,217,48217,0.08229564447396093
48219,2271.0,56.0,21.0,11603.0,21939.0,0.10351428962122249,0.5288755184830667,"Hockley County, Texas",21495,53283,1544,48,219,48219,0.07183065829262619
48221,11086.0,327.0,196.0,55268.0,103430.0,0.10718360243643044,0.534351735473267,"Hood County, Texas",62459,80013,9707,48,221,48221,0.15541395155221827
48223,5044.0,102.0,69.0,24406.0,46399.0,0.10870923942326344,0.5260027155757667,"Hopkins County, Texas",37008,63766,3704,48,223,48223,0.10008646779074795
48225,3559.0,55.0,34.0,12310.0,25323.0,0.14054416933222763,0.48611933815108793,"Houston County, Texas",22107,51043,1719,48,225,48225,0.07775817614330302
48227,3083.0,71.0,35.0,14124.0,26954.0,0.1143800549083624,0.5240038584254656,"Howard County, Texas",34488,67243,2233,48,227,48227,0.06474715843191835
48229,339.0,8.0,0.0,1051.0,2436.0,0.13916256157635468,0.4314449917898194,"Hudspeth County, Texas",3329,35163,212,48,229,48229,0.06368278762391108
48231,17552.0,377.0,242.0,62320.0,127224.0,0.13796139093252846,0.48984468339307047,"Hunt County, Texas",101596,66885,9796,48,231,48231,0.09642111894169061
48233,1565.0,64.0,30.0,13036.0,22939.0,0.06822442129125071,0.5682898121103797,"Hutchinson County, Texas",20595,62211,1537,48,233,48233,0.07462976450594805
48235,173.0,2.0,0.0,1391.0,2434.0,0.07107641741988496,0.5714872637633525,"Irion County, Texas",1561,54708,183,48,235,48235,0.11723254324151185
48237,666.0,16.0,10.0,6819.0,11712.0,0.056864754098360656,0.5822233606557377,"Jack County, Texas",8588,58861,678,48,237,48237,0.07894736842105263
48239,1552.0,37.0,20.0,9635.0,17573.0,0.08831730495646731,0.5482842997780686,"Jackson County, Texas",15010,67176,1060,48,239,48239,0.07061958694203864
48241,4582.0,73.0,30.0,23493.0,44019.0,0.1040914150707649,0.5337013562325359,"Jasper County, Texas",33032,48818,1927,48,241,48241,0.05833736982320174
48243,810.0,24.0,11.0,1243.0,3257.0,0.2486951182069389,0.381639545594105,"Jeff Davis County, Texas",1992,38125,204,48,243,48243,0.10240963855421686
48245,70913.0,694.0,626.0,86256.0,244803.0,0.28967373765844373,0.3523486231786375,"Jefferson County, Texas",254942,57294,23546,48,245,48245,0.09235826187917252
48247,1450.0,5.0,1.0,1139.0,4180.0,0.34688995215311,0.27248803827751195,"Jim Hogg County, Texas",4830,42292,209,48,247,48247,0.0432712215320911
48249,9672.0,48.0,34.0,12992.0,36014.0,0.26856222580107736,0.3607485977675349,"Jim Wells County, Texas",39060,46626,2994,48,249,48249,0.07665130568356375
48251,34788.0,785.0,451.0,110651.0,227396.0,0.15298422135833523,0.48660046790620765,"Johnson County, Texas",182690,77058,17706,48,251,48251,0.09691827686244457
48253,1449.0,52.0,27.0,9677.0,18152.0,0.07982591449977963,0.5331092992507712,"Jones County, Texas",19758,59361,1284,48,253,48253,0.064986334649256
48255,1750.0,23.0,11.0,6725.0,13584.0,0.12882803297997644,0.49506772673733807,"Karnes County, Texas",14805,57798,1184,48,255,48255,0.07997298210064167
48257,44035.0,530.0,489.0,79168.0,193628.0,0.22742062098456836,0.40886648625198835,"Kaufman County, Texas",149773,84075,16082,48,257,48257,0.10737582875418132
48259,11830.0,336.0,169.0,42458.0,84108.0,0.14065249441194655,0.5048033480762829,"Kendall County, Texas",45376,104196,9746,48,259,48259,0.21478314527503525
48261,71.0,3.0,0.0,201.0,433.0,0.16397228637413394,0.46420323325635104,"Kenedy County, Texas",116,45455,5,48,261,48261,0.04310344827586207
48263,91.0,10.0,0.0,669.0,1215.0,0.07489711934156379,0.5506172839506173,"Kent County, Texas",635,68553,64,48,263,48263,0.10078740157480315
48265,11614.0,283.0,131.0,40214.0,80412.0,0.14443117942595632,0.5000994876386609,"Kerr County, Texas",52810,66713,7081,48,265,48265,0.13408445370195038
48267,478.0,16.0,8.0,3768.0,6674.0,0.07162121666167216,0.5645789631405455,"Kimble County, Texas",4316,62386,602,48,267,48267,0.13948100092678406
48269,12.0,0.0,0.0,229.0,376.0,0.031914893617021274,0.6090425531914894,"King County, Texas",216,59375,41,48,269,48269,0.18981481481481483
48271,601.0,13.0,5.0,1924.0,3962.0,0.15169106511862696,0.4856133266027259,"Kinney County, Texas",3157,52386,174,48,271,48271,0.055115616091225846
48273,7724.0,63.0,46.0,9755.0,27602.0,0.2798347945801029,0.3534164191000652,"Kleberg County, Texas",30860,52487,2560,48,273,48273,0.0829552819183409
48275,287.0,2.0,7.0,1724.0,3396.0,0.08451118963486455,0.5076560659599529,"Knox County, Texas",3333,48750,195,48,275,48275,0.05850585058505851
48277,7187.0,113.0,150.0,30032.0,58767.0,0.12229652696241088,0.511035104735651,"Lamar County, Texas",50149,58246,4736,48,277,48277,0.09443857305230413
48279,1124.0,19.0,18.0,5332.0,10644.0,0.10559939872228485,0.5009394964299135,"Lamb County, Texas",13024,54519,804,48,279,48279,0.06173218673218673
48281,4026.0,112.0,77.0,16314.0,31830.0,0.12648444863336475,0.5125353440150802,"Lampasas County, Texas",21829,73269,2183,48,281,48281,0.10000458106189014
48283,1545.0,8.0,11.0,2344.0,6268.0,0.24649010848755584,0.37396298659859606,"La Salle County, Texas",6965,62798,144,48,283,48283,0.020674802584350324
48285,2122.0,33.0,35.0,16078.0,28759.0,0.07378559755207066,0.5590597725929274,"Lavaca County, Texas",20379,58530,1940,48,285,48285,0.09519603513420678
48287,2838.0,50.0,24.0,11976.0,23303.0,0.1217868943912801,0.5139252456765223,"Lee County, Texas",17543,66448,1456,48,287,48287,0.08299606680727356
48289,1719.0,52.0,22.0,13547.0,24404.0,0.07043927225045074,0.5551139157515161,"Leon County, Texas",15928,57363,1180,48,289,48289,0.07408337518834757
48291,10399.0,146.0,77.0,45848.0,87793.0,0.11844907908375384,0.5222284236784254,"Liberty County, Texas",93523,59605,4551,48,291,48291,0.04866182650257156
48293,3385.0,71.0,46.0,12427.0,25004.0,0.13537833946568548,0.4970004799232123,"Limestone County, Texas",22222,53102,1865,48,293,48293,0.08392583925839259
48295,180.0,17.0,0.0,1747.0,3203.0,0.0561973150171714,0.5454261629722136,"Lipscomb County, Texas",3038,71625,378,48,295,48295,0.12442396313364056
48297,1282.0,23.0,20.0,7373.0,13791.0,0.09295917627438184,0.5346240301646001,"Live Oak County, Texas",11374,55949,630,48,297,48297,0.055389484789871636
48299,4887.0,129.0,71.0,20478.0,39194.0,0.12468745216104506,0.5224779302954534,"Llano County, Texas",21637,64241,3794,48,299,48299,0.17534778388870917
48301,18.0,0.0,2.0,154.0,271.0,0.06642066420664207,0.5682656826568265,"Loving County, Texas",96,-666666666,0,48,301,48301,0.0
48303,67441.0,1369.0,928.0,160282.0,355058.0,0.18994361484602515,0.4514248376321615,"Lubbock County, Texas",311509,61911,36968,48,303,48303,0.11867393879470577
48305,574.0,19.0,14.0,3536.0,6710.0,0.08554396423248882,0.5269746646795828,"Lynn County, Texas",5619,52996,630,48,305,48305,0.11211959423384944
48307,795.0,26.0,13.0,5347.0,9694.0,0.08200949040643697,0.551578295853105,"McCulloch County, Texas",7638,53214,685,48,307,48307,0.08968316313170988
48309,59389.0,1128.0,812.0,112593.0,273594.0,0.21706981878257564,0.41153314765674687,"McLennan County, Texas",261090,59781,26129,48,309,48309,0.10007660193802903
48311,64.0,3.0,0.0,797.0,1351.0,0.047372316802368614,0.5899333826794967,"McMullen County, Texas",670,60313,51,48,311,48311,0.07611940298507462
48313,1695.0,29.0,17.0,8063.0,15293.0,0.11083502255934087,0.5272346825344929,"Madison County, Texas",13556,65768,947,48,313,48313,0.06985836529949838
48315,1919.0,31.0,29.0,6193.0,12886.0,0.1489213099487816,0.4805990997982306,"Marion County, Texas",9668,48040,977,48,315,48315,0.10105502689284236
48317,415.0,14.0,7.0,3230.0,5749.0,0.07218646721168899,0.5618368411897722,"Martin County, Texas",5228,70217,294,48,317,48317,0.056235654169854626
48319,800.0,20.0,8.0,3856.0,7211.0,0.1109416169740674,0.5347385938150049,"Mason County, Texas",3959,77583,722,48,319,48319,0.1823692851730235
48321,5738.0,119.0,98.0,17867.0,37134.0,0.15452146281036247,0.4811493509990844,"Matagorda County, Texas",36251,56412,3322,48,321,48321,0.09163885134203194
48323,10867.0,80.0,67.0,15428.0,42187.0,0.2575912010809017,0.3657050750231114,"Maverick County, Texas",57806,48497,3846,48,323,48323,0.06653288585959935
48325,12684.0,180.0,173.0,32218.0,69872.0,0.18153194412640256,0.46110029768719946,"Medina County, Texas",51432,73060,4622,48,325,48325,0.08986623114014622
48327,296.0,7.0,4.0,1561.0,2908.0,0.10178817056396149,0.5367950481430537,"Menard County, Texas",1964,40945,228,48,327,48327,0.11608961303462322
48329,20124.0,600.0,255.0,84436.0,164223.0,0.12254069162054036,0.5141545337741973,"Midland County, Texas",169393,90123,21716,48,329,48329,0.12819892203337802
48331,4136.0,71.0,58.0,15935.0,31298.0,0.1321490191066522,0.5091379640871622,"Milam County, Texas",25080,56985,2148,48,331,48331,0.08564593301435407
48333,570.0,18.0,8.0,4386.0,7724.0,0.07379596064215432,0.5678404971517349,"Mills County, Texas",4501,59315,629,48,333,48333,0.13974672295045545
48335,615.0,17.0,10.0,3784.0,6939.0,0.08862948551664505,0.5453235336503819,"Mitchell County, Texas",8947,49869,392,48,335,48335,0.04381356879400917
48337,2163.0,56.0,58.0,17837.0,31215.0,0.06929360884190293,0.5714239948742592,"Montague County, Texas",20197,63336,1823,48,337,48337,0.0902609298410655
48339,147859.0,2798.0,2214.0,404096.0,864225.0,0.17108854754259598,0.4675819375741271,"Montgomery County, Texas",629989,95946,102960,48,339,48339,0.1634314249931348
48341,1373.0,35.0,29.0,7624.0,14423.0,0.09519517437426334,0.5286001525341468,"Moore County, Texas",21284,59041,994,48,341,48341,0.046701747791768465
48343,2190.0,33.0,13.0,7001.0,14671.0,0.14927407811328472,0.4771999182059846,"Morris County, Texas",11993,51532,640,48,343,48343,0.05336446260318519
48345,61.0,4.0,1.0,1058.0,1774.0,0.034385569334836524,0.5963923337091319,"Motley County, Texas",1223,66528,140,48,345,48345,0.11447260834014718
48347,13611.0,213.0,150.0,30623.0,70083.0,0.19421257651641624,0.43695332676968734,"Nacogdoches County, Texas",64768,51153,6015,48,347,48347,0.09286993577075099
48349,7852.0,119.0,104.0,25427.0,53333.0,0.147225920162001,0.4767592297451859,"Navarro County, Texas",52834,56261,3882,48,349,48349,0.07347541355945035
48351,1471.0,11.0,16.0,7970.0,15217.0,0.09666820003942958,0.523756325162647,"Newton County, Texas",12333,38871,424,48,351,48351,0.03437930754885267
48353,1656.0,38.0,34.0,6637.0,13480.0,0.1228486646884273,0.49235905044510386,"Nolan County, Texas",14657,47437,872,48,353,48353,0.059493757249095995
48355,96031.0,1127.0,943.0,120183.0,339962.0,0.2824756884592984,0.3535189227031256,"Nueces County, Texas",353245,64027,33323,48,355,48355,0.09433396084870274
48357,451.0,21.0,11.0,4792.0,8285.0,0.05443572721786361,0.5783946891973446,"Ochiltree County, Texas",9924,62240,747,48,357,48357,0.0752720677146312
48359,109.0,8.0,2.0,1461.0,2554.0,0.04267815191855912,0.5720438527799531,"Oldham County, Texas",2171,71103,224,48,359,48359,0.10317825886688162
48361,10600.0,222.0,118.0,54817.0,102095.0,0.10382486899456389,0.5369214946863216,"Orange County, Texas",84761,71910,7267,48,361,48361,0.08573518481377049
48363,3765.0,88.0,70.0,19332.0,36591.0,0.10289415430023777,0.5283266376977945,"Palo Pinto County, Texas",28569,65242,2326,48,363,48363,0.08141692043823726
48365,3106.0,34.0,16.0,16037.0,30632.0,0.10139723165317316,0.5235374771480804,"Panola County, Texas",22540,58205,1796,48,365,48365,0.07968056787932565
48367,27118.0,887.0,467.0,137880.0,257192.0,0.105438738374444,0.5360975458023578,"Parker County, Texas",151188,95721,20626,48,367,48367,0.1364261713892637
48369,526.0,14.0,5.0,3225.0,6274.0,0.08383806184252471,0.5140261396238445,"Parmer County, Texas",9809,65575,856,48,369,48369,0.08726679579977571
48371,2014.0,40.0,38.0,5330.0,11655.0,0.1728013728013728,0.4573144573144573,"Pecos County, Texas",15114,59325,714,48,371,48371,0.04724096863834855
48373,8980.0,179.0,112.0,35286.0,68849.0,0.13043036209676248,0.512512890528548,"Polk County, Texas",50536,57315,3197,48,373,48373,0.06326183314864652
48375,15302.0,341.0,251.0,40764.0,88779.0,0.17236058076797442,0.4591626398134694,"Potter County, Texas",117905,47974,8904,48,375,48375,0.07551842585132097
48377,2300.0,13.0,17.0,1166.0,5490.0,0.41894353369763204,0.21238615664845173,"Presidio County, Texas",6168,29012,568,48,377,48377,0.09208819714656291
48379,1559.0,42.0,27.0,10310.0,18494.0,0.08429761003568725,0.5574781010057316,"Rains County, Texas",12257,60291,1341,48,379,48379,0.10940686954393408
48381,23522.0,682.0,440.0,98301.0,189846.0,0.12390042455463902,0.517793369362536,"Randall County, Texas",141489,78038,20217,48,381,48381,0.1428874329453173
48383,234.0,2.0,9.0,1399.0,2593.0,0.09024296182028538,0.5395295025067489,"Reagan County, Texas",3308,70319,144,48,383,48383,0.04353083434099154
48385,575.0,21.0,11.0,2978.0,5543.0,0.1037344398340249,0.5372541944795237,"Real County, Texas",2830,46842,316,48,385,48385,0.111660777385159
48387,1889.0,9.0,8.0,8077.0,15779.0,0.1197160783319602,0.5118828823119336,"Red River County, Texas",11627,44583,786,48,387,48387,0.06760127289928615
48389,1913.0,42.0,13.0,3997.0,9404.0,0.20342407486176095,0.4250319013185878,"Reeves County, Texas",14022,57487,712,48,389,48389,0.050777349878761945
48391,1479.0,17.0,18.0,3691.0,8280.0,0.1786231884057971,0.4457729468599034,"Refugio County, Texas",6718,54304,384,48,391,48391,0.05715986900863352
48393,37.0,6.0,4.0,925.0,1544.0,0.023963730569948185,0.5990932642487047,"Roberts County, Texas",764,62667,76,48,393,48393,0.09947643979057591
48395,3312.0,57.0,28.0,11154.0,22709.0,0.14584525958870934,0.4911709014047294,"Robertson County, Texas",16912,59410,1458,48,395,48395,0.08621097445600757
48397,33518.0,621.0,449.0,81236.0,178093.0,0.18820503894032892,0.45614370020158007,"Rockwall County, Texas",110631,121303,20110,48,397,48397,0.18177545172691198
48399,723.0,24.0,15.0,5985.0,10803.0,0.06692585392946404,0.5540127742293808,"Runnels County, Texas",9858,55424,889,48,399,48399,0.09018056400892677
48401,7411.0,130.0,85.0,30057.0,59389.0,0.1247874185455219,0.5061038239404604,"Rusk County, Texas",52755,61661,3771,48,401,48401,0.0714813761728746
48403,990.0,19.0,13.0,8811.0,15414.0,0.06422732580770728,0.5716231996885948,"Sabine County, Texas",9980,47061,724,48,403,48403,0.07254509018036072
48405,1396.0,25.0,7.0,5021.0,10196.0,0.13691643781875246,0.4924480188309141,"San Augustine County, Texas",7920,45888,437,48,405,48405,0.05517676767676768
48407,3751.0,85.0,65.0,18452.0,35142.0,0.10673837573274145,0.5250697171475727,"San Jacinto County, Texas",27666,54839,1746,48,407,48407,0.0631099544567339
48409,14075.0,213.0,145.0,30533.0,70545.0,0.199518038131689,0.4328159330923524,"San Patricio County, Texas",68942,63842,5325,48,409,48409,0.07723883844390937
48411,468.0,19.0,10.0,4168.0,7374.0,0.06346623270951994,0.5652291836181177,"San Saba County, Texas",5779,54087,577,48,411,48411,0.09984426371344524
48413,327.0,10.0,4.0,1639.0,3088.0,0.10589378238341969,0.5307642487046632,"Schleicher County, Texas",2474,53774,163,48,413,48413,0.06588520614389652
48415,1260.0,45.0,23.0,8753.0,15802.0,0.07973674218453361,0.553917225667637,"Scurry County, Texas",16883,58932,1492,48,415,48415,0.08837291950482734
48417,252.0,19.0,6.0,2736.0,4741.0,0.053153343176545034,0.5770934402024889,"Shackelford County, Texas",3134,60924,565,48,417,48417,0.18028079132099553
48419,2877.0,49.0,24.0,13766.0,26664.0,0.1078982898289829,0.5162766276627663,"Shelby County, Texas",24157,49231,1587,48,419,48419,0.06569524361468726
48421,95.0,9.0,6.0,1426.0,2409.0,0.039435450394354504,0.5919468659194687,"Sherman County, Texas",2414,66169,264,48,421,48421,0.10936205468102735
48423,50030.0,934.0,689.0,136853.0,292385.0,0.17111000906339244,0.4680575268909144,"Smith County, Texas",234667,69053,28037,48,423,48423,0.11947568256295091
48425,1362.0,51.0,37.0,8238.0,14982.0,0.09090909090909091,0.5498598317981578,"Somervell County, Texas",9337,87899,1400,48,425,48425,0.14994109456999036
48427,12014.0,62.0,68.0,16402.0,44967.0,0.2671737051615629,0.36475637689861456,"Starr County, Texas",65716,35979,3343,48,427,48427,0.050870412076206704
48429,662.0,7.0,7.0,5978.0,10415.0,0.06356216994719155,0.5739798367738839,"Stephens County, Texas",9260,44712,884,48,429,48429,0.09546436285097193
48431,69.0,1.0,4.0,1045.0,1748.0,0.039473684210526314,0.5978260869565217,"Sterling County, Texas",1392,63558,120,48,431,48431,0.08620689655172414
48433,183.0,2.0,1.0,1050.0,1952.0,0.09375,0.5379098360655737,"Stonewall County, Texas",1331,66591,57,48,433,48433,0.04282494365138993
48435,396.0,4.0,3.0,2135.0,3938.0,0.1005586592178771,0.5421533773489081,"Sutton County, Texas",3345,56778,157,48,435,48435,0.04693572496263079
48437,663.0,21.0,15.0,3137.0,6101.0,0.10867070971971808,0.5141780036059662,"Swisher County, Texas",6989,40290,712,48,437,48437,0.10187437401631134
48439,692730.0,9306.0,10872.0,771904.0,2308124.0,0.30012685626942054,0.33442917278274475,"Tarrant County, Texas",2113854,78872,305663,48,439,48439,0.1445998635667364
48441,24419.0,619.0,368.0,74083.0,154906.0,0.1576375350212387,0.4782448710831085,"Taylor County, Texas",143029,61806,16025,48,441,48441,0.11204021562060841
48443,167.0,0.0,0.0,562.0,1134.0,0.1472663139329806,0.49559082892416223,"Terrell County, Texas",862,52813,143,48,443,48443,0.16589327146171692
48445,990.0,22.0,7.0,4972.0,9411.0,0.10519604717883328,0.5283179258314739,"Terry County, Texas",11816,42694,595,48,445,48445,0.050355450236966824
48447,113.0,2.0,3.0,1385.0,2403.0,0.04702455264253017,0.5763628797336663,"Throckmorton County, Texas",1439,55221,161,48,447,48447,0.11188325225851285
48449,3890.0,76.0,53.0,13943.0,28176.0,0.13806076093128905,0.49485377626348664,"Titus County, Texas",31301,57634,2095,48,449,48449,0.06693076898501646
48451,20797.0,533.0,284.0,60154.0,127228.0,0.1634624453736599,0.4728047285188795,"Tom Green County, Texas",119276,67215,12655,48,451,48451,0.10609846071296825
48453,740017.0,7776.0,11676.0,306555.0,1647300.0,0.4492302555697201,0.18609542888362776,"Travis County, Texas",1289054,92731,301552,48,453,48453,0.23393279102349476
48455,2060.0,40.0,29.0,11048.0,20551.0,0.10023843121989198,0.5375894117074594,"Trinity County, Texas",13735,51165,1130,48,455,48455,0.08227156898434657
48457,2136.0,46.0,26.0,13999.0,25785.0,0.08283885980221059,0.5429125460539073,"Tyler County, Texas",19962,50898,1256,48,457,48457,0.06291954713956517
48459,4915.0,120.0,83.0,29906.0,54911.0,0.08950847735426418,0.5446267596656408,"Upshur County, Texas",41261,60456,3463,48,459,48459,0.08392913404910206
48461,266.0,6.0,10.0,2074.0,3659.0,0.0726974583219459,0.566821535938781,"Upton County, Texas",3284,55284,148,48,461,48461,0.04506699147381242
48463,5689.0,58.0,53.0,11109.0,26681.0,0.21322289269517633,0.4163637045088265,"Uvalde County, Texas",24833,55000,2200,48,463,48463,0.08859179317843192
48465,9430.0,122.0,124.0,16238.0,40502.0,0.23282800849340773,0.40091847316181917,"Val Verde County, Texas",47693,57250,3516,48,465,48465,0.0737215104942025
48467,5520.0,147.0,79.0,38968.0,72664.0,0.0759660904987339,0.5362765606077288,"Van Zandt County, Texas",60053,62334,5096,48,467,48467,0.08485837510199323
48469,17461.0,215.0,269.0,43532.0,96792.0,0.18039714025952558,0.44974791305066536,"Victoria County, Texas",91209,66308,8322,48,469,48469,0.09124099595434661
48471,13247.0,198.0,134.0,31887.0,70641.0,0.18752565790405007,0.4513950821760734,"Walker County, Texas",77182,47193,6420,48,471,48471,0.08318001606592211
48473,17757.0,227.0,277.0,31281.0,77103.0,0.2303023228668145,0.4057040582078518,"Waller County, Texas",57463,71643,5807,48,473,48473,0.10105633190052729
48475,1007.0,25.0,12.0,5279.0,10088.0,0.09982157018239493,0.5232950039651071,"Ward County, Texas",11347,70771,621,48,475,48475,0.054728121970564904
48477,7283.0,168.0,66.0,25628.0,51362.0,0.1417974377944784,0.49896810871850783,"Washington County, Texas",35807,70043,4631,48,477,48477,0.12933225346999191
48479,54904.0,388.0,495.0,56103.0,177755.0,0.30887457455486483,0.3156198137886417,"Webb County, Texas",267282,59984,22081,48,479,48479,0.08261312022508063
48481,7030.0,115.0,70.0,23122.0,46790.0,0.15024577901260952,0.49416541996153024,"Wharton County, Texas",41614,59712,3508,48,481,48481,0.08429855337146153
48483,279.0,12.0,7.0,3776.0,6348.0,0.04395085066162571,0.594833018273472,"Wheeler County, Texas",4980,58158,502,48,483,48483,0.10080321285140562
48485,21800.0,482.0,300.0,57230.0,124342.0,0.17532289974425375,0.46026282350291936,"Wichita County, Texas",129584,58862,12624,48,485,48485,0.09741943449808618
48487,1479.0,50.0,23.0,6417.0,12436.0,0.1189289160501769,0.5160019298809907,"Wilbarger County, Texas",12795,50769,1101,48,487,48487,0.08604923798358734
48489,4392.0,32.0,24.0,4657.0,14668.0,0.2994273247886556,0.31749386419416414,"Willacy County, Texas",20308,42839,994,48,489,48489,0.04894622808745322
48491,274807.0,4416.0,4819.0,285567.0,878078.0,0.31296422413498576,0.3252182607923214,"Williamson County, Texas",617396,102851,123988,48,491,48491,0.20082410640820478
48493,11340.0,139.0,97.0,38054.0,76905.0,0.14745465184318315,0.4948182822963396,"Wilson County, Texas",50381,89708,6216,48,493,48493,0.1233798455767055
48495,439.0,6.0,2.0,2656.0,5036.0,0.08717235901509134,0.5274027005559968,"Winkler County, Texas",7582,89155,350,48,495,48495,0.04616196254286468
48497,10075.0,284.0,139.0,59557.0,108298.0,0.09303034220391881,0.549936286912039,"Wise County, Texas",70062,85385,7054,48,497,48497,0.10068225286175102
48499,6414.0,173.0,80.0,37275.0,68328.0,0.09387074113101511,0.54553038285915,"Wood County, Texas",45341,61748,4216,48,499,48499,0.09298427471824618
48501,576.0,12.0,10.0,3669.0,6660.0,0.08648648648648649,0.5509009009009009,"Yoakum County, Texas",7630,80317,394,48,501,48501,0.05163826998689384
48503,1767.0,48.0,42.0,13392.0,23563.0,0.07499045113101048,0.5683486822560795,"Young County, Texas",17903,65565,2002,48,503,48503,0.11182483382673294
48505,3225.0,24.0,12.0,5069.0,13201.0,0.24429967426710097,0.3839860616619953,"Zapata County, Texas",13896,35061,722,48,505,48505,0.051957397812320096
48507,3333.0,35.0,9.0,2342.0,9211.0,0.3618499620019542,0.2542612094235154,"Zavala County, Texas",9700,49243,588,48,507,48507,0.060618556701030925
49001,394.0,10.0,27.0,2781.0,3212.0,0.12266500622665007,0.8658156911581569,"Beaver County, Utah",7102,80268,924,49,1,49001,0.13010419600112644
49003,5274.0,342.0,451.0,22853.0,28920.0,0.18236514522821576,0.7902143845089903,"Box Elder County, Utah",58291,72769,6499,49,3,49003,0.11149234015542708
49005,18718.0,885.0,1198.0,39457.0,60258.0,0.31063095356633147,0.6548010222709018,"Cache County, Utah",134428,72719,17456,49,5,49005,0.1298538994852263
49007,2525.0,90.0,111.0,6719.0,9445.0,0.2673372154579142,0.7113816834303864,"Carbon County, Utah",20338,53734,1563,49,7,49007,0.0768512144753663
49009,101.0,2.0,4.0,443.0,550.0,0.18363636363636363,0.8054545454545454,"Daggett County, Utah",638,61250,53,49,9,49009,0.08307210031347963
49011,59895.0,2137.0,3245.0,101293.0,166570.0,0.35957855556222607,0.6081107042084409,"Davis County, Utah",363032,101285,54957,49,11,49011,0.15138334912624782
49013,1009.0,45.0,99.0,7815.0,8968.0,0.11251115075825156,0.8714317573595004,"Duchesne County, Utah",19779,70821,1152,49,13,49013,0.0582435916881541
49015,603.0,32.0,35.0,4341.0,5011.0,0.12033526242267012,0.8662941528636998,"Emery County, Utah",9898,67056,572,49,15,49015,0.05778945241462922
49017,541.0,15.0,44.0,2211.0,2811.0,0.19245819992885094,0.7865528281750267,"Garfield County, Utah",5121,56481,785,49,17,49017,0.1532903729740285
49019,2828.0,25.0,120.0,2327.0,5300.0,0.5335849056603773,0.4390566037735849,"Grand County, Utah",9680,59171,1501,49,19,49019,0.1550619834710744
49021,5683.0,275.0,349.0,21571.0,27878.0,0.20385250017935289,0.7737642585551331,"Iron County, Utah",58068,63005,6623,49,21,49021,0.11405593442171247
49023,734.0,39.0,74.0,5671.0,6518.0,0.1126112304387849,0.8700521632402578,"Juab County, Utah",11943,88048,989,49,23,49023,0.0828100142342795
49025,1137.0,32.0,42.0,3277.0,4488.0,0.2533422459893048,0.7301693404634582,"Kane County, Utah",7814,70327,1238,49,25,49025,0.15843358075249553
49027,713.0,45.0,71.0,5558.0,6387.0,0.11163300454047284,0.8702051041177391,"Millard County, Utah",13027,69403,1428,49,27,49027,0.10961848468565287
49029,1256.0,104.0,100.0,5300.0,6760.0,0.18579881656804734,0.7840236686390533,"Morgan County, Utah",12367,120854,1667,49,29,49029,0.13479421039864153
49031,94.0,3.0,12.0,854.0,963.0,0.0976116303219107,0.8868120456905504,"Piute County, Utah",1764,33359,171,49,31,49031,0.09693877551020408
49033,214.0,13.0,9.0,1211.0,1447.0,0.14789219073946094,0.8369039391845197,"Rich County, Utah",2543,69250,250,49,33,49033,0.09830908375933936
49035,273658.0,5260.0,9164.0,221555.0,509637.0,0.5369665075337937,0.4347309948061071,"Salt Lake County, Utah",1180643,90011,182997,49,35,49035,0.15499774275543074
49037,2581.0,39.0,96.0,3613.0,6329.0,0.40780534049612893,0.5708642755569601,"San Juan County, Utah",14524,52108,1153,49,37,49037,0.07938584412007711
49039,1906.0,101.0,284.0,10653.0,12944.0,0.14724969097651422,0.8230067985166872,"Sanpete County, Utah",28816,64356,2294,49,39,49039,0.07960855080510827
49041,1236.0,64.0,100.0,9526.0,10926.0,0.11312465678198792,0.8718652754896576,"Sevier County, Utah",21667,66972,2083,49,41,49041,0.09613698250796142
49043,14612.0,236.0,245.0,10783.0,25876.0,0.56469315195548,0.41671819446591435,"Summit County, Utah",42524,126392,10326,49,43,49043,0.24282757971968771
49045,9560.0,358.0,604.0,23484.0,34006.0,0.2811268599658884,0.6905840145856613,"Tooele County, Utah",74032,95545,6423,49,45,49045,0.08675977955478711
49047,1952.0,113.0,168.0,13599.0,15832.0,0.12329459322890349,0.8589565437089439,"Uintah County, Utah",35951,67983,2856,49,47,49047,0.07944146198993074
49049,84937.0,4397.0,5333.0,203476.0,298143.0,0.28488678251711425,0.6824778713570334,"Utah County, Utah",666021,91263,99898,49,49,49049,0.1499922675110845
49051,6459.0,188.0,212.0,11495.0,18354.0,0.35191238966982674,0.6262939958592133,"Wasatch County, Utah",35009,104855,6585,49,51,49051,0.18809448998828873
49053,22327.0,719.0,1045.0,73165.0,97256.0,0.22956938389405282,0.752292917660607,"Washington County, Utah",183297,71976,24819,49,53,49053,0.13540319808834841
49055,381.0,8.0,24.0,1238.0,1651.0,0.23076923076923078,0.7498485766202302,"Wayne County, Utah",2532,64870,269,49,55,49055,0.10624012638230648
49057,41238.0,1325.0,1942.0,67549.0,112054.0,0.3680189908437004,0.6028254234565478,"Weber County, Utah",262960,82291,31010,49,57,49057,0.11792668086400973
50001,14879.0,125.0,762.0,6841.0,22832.0,0.6516730903994394,0.29962333566923616,"Addison County, Vermont",37434,85870,6343,50,1,50001,0.16944488967249025
50003,12326.0,87.0,600.0,7697.0,20926.0,0.5890280034406958,0.3678199369205773,"Bennington County, Vermont",37326,68558,5734,50,3,50003,0.1536194609655468
50005,8977.0,92.0,637.0,6927.0,16812.0,0.5339638353556984,0.4120271234832263,"Caledonia County, Vermont",30418,62964,4219,50,5,50005,0.13870076928134656
50007,72656.0,509.0,3227.0,20937.0,98300.0,0.7391251271617497,0.2129908443540183,"Chittenden County, Vermont",168309,89494,36064,50,7,50007,0.21427255821138502
50009,1344.0,18.0,173.0,1890.0,3456.0,0.3888888888888889,0.546875,"Essex County, Vermont",5976,55247,515,50,9,50009,0.08617804551539492
50011,13280.0,138.0,835.0,12490.0,26998.0,0.49188828802133494,0.4626268612489814,"Franklin County, Vermont",50101,73633,6192,50,11,50011,0.12359034749805393
50013,2940.0,25.0,143.0,1893.0,5042.0,0.5831019436731456,0.37544625148750493,"Grand Isle County, Vermont",7335,86639,1406,50,13,50013,0.19168370824812542
50015,9788.0,76.0,475.0,4505.0,15006.0,0.6522724243635879,0.3002132480341197,"Lamoille County, Vermont",25977,69886,5040,50,15,50015,0.19401778496362165
50017,10220.0,89.0,680.0,6683.0,17852.0,0.5724848756441855,0.37435581447456867,"Orange County, Vermont",29439,74534,4186,50,17,50017,0.14219232990251027
50019,7006.0,53.0,473.0,7233.0,14894.0,0.47039076138042163,0.485631798039479,"Orleans County, Vermont",27459,63981,3474,50,19,50019,0.12651589642740085
50021,17375.0,172.0,969.0,15586.0,34392.0,0.5052046987671551,0.45318678762502906,"Rutland County, Vermont",60585,62641,8964,50,21,50021,0.14795741520178263
50023,24527.0,167.0,1348.0,9327.0,35711.0,0.6868191873652376,0.2611800285626278,"Washington County, Vermont",59768,77278,11793,50,23,50023,0.1973129433810735
50025,17904.0,111.0,990.0,6928.0,26085.0,0.6863714778608395,0.2655932528272954,"Windham County, Vermont",45857,65473,7225,50,25,50025,0.15755500795952634
50027,22569.0,166.0,1096.0,10458.0,34579.0,0.6526793718731022,0.30243789583273084,"Windsor County, Vermont",57832,69492,10459,50,27,50027,0.18085143173329646
51001,7374.0,41.0,70.0,9659.0,17144.0,0.43012132524498364,0.5634041063929072,"Accomack County, Virginia",33367,52694,2970,51,1,51001,0.08901009979920281
51003,44279.0,378.0,570.0,21513.0,66740.0,0.6634551992807911,0.3223404255319149,"Albemarle County, Virginia",112513,97708,23136,51,3,51003,0.20562957169393759
51005,2114.0,29.0,41.0,6093.0,8277.0,0.25540654826628006,0.7361362812613266,"Alleghany County, Virginia",15159,52546,967,51,5,51005,0.0637904874991754
51007,2214.0,12.0,30.0,5776.0,8032.0,0.2756474103585657,0.7191235059760956,"Amelia County, Virginia",13309,63438,1251,51,7,51007,0.09399654369223834
51009,5429.0,68.0,64.0,11742.0,17303.0,0.3137606195457435,0.6786106455527943,"Amherst County, Virginia",31426,64454,2996,51,9,51009,0.09533507286959843
51011,2324.0,42.0,33.0,7243.0,9642.0,0.2410288321924912,0.7511926986102468,"Appomattox County, Virginia",16253,60041,1626,51,11,51011,0.10004306897188212
51013,100446.0,831.0,1862.0,25223.0,128362.0,0.7825213069288419,0.19649896386781135,"Arlington County, Virginia",235845,137387,61741,51,13,51013,0.2617863427250949
51015,11403.0,194.0,197.0,32429.0,44223.0,0.25785224882979446,0.7333061981321937,"Augusta County, Virginia",77433,76124,8937,51,15,51015,0.11541590794622447
51017,588.0,6.0,12.0,1976.0,2582.0,0.22773044151820293,0.7652982184353214,"Bath County, Virginia",4177,55699,408,51,17,51017,0.09767775915728992
51019,12414.0,199.0,200.0,38017.0,50830.0,0.24422585087546725,0.7479244540625615,"Bedford County, Virginia",79761,74773,11560,51,19,51019,0.14493298729955742
51021,524.0,11.0,15.0,2998.0,3548.0,0.14768883878241262,0.8449830890642616,"Bland County, Virginia",6241,59901,565,51,21,51021,0.09053036372376222
51023,5915.0,95.0,87.0,15796.0,21893.0,0.270177682364226,0.7215091581784132,"Botetourt County, Virginia",33734,77680,4273,51,23,51023,0.12666745716487818
51025,4184.0,6.0,25.0,3523.0,7738.0,0.5407081933316102,0.4552856035151202,"Brunswick County, Virginia",15965,52678,1194,51,25,51025,0.07478860006263702
51027,1355.0,13.0,20.0,7939.0,9327.0,0.14527715235338265,0.8511847324970516,"Buchanan County, Virginia",20246,39591,853,51,27,51027,0.04213177911686259
51029,2988.0,22.0,58.0,4847.0,7915.0,0.3775110549589387,0.6123815540113708,"Buckingham County, Virginia",16869,59894,985,51,29,51029,0.058391131661627835
51031,7890.0,103.0,146.0,23032.0,31171.0,0.2531198870745244,0.7388919187706522,"Campbell County, Virginia",55518,59022,6576,51,31,51031,0.11844807089592564
51033,7957.0,66.0,119.0,9511.0,17653.0,0.45074491587832094,0.5387752789894069,"Caroline County, Virginia",31181,83562,2961,51,33,51033,0.09496167537923736
51035,2925.0,32.0,51.0,13152.0,16160.0,0.18100247524752475,0.8138613861386138,"Carroll County, Virginia",29126,49113,2474,51,35,51035,0.08494128956945685
51036,2384.0,10.0,30.0,1917.0,4341.0,0.5491822160792444,0.4416033172080166,"Charles City County, Virginia",6760,65573,628,51,36,51036,0.09289940828402367
51037,2008.0,13.0,22.0,3963.0,6006.0,0.33433233433233434,0.6598401598401599,"Charlotte County, Virginia",11563,51548,789,51,37,51037,0.06823488714001556
51041,112869.0,988.0,1843.0,94030.0,209730.0,0.5381633528822772,0.4483383397701807,"Chesterfield County, Virginia",366019,95757,64038,51,41,51041,0.1749581305888492
51043,3993.0,73.0,75.0,5641.0,9782.0,0.4081987323655694,0.5766714373338786,"Clarke County, Virginia",14882,107475,2420,51,43,51043,0.16261255207633382
51045,542.0,8.0,9.0,2562.0,3121.0,0.1736622877282922,0.8208907401473886,"Craig County, Virginia",4898,66286,378,51,45,51045,0.07717435688035933
51047,10557.0,105.0,206.0,17685.0,28553.0,0.3697334780933702,0.6193744965502749,"Culpeper County, Virginia",52822,92359,6226,51,47,51047,0.11786755518533944
51049,2117.0,8.0,26.0,3335.0,5486.0,0.3858913598250091,0.6079110462996719,"Cumberland County, Virginia",9697,56497,705,51,49,51049,0.07270289780344437
51051,1316.0,14.0,16.0,5701.0,7047.0,0.18674613310628635,0.8089967361998013,"Dickenson County, Virginia",14089,40143,970,51,51,51051,0.06884803747604513
51053,5942.0,41.0,57.0,9549.0,15589.0,0.38116620694079156,0.6125473089999358,"Dinwiddie County, Virginia",28057,77225,2227,51,53,51053,0.07937413123284742
51057,2775.0,25.0,19.0,3245.0,6064.0,0.4576187335092348,0.5351253298153035,"Essex County, Virginia",10602,52335,779,51,57,51057,0.07347670250896057
51059,386438.0,2898.0,13156.0,181895.0,584387.0,0.6612706990401909,0.3112577795193938,"Fairfax County, Virginia",1145354,145165,248678,51,59,51059,0.21711889948435156
51061,17180.0,217.0,315.0,26825.0,44537.0,0.3857466825336237,0.6023081931876867,"Fauquier County, Virginia",73290,122785,12142,51,61,51061,0.1656706235502797
51063,2968.0,35.0,71.0,6551.0,9625.0,0.30836363636363634,0.6806233766233766,"Floyd County, Virginia",15532,57146,1588,51,63,51063,0.1022405356682977
51065,7731.0,68.0,102.0,8777.0,16678.0,0.4635447895431107,0.5262621417436143,"Fluvanna County, Virginia",27442,90766,4547,51,65,51065,0.16569492019532103
51067,8321.0,123.0,149.0,22319.0,30912.0,0.2691834886128364,0.7220173395445134,"Franklin County, Virginia",54838,66275,6109,51,67,51067,0.111400853422809
51069,18331.0,222.0,370.0,33117.0,52040.0,0.35224827056110686,0.6363758647194466,"Frederick County, Virginia",92007,92443,10918,51,69,51069,0.11866488419359397
51071,2069.0,33.0,30.0,7102.0,9234.0,0.22406324453108079,0.7691141433831492,"Giles County, Virginia",16711,61987,1376,51,71,51071,0.08234097301178864
51073,7034.0,89.0,108.0,15918.0,23149.0,0.30385761803965616,0.6876322951315391,"Gloucester County, Virginia",38875,83750,4511,51,73,51073,0.11603858520900322
51075,7875.0,118.0,102.0,11521.0,19616.0,0.4014579934747145,0.5873266721044046,"Goochland County, Virginia",24906,105600,4704,51,75,51075,0.18887015177065766
51077,1503.0,25.0,32.0,6544.0,8104.0,0.1854639684106614,0.807502467917078,"Grayson County, Virginia",15356,43348,1216,51,77,51077,0.0791872883563428
51079,4456.0,82.0,68.0,7432.0,12038.0,0.3701611563382622,0.6173783020435288,"Greene County, Virginia",20631,81338,2476,51,79,51079,0.12001357180941302
51081,2334.0,7.0,19.0,1936.0,4296.0,0.5432960893854749,0.4506517690875233,"Greensville County, Virginia",11373,51823,751,51,81,51081,0.06603358832322166
51083,6984.0,47.0,72.0,10741.0,17844.0,0.3913920645595158,0.6019390271239632,"Halifax County, Virginia",34013,49145,2798,51,83,51083,0.0822626642754241
51085,26733.0,356.0,429.0,45569.0,73087.0,0.36576956230246144,0.6234898135099265,"Hanover County, Virginia",110513,104678,20372,51,85,51085,0.184340303855655
51087,115040.0,737.0,1983.0,62882.0,180642.0,0.6368397161236036,0.3481028775146422,"Henrico County, Virginia",333120,82424,62157,51,87,51087,0.18659041786743516
51089,8457.0,56.0,100.0,16800.0,25413.0,0.332782434187227,0.6610789753275882,"Henry County, Virginia",50760,43694,3474,51,89,51089,0.06843971631205674
51091,416.0,7.0,11.0,1095.0,1529.0,0.27207325049051667,0.7161543492478745,"Highland County, Virginia",2247,57070,346,51,91,51091,0.15398308856252782
51093,9779.0,91.0,143.0,14659.0,24672.0,0.3963602464332036,0.594155317769131,"Isle of Wight County, Virginia",38898,91680,4938,51,93,51093,0.12694740089464754
51095,26742.0,258.0,317.0,23575.0,50892.0,0.5254656920537609,0.46323587204275724,"James City County, Virginia",78818,100711,15086,51,95,51095,0.19140297901494582
51097,1536.0,12.0,17.0,2608.0,4173.0,0.3680805176132279,0.6249700455307932,"King and Queen County, Virginia",6681,70147,873,51,97,51097,0.13066906151773686
51099,5657.0,98.0,107.0,9500.0,15362.0,0.3682463220934774,0.6184090613201406,"King George County, Virginia",26985,103264,3694,51,99,51099,0.13689086529553457
51101,3388.0,43.0,50.0,8080.0,11561.0,0.29305423406279735,0.6989014791108036,"King William County, Virginia",17845,79398,2299,51,101,51101,0.1288316054917344
51103,3355.0,22.0,36.0,3866.0,7279.0,0.4609149608462701,0.53111691166369,"Lancaster County, Virginia",10866,62674,1598,51,103,51103,0.14706423706975888
51105,1391.0,16.0,27.0,8674.0,10108.0,0.13761377127028096,0.8581321725366047,"Lee County, Virginia",22287,41619,1408,51,105,51105,0.06317584241934761
51107,129280.0,1162.0,5659.0,92107.0,228208.0,0.5665007361705111,0.4036098646848489,"Loudoun County, Virginia",420773,170463,97356,51,107,51107,0.23137416136491648
51109,8779.0,88.0,116.0,15084.0,24067.0,0.3647733410894586,0.6267503220177005,"Louisa County, Virginia",38106,76594,4102,51,109,51109,0.10764708969716055
51111,2253.0,14.0,18.0,3594.0,5879.0,0.38322844021092023,0.6113284572206158,"Lunenburg County, Virginia",11988,54438,654,51,111,51111,0.05455455455455455
51113,2700.0,37.0,31.0,5671.0,8439.0,0.3199431212228937,0.6719990520203816,"Madison County, Virginia",13828,74586,1288,51,113,51113,0.09314434480763668
51115,1774.0,25.0,24.0,4106.0,5929.0,0.29920728622027326,0.6925282509698094,"Mathews County, Virginia",8537,79054,1402,51,115,51115,0.16422630900784818
51117,6404.0,31.0,40.0,9791.0,16266.0,0.3937046600270503,0.6019304069838928,"Mecklenburg County, Virginia",30367,51265,2959,51,117,51117,0.09744130141271776
51119,2473.0,24.0,28.0,4357.0,6882.0,0.3593432141819239,0.6331008427782622,"Middlesex County, Virginia",10738,69389,1679,51,119,51119,0.1563605885639784
51121,23811.0,267.0,510.0,22179.0,46767.0,0.5091410610045545,0.47424465969593943,"Montgomery County, Virginia",99373,65270,12154,51,121,51121,0.12230686403751521
51125,4298.0,30.0,56.0,5004.0,9388.0,0.4578184916915211,0.5330208777162335,"Nelson County, Virginia",14773,64028,2024,51,125,51125,0.1370067014147431
51127,5641.0,71.0,58.0,10974.0,16744.0,0.3368967988533206,0.6553989488772097,"New Kent County, Virginia",23296,113120,4110,51,127,51127,0.17642513736263737
51131,3603.0,20.0,26.0,3183.0,6832.0,0.5273711943793911,0.46589578454332553,"Northampton County, Virginia",12132,54693,1593,51,131,51131,0.13130563798219586
51133,3202.0,24.0,41.0,4938.0,8205.0,0.3902498476538696,0.6018281535648995,"Northumberland County, Virginia",12007,64655,1757,51,133,51133,0.1463313067377363
51135,2636.0,15.0,34.0,4168.0,6853.0,0.3846490588063622,0.6082007879760689,"Nottoway County, Virginia",15638,62366,1308,51,135,51135,0.08364240951528329
51137,8274.0,100.0,109.0,13764.0,22247.0,0.3719153144244168,0.6186901604710747,"Orange County, Virginia",36593,87309,4377,51,137,51137,0.11961304074549778
51139,2976.0,45.0,67.0,10123.0,13211.0,0.2252668231019605,0.7662553932329119,"Page County, Virginia",23753,56760,1419,51,139,51139,0.05973982233823096
51141,1886.0,26.0,40.0,7746.0,9698.0,0.19447308723448134,0.7987213858527531,"Patrick County, Virginia",17660,49180,1530,51,141,51141,0.08663646659116647
51143,9599.0,76.0,115.0,24310.0,34100.0,0.2814956011730205,0.7129032258064516,"Pittsylvania County, Virginia",60541,52619,4666,51,143,51143,0.07707173650914256
51145,5734.0,111.0,78.0,14918.0,20841.0,0.27513075188330693,0.7158005853845785,"Powhatan County, Virginia",30503,108089,5397,51,145,51145,0.17693341638527357
51147,4539.0,37.0,66.0,4782.0,9424.0,0.48164261460101865,0.5074278438030561,"Prince Edward County, Virginia",21922,57304,2077,51,147,51147,0.09474500501779035
51149,6842.0,45.0,119.0,10590.0,17596.0,0.38883837235735397,0.6018413275744487,"Prince George County, Virginia",42634,80318,4623,51,149,51149,0.10843458272740067
51153,131128.0,911.0,5349.0,90203.0,227591.0,0.5761563506465546,0.3963381680294915,"Prince William County, Virginia",481114,123193,79259,51,153,51153,0.1647405812343852
51155,4830.0,59.0,69.0,12732.0,17690.0,0.27303561334087056,0.7197286602600339,"Pulaski County, Virginia",33841,59740,3222,51,155,51155,0.09520995242457374
51157,2041.0,29.0,25.0,2943.0,5038.0,0.4051210797935689,0.5841603811036126,"Rappahannock County, Virginia",7422,98663,1030,51,157,51157,0.13877661007814604
51159,1439.0,9.0,16.0,2697.0,4161.0,0.34583032924777696,0.6481614996395098,"Richmond County, Virginia",8968,62708,770,51,159,51159,0.08586083853702052
51161,21693.0,297.0,346.0,34453.0,56789.0,0.381992991600486,0.6066843931042983,"Roanoke County, Virginia",96653,80872,16855,51,161,51161,0.1743867236402388
51163,4160.0,61.0,63.0,8468.0,12752.0,0.32622333751568383,0.6640526976160602,"Rockbridge County, Virginia",22673,61903,2660,51,163,51163,0.11732016054337759
51165,15035.0,214.0,299.0,33033.0,48581.0,0.30948313126530946,0.67995718490768,"Rockingham County, Virginia",83905,73232,9785,51,165,51165,0.11661998688993505
51167,2172.0,24.0,26.0,11303.0,13525.0,0.16059149722735674,0.8357116451016636,"Russell County, Virginia",25763,44088,1641,51,167,51167,0.06369599813686294
51169,1607.0,28.0,30.0,9392.0,11057.0,0.1453377950619517,0.8494166591299629,"Scott County, Virginia",21536,44535,1470,51,169,51169,0.06825780089153045
51171,6914.0,110.0,141.0,17215.0,24380.0,0.28359310910582447,0.7061115668580804,"Shenandoah County, Virginia",44337,62149,3848,51,171,51171,0.08678981437625459
51173,2805.0,39.0,55.0,11521.0,14420.0,0.19452149791955617,0.7989597780859917,"Smyth County, Virginia",29799,45061,2431,51,173,51173,0.08157991878922112
51175,3626.0,19.0,53.0,6133.0,9831.0,0.36883328247380737,0.6238429457837453,"Southampton County, Virginia",18003,67813,1701,51,175,51175,0.09448425262456257
51177,35747.0,319.0,612.0,42531.0,79209.0,0.4512997260412327,0.5369465591031323,"Spotsylvania County, Virginia",141097,105068,18959,51,177,51177,0.1343685549657328
51179,41252.0,372.0,909.0,40590.0,83123.0,0.496276602143811,0.4883125007518978,"Stafford County, Virginia",157606,128036,26284,51,179,51179,0.16677030062307271
51181,2176.0,14.0,34.0,2205.0,4429.0,0.49130729284262814,0.4978550462858433,"Surry County, Virginia",6546,68655,871,51,181,51181,0.13305835624809043
51183,2539.0,8.0,23.0,2322.0,4892.0,0.5190106295993459,0.4746524938675388,"Sussex County, Virginia",10866,59195,779,51,183,51183,0.07169151481685992
51185,3030.0,40.0,77.0,16711.0,19858.0,0.15258334172625643,0.841524826266492,"Tazewell County, Virginia",40392,46508,3126,51,185,51185,0.07739156268568033
51187,6910.0,93.0,158.0,15400.0,22561.0,0.3062807499667568,0.6825938566552902,"Warren County, Virginia",40800,79313,4225,51,187,51187,0.10355392156862746
51191,6772.0,90.0,95.0,22455.0,29412.0,0.23024615803073575,0.7634638922888617,"Washington County, Virginia",53985,59116,6328,51,191,51191,0.11721774567009355
51193,4491.0,34.0,53.0,6003.0,10581.0,0.4244400340232492,0.5673376807485114,"Westmoreland County, Virginia",18480,56647,1385,51,193,51193,0.07494588744588744
51195,3036.0,32.0,53.0,13655.0,16776.0,0.18097281831187412,0.813960419647115,"Wise County, Virginia",36105,47541,2532,51,195,51195,0.07012879102617366
51197,3075.0,42.0,55.0,12267.0,15439.0,0.19917093075976422,0.7945462789040741,"Wythe County, Virginia",28275,53921,2502,51,197,51197,0.08848806366047746
51199,18296.0,203.0,319.0,20722.0,39540.0,0.46272129489124936,0.5240768841679312,"York County, Virginia",70238,105154,12821,51,199,51199,0.18253651869358467
51510,62326.0,410.0,1214.0,16112.0,80062.0,0.7784716844445555,0.20124403587219905,"Alexandria city, Virginia",157594,113179,37901,51,510,51510,0.24049773468533067
51520,2231.0,23.0,28.0,5197.0,7479.0,0.2983019120203236,0.6948789945179837,"Bristol city, Virginia",17036,45250,1447,51,520,51520,0.08493777882131956
51530,767.0,29.0,22.0,2035.0,2853.0,0.2688398177357168,0.7132842621801613,"Buena Vista city, Virginia",6639,48783,528,51,530,51530,0.07953004970628107
51540,19435.0,113.0,327.0,3428.0,23303.0,0.8340127880530404,0.14710552289404796,"Charlottesville city, Virginia",46289,67177,8241,51,540,51540,0.17803365810451727
51550,65399.0,539.0,1005.0,60550.0,127493.0,0.5129614959252665,0.4749280352646812,"Chesapeake city, Virginia",249377,92703,37311,51,550,51550,0.14961684517818402
51570,2982.0,20.0,56.0,5883.0,8941.0,0.3335197405211945,0.6579800917123364,"Colonial Heights city, Virginia",18158,72216,2148,51,570,51570,0.11829496640599185
51580,818.0,3.0,12.0,1642.0,2475.0,0.3305050505050505,0.6634343434343435,"Covington city, Virginia",5722,45737,296,51,580,51580,0.0517301642782244
51590,10615.0,45.0,113.0,6894.0,17667.0,0.600837720043018,0.3902190524707081,"Danville city, Virginia",42507,41484,3421,51,590,51590,0.0804808619756746
51595,1419.0,2.0,13.0,744.0,2178.0,0.6515151515151515,0.3415977961432507,"Emporia city, Virginia",5680,41442,367,51,595,51595,0.06461267605633803
51600,8797.0,71.0,275.0,4302.0,13445.0,0.6542952770546672,0.3199702491632577,"Fairfax city, Virginia",24242,128708,5065,51,600,51600,0.20893490636086132
51610,7200.0,55.0,94.0,1620.0,8969.0,0.8027650797190322,0.18062214293678225,"Falls Church city, Virginia",14576,164536,2969,51,610,51610,0.20369099890230516
51620,2359.0,9.0,32.0,1476.0,3876.0,0.6086171310629515,0.38080495356037153,"Franklin city, Virginia",8194,57537,737,51,620,51620,0.08994386136197217
51630,8760.0,82.0,173.0,4480.0,13495.0,0.6491293071507966,0.33197480548351244,"Fredericksburg city, Virginia",28258,83445,4208,51,630,51630,0.14891358199447943
51640,753.0,4.0,14.0,1946.0,2717.0,0.2771439087228561,0.7162311372837689,"Galax city, Virginia",6687,44612,453,51,640,51640,0.0677433826828174
51650,43357.0,225.0,667.0,18383.0,62632.0,0.6922499680674415,0.2935081108698429,"Hampton city, Virginia",137217,64430,15565,51,650,51650,0.11343346669873267
51660,10641.0,96.0,242.0,6266.0,17245.0,0.6170484198318353,0.3633516961438098,"Harrisonburg city, Virginia",51784,56050,5194,51,660,51660,0.10030125135176889
51670,5078.0,24.0,66.0,3838.0,9006.0,0.5638463246724406,0.42616033755274263,"Hopewell city, Virginia",23046,50661,1097,51,670,51670,0.0476004512713703
51678,1795.0,16.0,22.0,1030.0,2863.0,0.6269647223192455,0.3597624869018512,"Lexington city, Virginia",7346,93651,1040,51,678,51678,0.14157364552137217
51680,16664.0,208.0,269.0,19574.0,36715.0,0.45387443824050117,0.5331335966226338,"Lynchburg city, Virginia",79166,56243,10012,51,680,51680,0.12646843341838668
51683,9048.0,68.0,235.0,6670.0,16021.0,0.5647587541351976,0.41632856875351104,"Manassas city, Virginia",42620,110559,6081,51,683,51683,0.14267949319568277
51685,3506.0,29.0,118.0,2314.0,5967.0,0.587564940506117,0.3877995642701525,"Manassas Park city, Virginia",17123,91673,1941,51,685,51685,0.11335630438591368
51690,3435.0,22.0,46.0,2155.0,5658.0,0.6071049840933191,0.38087663485330503,"Martinsville city, Virginia",13539,39127,1137,51,690,51690,0.08397961444715267
51700,48169.0,299.0,776.0,26385.0,75629.0,0.636911766650359,0.3488741091380291,"Newport News city, Virginia",185118,63355,21039,51,700,51700,0.11365183288497066
51710,59941.0,410.0,915.0,24377.0,85643.0,0.6998937449645622,0.2846350548205925,"Norfolk city, Virginia",236973,60998,29179,51,710,51710,0.12313217117561916
51720,458.0,4.0,7.0,1174.0,1643.0,0.2787583688374924,0.714546561168594,"Norton city, Virginia",3668,36974,293,51,720,51720,0.07988004362050163
51730,11219.0,25.0,131.0,1702.0,13077.0,0.857918482832454,0.1301521755754378,"Petersburg city, Virginia",33261,46930,3094,51,730,51730,0.09302185743062445
51735,2119.0,58.0,47.0,5800.0,8024.0,0.2640827517447657,0.7228315054835494,"Poquoson city, Virginia",12479,114503,1809,51,735,51735,0.14496353874509174
51740,28306.0,144.0,432.0,12370.0,41252.0,0.6861727916222243,0.2998642490061088,"Portsmouth city, Virginia",97384,57154,8863,51,740,51740,0.09101084367041813
51750,3231.0,47.0,75.0,3197.0,6550.0,0.4932824427480916,0.48809160305343513,"Radford city, Virginia",16379,51039,1565,51,750,51750,0.09554917882654619
51760,88710.0,509.0,1883.0,17041.0,108143.0,0.8203027472883127,0.15757839157411946,"Richmond city, Virginia",227171,59606,41357,51,760,51760,0.18205228660348372
51770,25737.0,206.0,398.0,15787.0,42128.0,0.6109238511203949,0.3747388909988606,"Roanoke city, Virginia",99213,51523,12316,51,770,51770,0.12413695785834518
51775,5237.0,60.0,82.0,7769.0,13148.0,0.3983115302707636,0.5908883480377244,"Salem city, Virginia",25372,68402,3331,51,775,51775,0.13128645751221818
51790,7592.0,65.0,127.0,5778.0,13562.0,0.5597994396106769,0.42604335643710367,"Staunton city, Virginia",25581,59731,3406,51,790,51790,0.13314569406981744
51800,30597.0,199.0,444.0,22112.0,53352.0,0.5734930274403959,0.41445494077073025,"Suffolk city, Virginia",94856,87758,12702,51,800,51800,0.13390823985831155
51810,115412.0,1134.0,1849.0,109375.0,227770.0,0.506704131360583,0.480199323879352,"Virginia Beach city, Virginia",457900,87544,78171,51,810,51810,0.17071631360559075
51820,5240.0,69.0,83.0,5882.0,11274.0,0.4647862338123115,0.5217314174206138,"Waynesboro city, Virginia",22341,52519,2595,51,820,51820,0.11615415603598765
51830,5613.0,39.0,80.0,2119.0,7851.0,0.7149407718761941,0.26990192332186985,"Williamsburg city, Virginia",15486,66815,2068,51,830,51830,0.1335399715872401
51840,6407.0,65.0,98.0,5252.0,11822.0,0.5419556758585687,0.4442564709862967,"Winchester city, Virginia",28103,62495,3562,51,840,51840,0.12674803401772053
53001,1455.0,20.0,123.0,3767.0,5365.0,0.2712022367194781,0.702143522833178,"Adams County, Washington",20557,63105,1018,53,1,53001,0.04952084448119862
53003,4082.0,59.0,323.0,7004.0,11468.0,0.3559469829089641,0.6107429368678061,"Asotin County, Washington",22370,63724,2321,53,3,53003,0.10375502905677246
53005,37662.0,507.0,2969.0,59555.0,100693.0,0.37402798605662757,0.5914512428867945,"Benton County, Washington",207560,83778,26629,53,5,53005,0.1282954326459819
53007,18397.0,155.0,1276.0,22363.0,42191.0,0.4360408617951696,0.5300419520750871,"Chelan County, Washington",79076,71876,10471,53,7,53007,0.13241691537255298
53009,25440.0,162.0,1429.0,21632.0,48663.0,0.5227791134948524,0.4445266424182644,"Clallam County, Washington",77333,66108,10921,53,9,53009,0.14122043629498404
53011,143206.0,1096.0,8278.0,123998.0,276578.0,0.5177779866800686,0.44832922358249755,"Clark County, Washington",504091,90115,70887,53,11,53011,0.1406234191842346
53013,661.0,8.0,79.0,1737.0,2485.0,0.2659959758551308,0.6989939637826962,"Columbia County, Washington",3980,68825,483,53,13,53013,0.12135678391959799
53015,22825.0,210.0,1710.0,34580.0,59325.0,0.38474504846186264,0.5828908554572272,"Cowlitz County, Washington",110621,70912,8679,53,15,53015,0.07845707415409371
53017,7410.0,70.0,607.0,13095.0,21182.0,0.3498253233877821,0.6182135775658578,"Douglas County, Washington",43189,79422,4466,53,17,53017,0.10340595985088796
53019,1315.0,12.0,125.0,2667.0,4119.0,0.31925224569070165,0.6474872541879096,"Ferry County, Washington",7260,50424,644,53,19,53019,0.08870523415977961
53021,11884.0,117.0,810.0,19086.0,31897.0,0.37257422328118633,0.5983634824591655,"Franklin County, Washington",96692,77877,6915,53,21,53021,0.0715157407024366
53023,330.0,4.0,45.0,973.0,1352.0,0.2440828402366864,0.7196745562130178,"Garfield County, Washington",2310,57958,269,53,23,53023,0.11645021645021646
53025,10806.0,126.0,995.0,24326.0,36253.0,0.29807188370617604,0.6710065373900092,"Grant County, Washington",99145,66387,7832,53,25,53025,0.07899541076201523
53027,17161.0,127.0,1073.0,19432.0,37793.0,0.4540787976609425,0.5141692906093721,"Grays Harbor County, Washington",75672,59105,6104,53,27,53027,0.08066391796172957
53029,29595.0,206.0,1681.0,20967.0,52449.0,0.5642624263570325,0.399759766630441,"Island County, Washington",86510,82850,13324,53,29,53029,0.15401687666165761
53031,17459.0,76.0,839.0,6324.0,24698.0,0.7068993440764434,0.25605312171025996,"Jefferson County, Washington",33006,64796,6616,53,31,53031,0.20044840332060837
53033,832606.0,4656.0,41047.0,252193.0,1130502.0,0.7364922839588077,0.22308054298002125,"King County, Washington",2254371,116340,519110,53,33,53033,0.23026822115791945
53035,91731.0,894.0,5167.0,59080.0,156872.0,0.5847506247131419,0.37661277984598907,"Kitsap County, Washington",275411,93675,44914,53,35,53035,0.1630799060313495
53037,10810.0,115.0,929.0,14645.0,26499.0,0.4079399222612174,0.5526623646175327,"Kittitas County, Washington",44424,66800,6515,53,37,53037,0.1466549612821898
53039,5917.0,51.0,461.0,7178.0,13607.0,0.4348497097082384,0.5275225986624531,"Klickitat County, Washington",22798,66581,2950,53,39,53039,0.12939731555399597
53041,14433.0,194.0,1389.0,29322.0,45338.0,0.3183422294763774,0.6467422471216199,"Lewis County, Washington",82663,67247,7495,53,41,53041,0.09066934420478327
53043,1678.0,15.0,179.0,5272.0,7144.0,0.23488241881298993,0.7379619260918253,"Lincoln County, Washington",11036,68172,1207,53,43,53043,0.10936933671620153
53045,17215.0,164.0,1183.0,18127.0,36689.0,0.4692142058927744,0.4940717926353948,"Mason County, Washington",66053,74388,6510,53,45,53045,0.09855721920276142
53047,8466.0,51.0,660.0,11555.0,20732.0,0.4083542349990353,0.5573509550453405,"Okanogan County, Washington",42336,58218,4140,53,47,53047,0.0977891156462585
53049,6825.0,33.0,376.0,7010.0,14244.0,0.4791491154170177,0.4921370401572592,"Pacific County, Washington",23396,58889,3112,53,49,53049,0.13301419045990767
53051,2461.0,25.0,233.0,5826.0,8545.0,0.2880046811000585,0.6818022235225278,"Pend Oreille County, Washington",13570,59353,1409,53,51,53051,0.10383198231392778
53053,235169.0,1802.0,14416.0,188194.0,439581.0,0.5349844511022996,0.42812132462504066,"Pierce County, Washington",918993,91486,117242,53,53,53053,0.12757659742783678
53055,9539.0,55.0,522.0,2890.0,13006.0,0.733430724281101,0.2222051360910349,"San Juan County, Washington",18001,76745,4463,53,55,53055,0.24793067051830453
53057,36956.0,314.0,2221.0,30765.0,70256.0,0.5260191300387156,0.4378985424732407,"Skagit County, Washington",129480,82029,16556,53,57,53057,0.12786530738337967
53059,3147.0,24.0,223.0,3961.0,7355.0,0.42787219578518015,0.5385452073419442,"Skamania County, Washington",12118,84500,1457,53,59,53059,0.12023436210595807
53061,240099.0,1941.0,14810.0,161371.0,418221.0,0.5740959923102857,0.38585102134995614,"Snohomish County, Washington",828337,104083,135876,53,61,53061,0.16403468636557345
53063,131163.0,1297.0,9284.0,145338.0,287082.0,0.45688339916818194,0.5062595356030681,"Spokane County, Washington",538711,70394,76236,53,63,53063,0.14151558071025094
53065,7492.0,86.0,773.0,19895.0,28246.0,0.26524109608440133,0.7043475182326702,"Stevens County, Washington",46774,62381,4341,53,65,53065,0.09280797023987686
53067,95663.0,690.0,5902.0,62282.0,164537.0,0.5814072214760206,0.3785288415371619,"Thurston County, Washington",294272,88895,47084,53,67,53067,0.16000163114397564
53069,1204.0,15.0,86.0,1757.0,3062.0,0.3932070542129327,0.5738079686479425,"Wahkiakum County, Washington",4476,59167,506,53,69,53069,0.113047363717605
53071,13106.0,154.0,832.0,15476.0,29568.0,0.4432494588744589,0.5234036796536796,"Walla Walla County, Washington",62150,66635,6937,53,71,53071,0.11161705551086082
53073,83295.0,566.0,4794.0,49213.0,137868.0,0.6041648533379754,0.3569573795224418,"Whatcom County, Washington",226523,77581,34017,53,73,53073,0.1501701813943838
53075,10480.0,101.0,747.0,8699.0,20027.0,0.5232935537025016,0.43436360912767763,"Whitman County, Washington",47141,49345,6581,53,75,53075,0.13960246918818014
53077,36706.0,230.0,2447.0,49368.0,88751.0,0.41358407229214317,0.5562528872914108,"Yakima County, Washington",256143,64910,18200,53,77,53077,0.0710540596463694
54001,1199.0,20.0,105.0,5071.0,12790.0,0.09374511336982017,0.39648162627052386,"Barbour County, West Virginia",15527,44341,729,54,1,54001,0.04695047336897018
54003,17500.0,262.0,760.0,37580.0,112204.0,0.15596591921856617,0.33492567109906957,"Berkeley County, West Virginia",123283,73619,13653,54,3,54003,0.11074519601242669
54005,1641.0,41.0,146.0,6314.0,16284.0,0.10077376565954312,0.38774256939326945,"Boone County, West Virginia",21705,56182,990,54,5,54005,0.04561161022805805
54007,1233.0,19.0,70.0,3991.0,10626.0,0.11603613777526821,0.375588179936006,"Braxton County, West Virginia",12505,42245,801,54,7,54007,0.06405437824870051
54009,2621.0,33.0,142.0,6986.0,19564.0,0.1339705581680638,0.3570844408096504,"Brooke County, West Virginia",22349,51963,2242,54,9,54009,0.10031768759228601
54011,13474.0,163.0,563.0,21229.0,70858.0,0.1901549578029298,0.2995991983967936,"Cabell County, West Virginia",93965,48944,10541,54,11,54011,0.11218006704624062
54013,488.0,8.0,49.0,2391.0,5872.0,0.08310626702997276,0.4071866485013624,"Calhoun County, West Virginia",6279,39031,245,54,13,54013,0.03901895206243032
54015,580.0,10.0,53.0,2597.0,6480.0,0.08950617283950617,0.40077160493827163,"Clay County, West Virginia",8049,41530,366,54,15,54015,0.045471487141259787
54017,374.0,9.0,32.0,2541.0,5912.0,0.06326116373477672,0.42980378890392423,"Doddridge County, West Virginia",7847,56587,549,54,17,54017,0.0699630432012234
54019,4387.0,54.0,269.0,10910.0,31240.0,0.14042893725992317,0.3492317541613316,"Fayette County, West Virginia",40545,50090,3175,54,19,54019,0.07830805278086077
54021,486.0,6.0,30.0,1822.0,4688.0,0.10366894197952219,0.3886518771331058,"Gilmer County, West Virginia",7444,51552,624,54,21,54021,0.08382590005373455
54023,552.0,11.0,56.0,4949.0,11136.0,0.04956896551724138,0.4444145114942529,"Grant County, West Virginia",11034,52877,681,54,23,54023,0.061718325176726485
54025,4196.0,55.0,228.0,10517.0,29992.0,0.1399039743931715,0.3506601760469458,"Greenbrier County, West Virginia",32995,45519,2975,54,25,54025,0.09016517654190029
54027,1890.0,23.0,123.0,8464.0,21000.0,0.09,0.40304761904761904,"Hampshire County, West Virginia",23275,55222,1681,54,27,54027,0.0722234156820623
54029,3360.0,40.0,168.0,9462.0,26060.0,0.1289332310053722,0.36308518802762857,"Hancock County, West Virginia",28907,57515,2859,54,29,54029,0.09890337980419968
54031,1297.0,21.0,96.0,4997.0,12822.0,0.1011542661051318,0.389720792388083,"Hardy County, West Virginia",14249,49205,782,54,31,54031,0.05488104428380939
54033,8402.0,134.0,479.0,20480.0,58990.0,0.14243092049499914,0.3471774877097813,"Harrison County, West Virginia",65862,56184,6934,54,33,54033,0.10528073851386231
54035,2699.0,40.0,176.0,9907.0,25644.0,0.10524879114022774,0.38632818593043206,"Jackson County, West Virginia",27868,55173,2400,54,35,54035,0.08612028132625234
54037,11967.0,163.0,453.0,16573.0,58312.0,0.2052236246398683,0.2842125120043902,"Jefferson County, West Virginia",58043,93744,8119,54,37,54037,0.13987905518322624
54039,30231.0,323.0,1333.0,43352.0,150478.0,0.20089979930621088,0.28809526974042715,"Kanawha County, West Virginia",179895,55226,21682,54,39,54039,0.12052586230856889
54041,1372.0,24.0,102.0,5550.0,14096.0,0.09733257661748014,0.39372871736662884,"Lewis County, West Virginia",16920,50552,1338,54,41,54041,0.07907801418439717
54043,1279.0,30.0,108.0,5770.0,14374.0,0.08898010296368443,0.40141922916376793,"Lincoln County, West Virginia",20410,50985,765,54,43,54043,0.03748162665360118
54045,1848.0,13.0,108.0,9500.0,22938.0,0.0805650013078734,0.41415990932077773,"Logan County, West Virginia",32350,42194,1638,54,45,54045,0.05063369397217929
54047,1036.0,15.0,64.0,4310.0,10850.0,0.09548387096774194,0.3972350230414747,"McDowell County, West Virginia",18911,28235,666,54,47,54047,0.035217598223256305
54049,8185.0,125.0,443.0,15881.0,49268.0,0.166132175042624,0.3223390435982788,"Marion County, West Virginia",56194,59974,6088,54,49,54049,0.10833896857315728
54051,3186.0,49.0,190.0,9808.0,26466.0,0.12038086601677624,0.3705886798156125,"Marshall County, West Virginia",30509,58129,2793,54,51,54051,0.09154675669474581
54053,2111.0,41.0,163.0,8232.0,21094.0,0.10007585095287759,0.39025315255522897,"Mason County, West Virginia",25488,53058,1919,54,53,54053,0.07529033270558694
54055,4851.0,55.0,306.0,18372.0,47168.0,0.10284514925373134,0.38950135685210313,"Mercer County, West Virginia",59530,46409,5675,54,55,54055,0.0953300856710902
54057,2483.0,40.0,134.0,10247.0,25808.0,0.09621047737135772,0.39704742715437075,"Mineral County, West Virginia",26957,64728,2356,54,57,54057,0.08739844938234967
54059,1061.0,18.0,86.0,7325.0,16980.0,0.06248527679623086,0.43138987043580684,"Mingo County, West Virginia",23466,38305,935,54,59,54059,0.03984488195687377
54061,19265.0,284.0,819.0,21084.0,82904.0,0.23237720737238252,0.25431824761169547,"Monongalia County, West Virginia",105988,60893,14220,54,61,54061,0.1341661320149451
54063,1155.0,23.0,100.0,5089.0,12734.0,0.09070205748390137,0.3996387623684624,"Monroe County, West Virginia",12438,52392,877,54,63,54063,0.07050972825213057
54065,1947.0,23.0,118.0,7009.0,18194.0,0.10701330108827085,0.3852368912828405,"Morgan County, West Virginia",17237,61021,1296,54,65,54065,0.07518709752277078
54067,1919.0,27.0,131.0,7960.0,20074.0,0.09559629371326094,0.3965328285344226,"Nicholas County, West Virginia",24624,48826,1646,54,67,54067,0.06684535412605588
54069,6727.0,69.0,300.0,11593.0,37378.0,0.17997217614639627,0.3101557065653593,"Ohio County, West Virginia",42224,55521,6073,54,69,54069,0.14382815460401668
54071,680.0,13.0,45.0,2687.0,6850.0,0.09927007299270073,0.39226277372262774,"Pendleton County, West Virginia",6156,52458,674,54,71,54071,0.10948667966211825
54073,656.0,9.0,51.0,2632.0,6696.0,0.0979689366786141,0.3930704898446834,"Pleasants County, West Virginia",7622,59666,342,54,73,54073,0.04487011283127788
54075,927.0,11.0,74.0,2889.0,7802.0,0.11881568828505511,0.3702896693155601,"Pocahontas County, West Virginia",7940,41680,512,54,75,54075,0.06448362720403022
54077,2953.0,74.0,223.0,11176.0,28852.0,0.10234992374878692,0.3873561624844032,"Preston County, West Virginia",34206,60136,2866,54,77,54077,0.08378647020990469
54079,7124.0,138.0,377.0,19868.0,55014.0,0.1294943105391355,0.3611444359617552,"Putnam County, West Virginia",57347,75725,7241,54,79,54079,0.12626641323870472
54081,6816.0,101.0,405.0,23644.0,61932.0,0.11005619066072467,0.38177355809597624,"Raleigh County, West Virginia",74303,47975,6485,54,81,54081,0.08727776805781731
54083,3008.0,43.0,187.0,8356.0,23188.0,0.12972227013972745,0.3603588062791099,"Randolph County, West Virginia",28005,51186,2501,54,83,54083,0.08930548116407784
54085,517.0,9.0,51.0,3473.0,8100.0,0.06382716049382715,0.42876543209876544,"Ritchie County, West Virginia",8507,48973,592,54,85,54085,0.06958974961796167
54087,1218.0,17.0,97.0,4189.0,11042.0,0.1103061039666727,0.3793696794059047,"Roane County, West Virginia",14027,41299,917,54,87,54087,0.06537392172239252
54089,1226.0,18.0,89.0,3931.0,10528.0,0.11645136778115502,0.3733852583586626,"Summers County, West Virginia",11985,42991,980,54,89,54089,0.08176887776387151
54091,1694.0,28.0,121.0,5422.0,14530.0,0.11658637302133516,0.3731589814177564,"Taylor County, West Virginia",16602,52946,1514,54,91,54091,0.09119383206842549
54093,890.0,13.0,64.0,2669.0,7272.0,0.12238723872387239,0.36702420242024203,"Tucker County, West Virginia",6747,54053,738,54,93,54093,0.10938194753223655
54095,554.0,14.0,58.0,2991.0,7234.0,0.07658280342825546,0.4134641968482168,"Tyler County, West Virginia",8336,59167,685,54,95,54095,0.08217370441458734
54097,2033.0,62.0,131.0,7633.0,19718.0,0.10310376305913378,0.38710822598640837,"Upshur County, West Virginia",23875,49663,1564,54,97,54097,0.06550785340314136
54099,3532.0,47.0,234.0,11934.0,31494.0,0.11214834571664443,0.37892931987045153,"Wayne County, West Virginia",38933,52694,2872,54,99,54099,0.0737677548609149
54101,479.0,4.0,37.0,2478.0,5996.0,0.07988659106070714,0.4132755170113409,"Webster County, West Virginia",8362,43409,549,54,101,54101,0.06565414972494618
54103,1294.0,31.0,125.0,4718.0,12336.0,0.10489623865110247,0.38245784695201035,"Wetzel County, West Virginia",14431,50715,940,54,103,54103,0.06513755110525951
54105,409.0,10.0,42.0,2120.0,5162.0,0.07923285548237118,0.41069352963967454,"Wirt County, West Virginia",5202,52776,395,54,105,54105,0.07593233371780085
54107,10317.0,128.0,488.0,26380.0,74626.0,0.13824940369308283,0.35349610055476643,"Wood County, West Virginia",84272,54350,8131,54,107,54107,0.09648519081070818
54109,980.0,6.0,76.0,6503.0,15130.0,0.06477197620621282,0.4298083278255122,"Wyoming County, West Virginia",21237,44510,947,54,109,54109,0.04459198568536046
55001,4443.0,44.0,632.0,7763.0,25764.0,0.1724499301350722,0.3013119080888061,"Adams County, Wisconsin",20730,55223,1895,55,1,55001,0.09141341051616016
55003,4612.0,26.0,126.0,4191.0,17910.0,0.25750977107761025,0.2340033500837521,"Ashland County, Wisconsin",16041,57000,1464,55,3,55003,0.09126613054049
55005,8941.0,71.0,1071.0,16726.0,53618.0,0.1667537021149614,0.31194748032377184,"Barron County, Wisconsin",46683,59379,4654,55,5,55005,0.09969367864104706
55007,6107.0,27.0,246.0,4860.0,22480.0,0.27166370106761567,0.21619217081850534,"Bayfield County, Wisconsin",16214,67266,2627,55,7,55007,0.162020476131738
55009,67937.0,436.0,1828.0,79132.0,298666.0,0.22746814166995907,0.26495148426670595,"Brown County, Wisconsin",268393,74066,40059,55,9,55009,0.14925501037657465
55011,2765.0,17.0,105.0,5213.0,16200.0,0.170679012345679,0.32179012345679014,"Buffalo County, Wisconsin",13329,64238,1470,55,11,55011,0.11028584289894215
55013,3665.0,33.0,104.0,7008.0,21620.0,0.16951896392229418,0.32414431082331174,"Burnett County, Wisconsin",16561,60466,1936,55,13,55013,0.11690115331199807
55015,12927.0,93.0,408.0,19488.0,65832.0,0.19636347065257018,0.2960262486328837,"Calumet County, Wisconsin",52361,84151,8314,55,15,55015,0.1587822998032887
55017,14573.0,118.0,381.0,23399.0,76942.0,0.18940240700787606,0.3041121884016532,"Chippewa County, Wisconsin",66254,69815,8001,55,17,55017,0.12076251999879252
55019,4509.0,40.0,310.0,10481.0,30680.0,0.14696870925684485,0.3416232073011734,"Clark County, Wisconsin",34703,63187,2056,55,19,55019,0.059245598363253896
55021,16388.0,108.0,430.0,17988.0,69828.0,0.234690954917798,0.257604399381337,"Columbia County, Wisconsin",58272,79271,6969,55,21,55021,0.11959431630971994
55023,3860.0,17.0,115.0,5113.0,18210.0,0.21197144426139483,0.28077979132344866,"Crawford County, Wisconsin",16123,60823,1485,55,23,55023,0.09210444706320164
55025,273995.0,1209.0,5271.0,85454.0,731858.0,0.37438273544867995,0.11676308792142738,"Dane County, Wisconsin",559891,84297,120419,55,25,55025,0.21507579153799578
55027,16518.0,145.0,570.0,33067.0,100600.0,0.1641948310139165,0.3286978131212724,"Dodge County, Wisconsin",89032,71747,8945,55,27,55027,0.1004694941144757
55029,10565.0,51.0,229.0,10099.0,41888.0,0.2522202062643239,0.24109530175706645,"Door County, Wisconsin",30038,68257,5399,55,29,55029,0.17973899727012452
55031,13073.0,91.0,338.0,11732.0,50468.0,0.2590354283902671,0.23246413568994215,"Douglas County, Wisconsin",44092,64682,6063,55,31,55031,0.13750793794792707
55033,10643.0,83.0,226.0,14726.0,51356.0,0.20723966040968922,0.28674351585014407,"Dunn County, Wisconsin",45221,69721,5172,55,33,55033,0.11437164149399615
55035,34400.0,225.0,824.0,27728.0,126354.0,0.272250977412666,0.21944695063076752,"Eau Claire County, Wisconsin",105697,70127,15550,55,35,55035,0.1471186504820383
55037,783.0,5.0,14.0,2356.0,6316.0,0.12397086763774541,0.3730208993033566,"Florence County, Wisconsin",4574,58049,609,55,37,55037,0.13314385658067338
55039,20495.0,148.0,612.0,37272.0,117054.0,0.1750901293420131,0.3184171408068071,"Fond du Lac County, Wisconsin",104027,70368,10940,55,39,55039,0.10516500523902449
55041,1681.0,12.0,22.0,3382.0,10194.0,0.1649009221110457,0.33176378261722583,"Forest County, Wisconsin",9239,55552,850,55,41,55041,0.092001298841866
55043,10966.0,76.0,342.0,15922.0,54612.0,0.2007983593349447,0.2915476452061818,"Grant County, Wisconsin",51842,63497,4873,55,43,55043,0.09399714517186837
55045,10903.0,73.0,257.0,10843.0,44152.0,0.24694238086609893,0.24558343902880958,"Green County, Wisconsin",37066,76080,4624,55,45,55045,0.12475044515189122
55047,3449.0,38.0,107.0,7458.0,22104.0,0.1560351067680058,0.33740499457111833,"Green Lake County, Wisconsin",19093,66395,1965,55,47,55047,0.10291729953386057
55049,7750.0,49.0,247.0,6631.0,29354.0,0.26401853239762896,0.22589766301015193,"Iowa County, Wisconsin",23766,79226,3202,55,49,55049,0.13473028696457123
55051,1487.0,2.0,38.0,2557.0,8168.0,0.1820519098922625,0.313050930460333,"Iron County, Wisconsin",6136,55777,824,55,51,55051,0.13428943937418514
55053,4157.0,21.0,120.0,6204.0,21004.0,0.19791468291753953,0.2953723100361836,"Jackson County, Wisconsin",20958,64630,1585,55,53,55053,0.07562744536692433
55055,20574.0,186.0,615.0,28771.0,100292.0,0.20514098831412275,0.2868723327882583,"Jefferson County, Wisconsin",85932,77018,11621,55,55,55055,0.13523483684774007
55057,4854.0,29.0,145.0,9525.0,29106.0,0.16676973819830962,0.32725211296639867,"Juneau County, Wisconsin",26695,63455,2219,55,57,55057,0.08312418055815696
55059,41826.0,208.0,1168.0,47478.0,181360.0,0.2306241729157477,0.26178870754300837,"Kenosha County, Wisconsin",168693,76583,21475,55,59,55059,0.12730225913345544
55061,4059.0,35.0,123.0,8267.0,24968.0,0.162568087151554,0.331103812880487,"Kewaunee County, Wisconsin",20570,77610,2105,55,61,55061,0.10233349538162373
55063,39008.0,218.0,788.0,32247.0,144522.0,0.26991046345885056,0.2231286586125296,"La Crosse County, Wisconsin",120216,68731,17046,55,63,55063,0.1417947694150529
55065,3469.0,17.0,90.0,5256.0,17664.0,0.196388134057971,0.297554347826087,"Lafayette County, Wisconsin",16716,69293,1563,55,65,55065,0.0935032304379038
55067,3746.0,26.0,110.0,7782.0,23328.0,0.160579561042524,0.33359053497942387,"Langlade County, Wisconsin",19512,55091,1592,55,67,55067,0.08159081590815909
55069,6306.0,36.0,234.0,10633.0,34418.0,0.18321808356092742,0.30893718403161136,"Lincoln County, Wisconsin",28402,64314,2726,55,69,55069,0.0959791563974368
55071,17399.0,151.0,566.0,28200.0,92632.0,0.1878292598670006,0.3044304344071163,"Manitowoc County, Wisconsin",81242,66412,9562,55,71,55071,0.11769774254695847
55073,31529.0,266.0,818.0,46213.0,157652.0,0.1999911196813234,0.293132976429097,"Marathon County, Wisconsin",137820,73248,17895,55,73,55073,0.12984327383543753
55075,7415.0,60.0,270.0,16670.0,48830.0,0.1518533688306369,0.3413884906819578,"Marinette County, Wisconsin",41827,60347,3792,55,75,55075,0.09065914361536806
55077,3252.0,21.0,113.0,6041.0,18854.0,0.17248329266999046,0.32040946218309113,"Marquette County, Wisconsin",15619,59748,1232,55,77,55077,0.07887828926307702
55078,1266.0,1.0,9.0,296.0,3144.0,0.4026717557251908,0.09414758269720101,"Menominee County, Wisconsin",4279,62194,307,55,78,55078,0.07174573498480953
55079,316292.0,1146.0,8647.0,138022.0,928214.0,0.3407533176616599,0.1486963135656217,"Milwaukee County, Wisconsin",933063,59319,130326,55,79,55079,0.13967545599814804
55081,8476.0,59.0,271.0,14563.0,46738.0,0.1813513629166845,0.31158800119816854,"Monroe County, Wisconsin",46208,66451,4317,55,81,55081,0.09342538088642659
55083,6967.0,67.0,203.0,17675.0,49824.0,0.13983220937700708,0.35474871547848424,"Oconto County, Wisconsin",39048,73611,3830,55,83,55083,0.09808440893259578
55085,10080.0,79.0,281.0,14455.0,49790.0,0.20245029122313718,0.2903193412331794,"Oneida County, Wisconsin",37799,66111,4915,55,85,55085,0.13002989497076642
55087,49438.0,464.0,1203.0,60827.0,223864.0,0.22083943823035415,0.27171407640353074,"Outagamie County, Wisconsin",190611,78705,28991,55,87,55087,0.1520951046896559
55089,27874.0,225.0,869.0,34504.0,126944.0,0.21957713637509452,0.2718048903453491,"Ozaukee County, Wisconsin",91745,92258,19850,55,89,55089,0.21636056460842554
55091,1523.0,9.0,24.0,2798.0,8708.0,0.17489664676159852,0.3213137344970142,"Pepin County, Wisconsin",7363,70833,888,55,91,55091,0.12060301507537688
55093,10171.0,101.0,703.0,14417.0,50784.0,0.20027961562696914,0.2838886263390044,"Pierce County, Wisconsin",42187,82996,5592,55,93,55093,0.132552682105862
55095,9567.0,86.0,273.0,18296.0,56444.0,0.1694954290978669,0.32414428460066613,"Polk County, Wisconsin",45128,74142,5217,55,95,55095,0.11560450274773976
55097,21503.0,149.0,619.0,20987.0,86516.0,0.24854362198899627,0.24257940727726662,"Portage County, Wisconsin",70281,71301,10749,55,97,55097,0.1529431852136424
55099,3005.0,18.0,70.0,5763.0,17712.0,0.16965898825654924,0.32537262872628725,"Price County, Wisconsin",14066,55822,1205,55,99,55099,0.08566756718327882
55101,49721.0,285.0,1333.0,56347.0,215372.0,0.2308610218598518,0.2616263952602938,"Racine County, Wisconsin",197068,72658,25327,55,101,55101,0.12851908985730814
55103,3985.0,19.0,112.0,5207.0,18646.0,0.21371876005577603,0.27925560441917835,"Richland County, Wisconsin",17256,61985,1693,55,103,55103,0.09811080203987019
55105,46642.0,247.0,1203.0,40218.0,176620.0,0.2640810780206092,0.22770920620541274,"Rock County, Wisconsin",163817,70630,18465,55,105,55105,0.11271723935855253
55107,2516.0,15.0,79.0,5660.0,16540.0,0.1521160822249093,0.3422007255139057,"Rusk County, Wisconsin",14179,57473,1243,55,107,55107,0.08766485647788984
55109,23870.0,286.0,949.0,35537.0,121284.0,0.1968107912008179,0.29300649714719174,"St. Croix County, Wisconsin",93752,97950,16833,55,109,55109,0.1795481696390477
55111,18172.0,98.0,516.0,18798.0,75168.0,0.2417518092805449,0.25007982120051087,"Sauk County, Wisconsin",65664,72930,8152,55,111,55111,0.12414717348927876
55113,4599.0,23.0,96.0,6422.0,22280.0,0.20641831238779174,0.28824057450628365,"Sawyer County, Wisconsin",18057,57519,2348,55,113,55113,0.13003267430913218
55115,7336.0,53.0,261.0,15850.0,47000.0,0.15608510638297873,0.3372340425531915,"Shawano County, Wisconsin",40848,65493,3661,55,115,55115,0.08962495103799452
55117,27735.0,226.0,838.0,38763.0,135124.0,0.2052559130872384,0.2868698380746574,"Sheboygan County, Wisconsin",117741,68969,14669,55,117,55117,0.12458701726671254
55119,2823.0,34.0,120.0,8209.0,22372.0,0.12618451635973538,0.3669318791346326,"Taylor County, Wisconsin",19979,61360,1581,55,119,55119,0.07913308974423144
55121,6219.0,44.0,155.0,9661.0,32158.0,0.19338889234405124,0.3004229118726289,"Trempealeau County, Wisconsin",30679,68474,2838,55,121,55121,0.09250627465041233
55123,7514.0,44.0,244.0,8807.0,33218.0,0.2262026612077789,0.2651273405984707,"Vernon County, Wisconsin",30811,65177,3309,55,123,55123,0.10739670896757651
55125,6119.0,30.0,149.0,9837.0,32270.0,0.18961884102881935,0.30483421134180355,"Vilas County, Wisconsin",23146,63726,3433,55,125,55125,0.14831936403698262
55127,23161.0,185.0,648.0,36603.0,121194.0,0.1911068204696602,0.30201990197534534,"Walworth County, Wisconsin",105127,75172,14460,55,127,55127,0.1375479182322334
55129,3867.0,40.0,109.0,6962.0,21956.0,0.17612497722718162,0.3170887229003461,"Washburn County, Wisconsin",16685,58504,2045,55,129,55129,0.12256517830386575
55131,28504.0,300.0,999.0,61604.0,182814.0,0.1559180369118339,0.3369763803647423,"Washington County, Wisconsin",136842,91915,22631,55,131,55131,0.16538051183116295
55133,108478.0,1033.0,3508.0,162768.0,551574.0,0.19666989379484892,0.2950973033536751,"Waukesha County, Wisconsin",407290,101639,90538,55,133,55133,0.22229369736551352
55135,9947.0,92.0,271.0,20093.0,60806.0,0.16358583034568958,0.3304443640430221,"Waupaca County, Wisconsin",51822,69198,5234,55,135,55135,0.10099957546987766
55137,4571.0,41.0,126.0,9625.0,28726.0,0.15912413841119544,0.33506231288727983,"Waushara County, Wisconsin",24672,61033,2121,55,137,55137,0.08596789883268482
55139,44660.0,372.0,1160.0,49179.0,190742.0,0.23413826005808894,0.2578299483071374,"Winnebago County, Wisconsin",171197,70041,23496,55,139,55139,0.1372453956552977
55141,16599.0,129.0,491.0,24997.0,84432.0,0.19659607731665718,0.29606073526624976,"Wood County, Wisconsin",74138,63273,7590,55,141,55141,0.10237664895195446
56001,8371.0,338.0,238.0,8930.0,17993.0,0.4652364808536653,0.4963041182682154,"Albany County, Wyoming",37525,55887,6073,56,1,56001,0.1618387741505663
56003,742.0,82.0,44.0,4867.0,5788.0,0.12819626814098134,0.8408776779543884,"Big Horn County, Wyoming",11690,61262,1149,56,3,56003,0.09828913601368691
56005,2004.0,226.0,106.0,16006.0,18450.0,0.10861788617886178,0.8675338753387534,"Campbell County, Wyoming",46857,93315,4219,56,5,56005,0.0900399086582581
56007,1274.0,101.0,60.0,4952.0,6446.0,0.19764194849519082,0.7682283586720446,"Carbon County, Wyoming",14609,65196,1639,56,7,56007,0.11219111506605517
56009,845.0,77.0,61.0,5756.0,6780.0,0.12463126843657817,0.8489675516224189,"Converse County, Wyoming",13729,79235,1231,56,9,56009,0.08966421443659407
56011,443.0,63.0,33.0,3805.0,4368.0,0.10141941391941392,0.8711080586080586,"Crook County, Wyoming",7258,68876,1021,56,11,56011,0.1406723615321025
56013,5179.0,329.0,196.0,11552.0,17396.0,0.2977121177282134,0.6640607036100253,"Fremont County, Wyoming",39402,60030,3990,56,13,56013,0.10126389523374447
56015,1156.0,85.0,40.0,4893.0,6214.0,0.18603154168007724,0.7874155133569359,"Goshen County, Wyoming",12592,62356,1374,56,15,56015,0.1091168996188056
56017,488.0,34.0,16.0,2082.0,2643.0,0.1846386681800984,0.7877412031782066,"Hot Springs County, Wyoming",4616,64031,682,56,17,56017,0.1477469670710572
56019,847.0,68.0,47.0,3936.0,4955.0,0.17093844601412714,0.7943491422805247,"Johnson County, Wyoming",8536,60667,1222,56,19,56019,0.14315838800374883
56021,14153.0,683.0,463.0,28063.0,43607.0,0.3245579838099388,0.6435434677918683,"Laramie County, Wyoming",100316,76282,13178,56,21,56021,0.1313648869572152
56023,1623.0,151.0,109.0,8957.0,10940.0,0.1483546617915905,0.8187385740402193,"Lincoln County, Wyoming",19794,83033,2048,56,23,56023,0.10346569667576033
56025,8337.0,583.0,330.0,24671.0,34206.0,0.2437291703209963,0.7212477343156172,"Natrona County, Wyoming",79506,69104,8817,56,25,56025,0.11089729077050789
56027,112.0,10.0,4.0,1108.0,1244.0,0.09003215434083602,0.8906752411575563,"Niobrara County, Wyoming",2460,54375,334,56,27,56027,0.13577235772357724
56029,3259.0,232.0,168.0,13084.0,16876.0,0.19311448210476417,0.7753022043138185,"Park County, Wyoming",29878,66754,4669,56,29,56029,0.1562688265613495
56031,780.0,73.0,38.0,3874.0,4805.0,0.16233090530697192,0.8062434963579604,"Platte County, Wyoming",8618,64753,788,56,31,56031,0.0914365281967974
56033,3920.0,258.0,206.0,12041.0,16577.0,0.23647222054654038,0.7263678590818604,"Sheridan County, Wyoming",31176,68898,4174,56,33,56033,0.13388503977418528
56035,920.0,60.0,39.0,3905.0,4972.0,0.1850362027353178,0.7853982300884956,"Sublette County, Wyoming",8801,85960,1193,56,35,56035,0.13555277809339847
56037,3731.0,297.0,129.0,12541.0,16819.0,0.2218324513942565,0.7456448064688744,"Sweetwater County, Wyoming",42079,79375,3413,56,37,56037,0.08110934195204259
56039,8748.0,195.0,209.0,4134.0,13424.0,0.6516686531585221,0.3079558998808105,"Teton County, Wyoming",23346,108279,6945,56,39,56039,0.29748136725777435
56041,1561.0,141.0,105.0,7282.0,9170.0,0.17022900763358778,0.7941112322791712,"Uinta County, Wyoming",20546,78164,1796,56,41,56041,0.08741360848827022
56043,656.0,60.0,36.0,3125.0,3917.0,0.16747510850140412,0.797804442175134,"Washakie County, Wyoming",7725,61875,732,56,43,56043,0.09475728155339806
56045,378.0,47.0,18.0,3069.0,3533.0,0.10699122558731956,0.8686668553637136,"Weston County, Wyoming",6870,71800,626,56,45,56045,0.0911208151382824
