county_fips,dem_2020,dem_2024,swing
01001,0.27018365142239825,0.26303878929316504,-0.007144862129233209
01003,0.22409029987509005,0.20396076859524415,-0.020129531279845903
01005,0.45788172656398557,0.42191780821917807,-0.0359639183448075
01007,0.20698280354351226,0.17489467430052932,-0.03208812924298293
01009,0.09569377990430622,0.09146752831729574,-0.004226251587010482
01011,0.7470192933015392,0.7256142057893457,-0.0214050875121935
01013,0.4178962900505902,0.38337264150943395,-0.03452364854115625
01015,0.29845242531824334,0.27118574394179185,-0.027266681376451496
01017,0.41644857367181365,0.37943137943137945,-0.037017194240434204
01019,0.13202178684659785,0.11940642780255267,-0.012615359044045177
01021,0.1591403417918177,0.13651773516166574,-0.022622606630151976
01023,0.41894426580921756,0.3778545673076923,-0.041089698501525274
01025,0.4381423677198325,0.4120254223114233,-0.026116945408409198
01027,0.18282828282828284,0.14674153982562435,-0.03608674300265849
01029,0.09339975093399751,0.07907463076721997,-0.014325120166777533
01031,0.22787878787878788,0.20614722881849545,-0.02173155906029242
01033,0.2991823854263788,0.2627761413843888,-0.03640624404199
01035,0.46048750194069243,0.4263758056519584,-0.03411169628873406
01037,0.3277970432560686,0.28056188306757784,-0.04723516018849078
01039,0.15611015490533564,0.13536121673003804,-0.020748938175297604
01041,0.2569140093698051,0.2246376811594203,-0.032276328210384786
01043,0.10699863802537574,0.09361238585268623,-0.013386252172689503
01045,0.2619313000303982,0.2342860128533361,-0.027645287177062106
01047,0.6846171070309002,0.6583906863060397,-0.026226420724860477
01049,0.14583049461779535,0.12670262980445043,-0.019127864813344914
01051,0.2526687789422374,0.23481645204689602,-0.01785232689534136
01053,0.3091137649277184,0.26502640903924585,-0.04408735588847257
01055,0.2423524974857526,0.2173309924789215,-0.02502150500683112
01057,0.1591375770020534,0.13645596845501254,-0.02268160854704085
01059,0.16584512641119414,0.1296189137802761,-0.03622621263091805
01061,0.12714228776404943,0.11216837351826466,-0.014973914245784772
01063,0.8134031413612566,0.7756870512503095,-0.03771609011094712
01065,0.590253164556962,0.5295003422313483,-0.06075282232561363
01067,0.2802753280275328,0.24281115879828327,-0.03746416922924953
01069,0.27975223615532885,0.25596969491984034,-0.023782541235488508
01071,0.15726011169402607,0.1390728476821192,-0.018187264011906873
01073,0.5575851317178562,0.5427178745513953,-0.014867257166460868
01075,0.13596552203531212,0.1169811320754717,-0.01898438995984042
01077,0.26872505018155574,0.23663404908678415,-0.03209100109477159
01079,0.22219449815981535,0.18502667162883016,-0.03716782653098519
01081,0.38992848045459,0.3527835136133029,-0.0371449668412871
01083,0.27768863613283234,0.2734005850146254,-0.004288051118206959
01085,0.7274323335771763,0.6838196286472149,-0.04361270492996139
01087,0.8148572738736674,0.7766147561909624,-0.038242517682704924
01089,0.4481560017867503,0.4444152071937131,-0.003740794593037222
01091,0.50348623853211,0.47831026647386904,-0.025175972058241014
01093,0.10596074454986601,0.08838514361662851,-0.017575600933237498
01095,0.1498676081200353,0.13783260524225577,-0.012035002877779533
01097,0.43389530693804457,0.4113573565344477,-0.02253795040359685
01099,0.4176040494938133,0.38104941416199695,-0.036554635331816354
01101,0.6508941990538537,0.6452927682131006,-0.005601430840753152
01103,0.24634228062990954,0.23144015090674785,-0.014902129723161683
01105,0.7380497131931166,0.7108622620380739,-0.02718745115504273
01107,0.41601158460901944,0.38016157989228005,-0.03585000471673938
01109,0.40719601184885484,0.3706870460048426,-0.03650896584401225
01111,0.20328504198578942,0.17311333513659724,-0.03017170684919218
01113,0.5264194289465047,0.5030408340573415,-0.023378594889163273
01115,0.1742535046466101,0.1755272710563801,0.0012737664097700052
01117,0.28941278816876903,0.28847059233814015,-0.000942195830628878
01119,0.7388332538547131,0.7019031467872621,-0.036930107067451035
01121,0.3683930123657572,0.3277593984962406,-0.04063361386951664
01123,0.2791196226954409,0.24846426609399191,-0.03065535660144897
01125,0.41881071729583463,0.3917495542835695,-0.027061163012265133
01127,0.15508501764517163,0.13771570536493655,-0.017369312280235083
01129,0.254393871113114,0.22070844686648503,-0.03368542424662899
01131,0.6857530069456209,0.6553296598897967,-0.030423347055824168
01133,0.08631690889755406,0.07928962238765809,-0.007027286509895966
02001,0.4753896636587367,0.3922413793103448,-0.08314828434839189
02002,0.3428943937418514,0.47798807905468993,0.13509368531283855
02003,0.22695289206917113,0.5519042045556856,0.32495131248651443
02004,0.5085148891637332,0.6646170442286947,0.1561021550649615
02005,0.4857869193436561,0.41496259351620945,-0.07082432582744663
02006,0.34587737843551797,0.39775,0.051872621564482024
02007,0.23020162128455623,0.2615256530336143,0.03132403174905807
02008,0.19703389830508475,0.23840814437760297,0.04137424607251822
02009,0.2518875648139725,0.4941703278134505,0.24228276299947799
02010,0.2433734939759036,0.4644528129635969,0.2210793189876933
02011,0.29450508091832894,0.4708333333333333,0.17632825241500438
02012,0.2631251112297562,0.4896065766294774,0.2264814653997212
02013,0.3456502009594192,0.48594430513395803,0.14029410417453886
02014,0.37236738617495413,0.5852410449771075,0.21287365880215336
02015,0.4716675661090124,0.46960077477671364,-0.0020667913322987563
02016,0.5264843557526484,0.5526941772675561,0.026209821514907694
02017,0.5713496339273381,0.6465405545478103,0.07519092062047228
02018,0.6063471502590674,0.4003322259136213,-0.2060149243454461
02019,0.5881909073759668,0.5621890547263682,-0.026001852649598645
02020,0.6510604241696679,0.5399752304940141,-0.11108519367565384
02021,0.5741860218474918,0.5209554351432046,-0.05323058670428715
02022,0.4782563025210084,0.48691195313930075,0.008655650618292321
02023,0.4923116681741827,0.385212915301825,-0.1070987528723577
02024,0.45416187188339086,0.31962838505633523,-0.13453348682705563
02025,0.4932975871313673,0.30325047801147226,-0.19004710911989503
02026,0.45079616259519334,0.21306096528365792,-0.23773519731153542
02027,0.5095729013254786,0.20395033860045148,-0.30562256272502714
02028,0.4913326535414542,0.23849552753529474,-0.2528371260061595
02029,0.27775193077137805,0.2579047619047619,-0.01984716886661614
02030,0.2592374213836478,0.2620803415486125,0.0028429201649646796
02031,0.40588235294117647,0.46265886048836213,0.05677650754718566
02032,0.4206358728254349,0.3211118690313779,-0.09952400379405701
02033,0.687813783660429,0.22756518794446326,-0.46024859571596577
02034,0.5371423245409638,0.37544946064722334,-0.16169286389374043
02035,0.49604038804197187,0.5019523222359227,0.0059119341939508074
02036,0.40852346104175635,0.36861846217962074,-0.03990499886213561
02037,0.4978607545702061,0.44160919540229887,-0.05625155916790725
02038,0.6042649556520098,0.5077616424636956,-0.09650331318831418
02039,0.6077066711933458,0.5183071802187351,-0.08939949097461064
02040,0.5035846187269172,0.41360461585180686,-0.08998000287511032
02099,0.8614318706697459,0.8379052369077307,-0.023526633762015248
04001,0.6622597520755146,0.5773902401713324,-0.08486951190418213
04003,0.3926408788590715,0.37471639132115425,-0.017924487537917255
04005,0.6100283873785348,0.5875966215192141,-0.022431765859320718
04007,0.3232954956257682,0.30394224239608275,-0.019353253229685452
04009,0.2690230076692231,0.2536672149306838,-0.01535579273853932
04011,0.32075983717774764,0.28554325052379526,-0.035216586653952386
04012,0.2998122821131671,0.27285714285714285,-0.02695513925602422
04013,0.5032405867289705,0.47537270066463777,-0.02786788606433277
04015,0.2372358313906829,0.2162543217637286,-0.020981509626954303
04017,0.45169702706357334,0.4049758524806088,-0.04672117458296454
04019,0.5860544930120658,0.5620612049961851,-0.023993288015880743
04021,0.4060354428189908,0.38118102979749047,-0.02485441302150032
04023,0.6718142769482511,0.579833230389129,-0.09198104655912209
04025,0.3463318926693711,0.32292426190823403,-0.023407630761137055
04027,0.4609264320773887,0.3892468437091859,-0.07167958836820282
05001,0.28893833439287986,0.2709572742022715,-0.017981060190608356
05003,0.2681049709815796,0.2523470839260313,-0.015757887055548314
05005,0.22064073880135193,0.20716808246635487,-0.013472656334997057
05007,0.3523333778103943,0.3517321824332206,-0.0006011953771737355
05009,0.17903470842585018,0.16678354371201495,-0.012251164713835222
05011,0.3322386425834702,0.2994702399501402,-0.032768402633329974
05013,0.21952337305224565,0.18116634799235182,-0.03835702505989383
05015,0.3410189031109604,0.3303865487952851,-0.010632354315675274
05017,0.5508164757494516,0.5146131805157593,-0.036203295233692256
05019,0.4095294818344253,0.38644377693613685,-0.02308570489828843
05021,0.1856067914335327,0.18260519428226293,-0.0030015971512697692
05023,0.15678233438485806,0.1523667477824005,-0.004415586602457555
05025,0.18083333333333335,0.15530527563722585,-0.025528057696107498
05027,0.3266016713091922,0.3105793450881612,-0.016022326221031002
05029,0.30109383995394357,0.2867345744058073,-0.014359265548136269
05031,0.30954792137311415,0.3010042425218839,-0.008543678851230252
05033,0.20584450624714623,0.199420995216917,-0.006423511030229229
05035,0.5201930714242072,0.5014644778966011,-0.01872859352760614
05037,0.25525785076346874,0.251300887664524,-0.003956963098944721
05039,0.3635334088335221,0.3433734939759036,-0.020159914857618477
05041,0.484149855907781,0.4673323823109843,-0.016817473596796695
05043,0.3511870295309786,0.3220738413197172,-0.029113188211261354
05045,0.3370875284779893,0.3259340861103461,-0.011153442367643207
05047,0.18235376630663488,0.1767321761583704,-0.005621590148264494
05049,0.20218792732955657,0.17965496728138014,-0.022532960048176426
05051,0.3177673703024955,0.3074869468660666,-0.010280423436428932
05053,0.1546341463414634,0.14756127754394652,-0.007072868797516896
05055,0.18993788819875776,0.18552465233881163,-0.00441323585994613
05057,0.31220794392523366,0.2916735096074889,-0.020534434317744765
05059,0.2454407899976109,0.22942277945127412,-0.01601801054633678
05061,0.2772031443938767,0.25888665325285043,-0.018316491141026292
05063,0.1933572216097023,0.19192063378773822,-0.001436587821964097
05065,0.1757314974182444,0.16016877637130802,-0.015562721046936373
05067,0.26812021213906895,0.24774869109947645,-0.0203715210395925
05069,0.5954765879640671,0.5924657534246576,-0.003010834539409535
05071,0.24036639292482628,0.2325863781874379,-0.007780014737388374
05073,0.3131765584173199,0.3002150537634409,-0.012961504653879019
05075,0.18439474133515452,0.16953619114546734,-0.01485855018968718
05077,0.4996488764044944,0.503968253968254,0.004319377563759552
05079,0.2663225806451613,0.2411032028469751,-0.0252193777981862
05081,0.2368166892022407,0.2212696468667075,-0.015547042335533195
05083,0.18772036474164133,0.17842778793418648,-0.00929257680745485
05085,0.21805492140108276,0.2217504898758981,0.003695568474815336
05087,0.21262413277105155,0.1987734968670844,-0.013850635903967151
05089,0.20405171264827401,0.19118583619921029,-0.012865876449063729
05091,0.25682134430395065,0.23849901917357463,-0.018322325130376016
05093,0.3693080538000324,0.3334888494914622,-0.03581920430857022
05095,0.4073153409090909,0.4118372379778052,0.004521897068714309
05097,0.1887425768138394,0.17399514432155383,-0.014747432492285578
05099,0.32042882668254913,0.29205366357069146,-0.02837516311185767
05101,0.17733866933466733,0.17082228116710876,-0.006516388167558562
05103,0.41489251220272094,0.39554834222119173,-0.019344169981529213
05105,0.21871623081910524,0.2013525305410122,-0.01736370027809303
05107,0.5804229413649471,0.5577156743620899,-0.02270726700285719
05109,0.15167216203485634,0.12849931161083067,-0.02317285042402567
05111,0.18933652439835127,0.17445966944483685,-0.014876854953514429
05113,0.14676089517078916,0.1381515444015444,-0.008609350769244767
05115,0.2362475442043222,0.22681989169525857,-0.009427652509063633
05117,0.1871244635193133,0.16375,-0.0233744635193133
05119,0.5998434889030102,0.5979444401133027,-0.0018990487897074804
05121,0.1783617146212566,0.17148884870403858,-0.0068728659172180295
05123,0.5070343275182893,0.49389530021742767,-0.013139027300861583
05125,0.28195719728225566,0.2883056466871496,0.00634844940489393
05127,0.13601802309208674,0.12559101654846336,-0.010427006543623385
05129,0.14630505100771335,0.1320754716981132,-0.014229579309600143
05131,0.3073186253712346,0.3003608202059315,-0.006957805165303088
05133,0.21453287197231835,0.1828595672464998,-0.03167330472581856
05135,0.18477398889770025,0.17695307247546055,-0.007820916422239699
05137,0.19872010778039745,0.18059701492537314,-0.01812309285502431
05139,0.33624375263443124,0.3248964267219058,-0.011347325912525463
05141,0.20404764954527987,0.18855793202991733,-0.015489717515362544
05143,0.46489720577939025,0.45059593651577845,-0.014301269263611804
05145,0.19355674275538287,0.1829295975613711,-0.010627145194011783
05147,0.345718901453958,0.32786885245901637,-0.017850048994941636
05149,0.19047619047619047,0.18727806083063148,-0.003198129645558989
06001,0.8020816289428234,0.7457020153543701,-0.05637961358845334
06003,0.6423751686909581,0.6490514905149052,0.006676321823947062
06005,0.36553981348637016,0.3474088291746641,-0.018130984311706067
06007,0.4940528677522387,0.46774398240196285,-0.026308885350275868
06009,0.36982771314975704,0.34671450151057404,-0.023113211639183007
06011,0.4068584348699912,0.34624697336561744,-0.06061146150437374
06013,0.7162816781234302,0.6731051381725228,-0.04317653995090742
06015,0.40836462062341744,0.40382430897387356,-0.004540311649543882
06017,0.44439948691018344,0.42633836804003933,-0.01806111887014411
06019,0.528955899560722,0.46512512500230063,-0.06383077455842134
06021,0.35363370806408784,0.31220072782991765,-0.04143298023417019
06023,0.6502912423921096,0.6196674347636545,-0.03062380762845507
06025,0.6111414623830252,0.4827950023137436,-0.12834646006928163
06027,0.4886123998312948,0.4693330354150374,-0.019279364416257383
06029,0.43684734614729503,0.38214484935356546,-0.05470249679372957
06031,0.42632406921866806,0.37394279655911905,-0.052381272659549005
06033,0.5185686519505761,0.47811951119249596,-0.04044914075808015
06035,0.23350296154167013,0.21792278603464954,-0.015580175507020594
06037,0.7102780836068208,0.648291893605534,-0.0619861900012868
06039,0.43117695228169434,0.3840985647334505,-0.04707838754824384
06041,0.8232561124302125,0.8059786417602853,-0.01727747066992713
06043,0.3976653696498054,0.3809023030812914,-0.016763066568514007
06045,0.6640978311029072,0.6132445940432476,-0.050853237059659606
06047,0.5410142014709455,0.465205111584406,-0.0758090898865395
06049,0.2647939212525904,0.250996015936255,-0.013797905316335402
06051,0.5955773226476699,0.5808047493403694,-0.01477257330730053
06053,0.6951617527741684,0.6342780026990553,-0.06088375007511304
06055,0.6904643104643104,0.659232024897405,-0.031232285566905493
06057,0.5615289575289575,0.543745573939355,-0.01778338358960252
06059,0.534788810029216,0.497302951548026,-0.03748585848118996
06061,0.4545992070919331,0.44273430745840237,-0.011864899633530712
06063,0.4050621669626998,0.3993245256779577,-0.005737641284742134
06065,0.5298468845396307,0.4804121628447318,-0.049434721694898875
06067,0.6135627192249875,0.5810979157084855,-0.03246480351650205
06069,0.6114464099895942,0.5489891135303266,-0.062457296459267564
06071,0.541960220179996,0.47539365168554076,-0.06656656849445525
06073,0.6020998125635477,0.5693463058927342,-0.03275350667081356
06075,0.8525610242744385,0.8033447156569817,-0.04921630861745674
06077,0.5585492838622909,0.4803220680317517,-0.07822721583053915
06079,0.5529258549657513,0.5393391082870144,-0.013586746678736938
06081,0.778878346350444,0.7350972739100179,-0.04378107244042606
06083,0.6487154273506407,0.6179736350594158,-0.030741792291224868
06085,0.726386761658366,0.680599067471713,-0.04578769418665307
06087,0.7887901572112098,0.7529578409811011,-0.03583231623010874
06089,0.3228236306897665,0.3051743532058493,-0.017649277483917203
06091,0.3780424650440186,0.3654503990877993,-0.012592065956219312
06093,0.40869972733469667,0.38759365256642936,-0.021106074768267313
06095,0.6394060531288099,0.600508865640507,-0.03889718748830295
06097,0.7451559163228569,0.7143254874197577,-0.030830428903099283
06099,0.49238906928924325,0.43219798249878466,-0.06019108679045859
06101,0.4072554169402495,0.33089282082570676,-0.07636259611454277
06103,0.3101527966308169,0.2794738429066787,-0.030678953724138203
06105,0.4555040741332481,0.43383525243578386,-0.021668821697464258
06107,0.45004595431800387,0.38490355895307043,-0.06514239536493344
06109,0.39390949750065773,0.37865324540090245,-0.015256252099755285
06111,0.5945438420150181,0.5609566686876766,-0.03358717332734151
06113,0.6947807675704566,0.6631997321496074,-0.031581035420849224
06115,0.376896227681568,0.3566677751912205,-0.020228452490347493
08001,0.5668750528005406,0.5316624952857681,-0.03521255751477248
08003,0.48142930327868855,0.43144035111052004,-0.04998895216816851
08005,0.60998677834161,0.5860329204703627,-0.023953857871247264
08007,0.40879265091863515,0.41731694281133086,0.008524291892695712
08009,0.14247191011235955,0.1372255489021956,-0.005246361210163947
08011,0.32189973614775724,0.29465509365006853,-0.02724464249768871
08013,0.7718607934559534,0.7654804996176395,-0.006380293838313844
08014,0.6235417738891749,0.6285323707200376,0.004990596830862781
08015,0.5219419740486951,0.5543840177580466,0.03244204370935144
08017,0.1153169014084507,0.1023696682464455,-0.012947233162005203
08019,0.550397067806964,0.5677757744632027,0.01737870665623875
08021,0.45211170090006925,0.39644249512670565,-0.055669205773363595
08023,0.6260744985673352,0.5552884615384616,-0.07078603702887365
08025,0.24971428571428572,0.2473622508792497,-0.0023520348350360154
08027,0.30591471801925724,0.30721489526764933,0.0013001772483920981
08029,0.3039235931853381,0.3096118299445471,0.005688236759208987
08031,0.7955051557909651,0.7674261036256872,-0.02807905216527795
08033,0.23533471359558317,0.22903453136011276,-0.0063001822354704085
08035,0.4518598475853285,0.45294103167896027,0.0010811840936317818
08037,0.6378860672614962,0.6095042808835168,-0.02838178637797939
08039,0.23652741926987306,0.23353088112847137,-0.002996538141401689
08041,0.4274530092305418,0.4374771869657811,0.010024177735239281
08043,0.2883358766678405,0.2955196921506263,0.007183815482785794
08045,0.4991910432306498,0.4980903463716581,-0.0011006968589916677
08047,0.531055900621118,0.5458948898038266,0.01483898918270865
08049,0.47720364741641336,0.4799150055651118,0.0027113581486984395
08051,0.6373547810545129,0.629582228722918,-0.007772552331594906
08053,0.40348101265822783,0.4240924092409241,0.020611396582696284
08055,0.4711756695415343,0.4427670121676431,-0.0284086573738912
08057,0.1997716894977169,0.20743405275779375,0.007662363260076854
08059,0.5787501523751981,0.5833268788173851,0.004576726442186985
08061,0.10852713178294573,0.11819235225955968,0.009665220476613945
08063,0.17101524153965383,0.1503515413737155,-0.020663700165938326
08065,0.5814188336278717,0.5622602914855536,-0.019158542142318158
08067,0.5761067653573331,0.579496090356212,0.0033893249988788954
08069,0.5621874136347832,0.5737752902670723,0.011587876632289107
08071,0.4392664238161035,0.4204312114989733,-0.0188352123171302
08073,0.17729158807996984,0.16802800466744458,-0.009263583412525256
08075,0.21059627800987465,0.20645542216099194,-0.004140855848882713
08077,0.347991128080068,0.3665174672489083,0.018526339168840333
08079,0.4193121693121693,0.4209827357237716,0.0016705664116022922
08081,0.17122117847993168,0.17493629141058312,0.0037151129306514374
08083,0.37651612903225806,0.3827299154334038,0.006213786401145727
08085,0.3084423401011155,0.32611156653784595,0.017669226436730467
08087,0.2820139697322468,0.24453856442264824,-0.03747540530959856
08089,0.37646198830409355,0.3545098039215686,-0.021952184382524942
08091,0.5883084577114428,0.595900439238653,0.00759198152721019
08093,0.39890977137743067,0.4019428761208901,0.003033104743459414
08095,0.19557344064386317,0.1750212404418012,-0.02055220020206197
08097,0.7517772016392071,0.7103071550102982,-0.04147004662890896
08099,0.2621830606006114,0.2385303265940902,-0.02365273400652121
08101,0.495713525328139,0.46210064977028914,-0.033612875557849864
08103,0.1519913302628014,0.17262872628726286,0.020637396024461463
08105,0.3957176843774782,0.37229577010009685,-0.023421914277381328
08107,0.62704432329936,0.6249158249158249,-0.0021284983835351268
08109,0.5559161994688698,0.5011764705882353,-0.0547397288806345
08111,0.608540925266904,0.6394557823129252,0.03091485704602126
08113,0.7623858558383524,0.7345961698584513,-0.027789685979901058
08115,0.20816044260027664,0.20839469808541974,0.0002342554851431089
08117,0.6835326586936522,0.670505073537795,-0.013027585155857224
08119,0.3115886415963162,0.3102413328433174,-0.0013473087529988215
08121,0.12267287234042554,0.1172487526728439,-0.005424119667581634
08123,0.3956304574364871,0.38226561544363763,-0.013364841992849485
08125,0.15759887572776551,0.16255629423118165,0.004957418503416133
09001,0.6297788296259917,0.5903542536750807,-0.03942457595091109
09003,0.6306372069008492,0.604125080067548,-0.026512126833301286
09005,0.4664509410101912,0.45239645556719416,-0.014054485442997033
09007,0.5730760700820581,0.5555122591494991,-0.017563810932558988
09009,0.5804781534177227,0.5502214896466467,-0.030256663771075942
09011,0.5691742356952523,0.5541090909090909,-0.015065144786161389
09013,0.5470054761255793,0.5312929342492639,-0.015712541876315322
09015,0.46785326372586805,0.44075096243429956,-0.027102301291568487
10001,0.5119448434357943,0.5017188368636616,-0.010226006572132684
10003,0.6780654514607156,0.6549070916253801,-0.02315835983533554
10005,0.43819964128888617,0.4391522565175868,0.0009526152287006595
11001,0.9214969392140692,0.8957748451649442,-0.025722094049124955
12001,0.629042663599899,0.5974309400357384,-0.03161172356416064
12003,0.14488939469379045,0.132336248915003,-0.012553145778787439
12005,0.2753482972136223,0.2577395502009675,-0.017608747012654802
12007,0.2318075117370892,0.21145564168819983,-0.02035187004888936
12009,0.4117622600924704,0.39074115573704726,-0.021021104355423148
12011,0.646100126139221,0.5801090631749984,-0.06599106296422252
12013,0.1852589641434263,0.1588363410080896,-0.026422623135336692
12015,0.36335740072202166,0.3270642646916136,-0.03629313603040807
12017,0.29066174577289505,0.26747559473518123,-0.02318615103771382
12019,0.3080020899481532,0.2990750013800065,-0.008927088568146724
12021,0.37350470122895996,0.33146924250127097,-0.04203545872768899
12023,0.2697778584831427,0.2455941890926411,-0.024183669390501566
12027,0.33644047713089503,0.2822709801409353,-0.05416949698995971
12029,0.16713603526386678,0.14518900343642613,-0.02194703182744065
12031,0.5124710847774036,0.486683132392071,-0.025787952385332547
12033,0.4163184091282605,0.3969217535559583,-0.01939665557230219
12035,0.3926738803056501,0.3555297118847539,-0.037144168420896184
12037,0.3095342385749745,0.2767090855282628,-0.032825153046711686
12039,0.6797828465617373,0.6494878361075545,-0.030295010454182814
12041,0.17552916881775943,0.15553060078607525,-0.019998568031684177
12043,0.2667051800500674,0.2314832354612616,-0.03522194458880579
12045,0.24317040303809873,0.22651489019202023,-0.016655512846078496
12047,0.3367066895368782,0.301238444095587,-0.035468245441291235
12049,0.27083087802003536,0.2150313152400835,-0.05579956277995185
12051,0.3809119010819165,0.3043090638930163,-0.07660283718890021
12053,0.3444575016984631,0.3110550993305689,-0.03340240236789421
12055,0.3246693502012651,0.29336287448222714,-0.03130647571903794
12057,0.5285585685536252,0.478360637685214,-0.05019793086841118
12059,0.10189677988531098,0.096752961825362,-0.005143818059948985
12061,0.3882072955561938,0.36007958229394954,-0.02812771326224428
12063,0.3017975824077791,0.2666304642954114,-0.03516711811236772
12065,0.46112886048988283,0.4033168666196189,-0.05781199387026392
12067,0.1394204483324221,0.11741214057507987,-0.02200830775734222
12069,0.3951702206195519,0.37279750251336047,-0.022372718106191458
12071,0.40034374293917985,0.35472267229168575,-0.0456210706474941
12073,0.6353503673379202,0.6027984336934478,-0.0325519336444724
12075,0.26809246057463815,0.245877430470096,-0.02221503010454215
12077,0.19488907610221848,0.16217765042979942,-0.03271142567241905
12079,0.39946695095948825,0.35288335517693314,-0.04658359578255511
12081,0.41559195789046727,0.3787206152232806,-0.03687134266718667
12083,0.36627588366540104,0.3383184030340112,-0.027957480631389864
12085,0.3736908210603083,0.34122147500788474,-0.032469346052423576
12086,0.5341074120689894,0.43903921470060003,-0.09506819736838934
12087,0.4555789210685211,0.4045524273596824,-0.051026493708838716
12089,0.2646443692506504,0.26122666666666666,-0.003417702583983717
12091,0.29429506844371117,0.2822521032067303,-0.012042965236980896
12093,0.2751661025448163,0.22860879312492216,-0.046557309419894166
12095,0.6101516366158328,0.5612772748308216,-0.048874361785011255
12097,0.5642499246097102,0.4873538604005093,-0.07689606420920092
12099,0.5607805907718733,0.4995407055567252,-0.06123988521514806
12101,0.39432062787694144,0.3687933909209944,-0.025527236955947052
12103,0.49569870380461484,0.46889226687089275,-0.02680643693372209
12105,0.42256799589810523,0.39228099538304134,-0.03028700051506389
12107,0.2894179748714706,0.25788486987207765,-0.031533104999392936
12109,0.3615064940947334,0.3386154960320475,-0.022890998062685908
12111,0.48868843984689464,0.45112379882353576,-0.03756464102335888
12113,0.258229836899596,0.2404714253947076,-0.01775841150488841
12115,0.4439064954264067,0.40547602081578893,-0.03843047461061777
12117,0.5081302839177194,0.4757751441509969,-0.032355139766722496
12119,0.3172514461804617,0.30936721853675225,-0.00788422764370944
12121,0.21299330388944293,0.19263624320497008,-0.02035706068447285
12123,0.2270168855534709,0.19915974792437732,-0.027857137629093587
12125,0.16861489191353082,0.15583373455304125,-0.01278115736048957
12127,0.4247183994223244,0.38690104284085564,-0.037817356581468786
12129,0.2907520104325147,0.2740229653505238,-0.016729045081990912
12131,0.23650797282148658,0.20739501219733472,-0.029112960624151862
12133,0.19039506773748682,0.17005721551176098,-0.020337852225725844
13001,0.21328377892339048,0.18718502519798416,-0.02609875372540632
13003,0.26148969889064977,0.2289826627412496,-0.032507036149400176
13005,0.13389031705227078,0.1332920024798512,-0.0005983145724195726
13007,0.4192926045016077,0.3997289972899729,-0.019563607211634804
13009,0.500794477014958,0.4865338645418327,-0.014260612473125378
13011,0.1058970571525963,0.1079950565643122,0.0020979994117159007
13013,0.2756520133962712,0.2947375608867847,0.0190855474905135
13015,0.23960211623437097,0.24227153457174136,0.0026694183373703884
13017,0.3646341463414634,0.33825565297646515,-0.026378493364998257
13019,0.16388996512979465,0.14985126425384235,-0.014038700875952298
13021,0.6139374593938024,0.6095893381130657,-0.004348121280736694
13023,0.22975814931650893,0.221542025148908,-0.008216124167600924
13025,0.09024012393493416,0.08658823529411765,-0.003651888640816517
13027,0.3929577464788732,0.36463245492371704,-0.028325291555156173
13029,0.31579194001874417,0.31556529146890594,-0.00022664854983822647
13031,0.37372024996675973,0.3525737207949291,-0.02114652917183063
13033,0.48755147884687383,0.45112917795844626,-0.03642230088842757
13035,0.27814119446096336,0.2722175282279745,-0.0059236662329888445
13037,0.5742935278030994,0.5607976653696498,-0.01349586243344958
13039,0.3363306315433975,0.31845565111961505,-0.01787498042378244
13043,0.2863913337846987,0.2618213660245184,-0.024569967760180333
13045,0.29808716084737674,0.291499983469435,-0.006587177377941733
13047,0.21268370509005002,0.21987556367372568,0.007191858583675659
13049,0.24156811213315812,0.2175885911840968,-0.023979520949061334
13051,0.5865237595562884,0.5864827899000064,-4.096965628208604e-05
13053,0.4216182048040455,0.4149940968122786,-0.006624107991766881
13055,0.18447761194029852,0.1770969549785167,-0.007380656961781806
13057,0.2954774563281088,0.3009471225836666,0.005469666255557837
13059,0.7022383262228975,0.6863123262805605,-0.01592599994233701
13061,0.5509065550906556,0.5346740638002774,-0.01623249129037818
13063,0.8498540197963398,0.8431383078699353,-0.006715711926404522
13065,0.2608240223463687,0.24140302613480055,-0.019420996211568148
13067,0.563424136372179,0.5690623839907916,0.005638247618612535
13069,0.29650322071776,0.27330575882914415,-0.023197461888615822
13071,0.2603370018031462,0.24766720847631088,-0.012669793326835294
13073,0.3628240608595292,0.3680633147113594,0.005239253851830217
13075,0.29267945984363897,0.265869240179421,-0.026810219664217982
13077,0.315238479667704,0.32719167559011125,0.011953195922407234
13079,0.2646673221894461,0.24952681388012618,-0.015140508309319928
13081,0.3714392337355392,0.36877772301626416,-0.002661510719275062
13083,0.16962604250739843,0.16378048780487806,-0.005845554702520378
13085,0.15459237609601392,0.1712591380808752,0.016666761984861278
13087,0.4111120667412058,0.3785609143648801,-0.03255115237632572
13089,0.8312396845772969,0.818643308342987,-0.01259637623430987
13091,0.2690210656753408,0.24922155688622755,-0.01979950878911324
13093,0.46552984165651645,0.45989944936557337,-0.005630392290943087
13095,0.6960154059641471,0.7040177252584934,0.00800231929434625
13097,0.6195493292038728,0.6538369084147566,0.03428757921088377
13099,0.46982841719683827,0.4423037507686001,-0.027524666428238143
13101,0.11589174184594032,0.08831710709318498,-0.027574634752755345
13103,0.244535951853025,0.2522900342125593,0.007754082359534287
13105,0.31392432668193215,0.2815726353112942,-0.03235169137063798
13107,0.3035469950531523,0.2778875142946252,-0.025659480758527087
13109,0.3117494702142689,0.28605089538171535,-0.025698574832553556
13111,0.17313131313131314,0.17439115308151093,0.0012598399501977942
13113,0.4592807634075535,0.4799753460265566,0.020694582619003088
13115,0.28832116788321166,0.28749608833653717,-0.0008250795466744898
13117,0.3263833571787634,0.32918140456712164,0.00279804738835826
13119,0.14797956339990712,0.135667215815486,-0.012312347584421124
13121,0.726460424771137,0.7188428325343118,-0.0076175922368252325
13123,0.17742813918305597,0.18467615388777664,0.007248014704720668
13125,0.09897828863346105,0.07964071856287425,-0.0193375700705868
13127,0.3782155106707317,0.3676443796684278,-0.010571131002303946
13129,0.18241584487995674,0.18046801419981162,-0.0019478306801451184
13131,0.33800317549266834,0.3069602537786901,-0.031042921713978266
13133,0.3634747043656086,0.35304239011418737,-0.010432314251421215
13135,0.5843137254901961,0.5764629255896986,-0.00785079990049753
13137,0.17438332028191073,0.1733676975945017,-0.0010156226874090124
13139,0.27651536073705024,0.2779853490629873,0.0014699883259370328
13141,0.7166866746698679,0.6754716981132075,-0.0412149765566604
13143,0.1257720381807973,0.12619164018577364,0.0004196020049763438
13145,0.27297283777699966,0.2673466648771977,-0.00562617289980194
13147,0.2480553154710458,0.22398995185262718,-0.024065363618418628
13149,0.15284733815618623,0.13832528180354267,-0.014522056352643559
13151,0.596992064655945,0.645202039772463,0.04820997511651803
13153,0.43077663285353435,0.4405010182299973,0.009724385376462974
13155,0.2418426103646833,0.22708429295255642,-0.014758317412126881
13157,0.20286700292009557,0.2216624685138539,0.01879546559375833
13159,0.23037676609105182,0.20629524018425094,-0.024081525906800877
13161,0.17813203950788425,0.15735694822888283,-0.02077509127900143
13163,0.5314053912588328,0.49229532359640893,-0.039110067662423864
13165,0.36642547033285094,0.3458492226459372,-0.02057624768691374
13167,0.29804878048780487,0.267570281124498,-0.030478499363306877
13169,0.32660697581184017,0.308165548098434,-0.018441427713406178
13171,0.28930191392853194,0.2684402612370342,-0.020861652691497756
13173,0.2849552572706935,0.26632762312633834,-0.018627634144355143
13175,0.3551850059395486,0.33487495717711546,-0.02031004876243314
13177,0.27270551633361256,0.28032573658315896,0.007620220249546394
13179,0.6124175978306606,0.5844623936077818,-0.027955204222878782
13181,0.3086021505376344,0.2739809369296289,-0.03462121360800552
13183,0.35944130127298446,0.35090702947845803,-0.008534271794526427
13185,0.43397691726890303,0.4077204728528089,-0.02625644441609415
13187,0.2012748696156075,0.18845462713387243,-0.012820242481735078
13189,0.39866092778574846,0.37363575970390056,-0.025025168081847904
13191,0.3900836320191159,0.3547516198704104,-0.035332012148705516
13193,0.6128271128271128,0.5879214682031584,-0.024905644623954393
13195,0.22835910825466962,0.2235658545302913,-0.004793253724378332
13197,0.3617549668874172,0.3460370063518365,-0.01571796053558072
13199,0.3941344120621495,0.37097047845266373,-0.023163933609485765
13201,0.2641975308641975,0.2459618208516887,-0.018235710012508816
13205,0.4457212986723195,0.4169201306747775,-0.02880116799754201
13207,0.28116983068240126,0.2648553999096249,-0.016314430772776334
13209,0.24684820978315683,0.23332494336773218,-0.013523266415424645
13211,0.28658067822670197,0.2680373264547455,-0.018543351771956484
13213,0.14958736760023394,0.14077169681703686,-0.008815670783197088
13215,0.6149386042238307,0.6138947211489483,-0.0010438830748824568
13217,0.5493095374177253,0.5730470271460263,0.02373748972830103
13219,0.3243006993006993,0.3159013449628028,-0.008399354337896514
13221,0.29959414586151767,0.2850827476762639,-0.014511398185253765
13223,0.34788311764361424,0.3760872305559057,0.028204112912291468
13225,0.4719011558389797,0.46774193548387094,-0.004159220355108739
13227,0.16405702266884786,0.1683958881185752,0.004338865449727336
13229,0.12157382847038019,0.11156643786497285,-0.01000739060540734
13231,0.14039179104477612,0.13132520519563312,-0.009066585849142994
13233,0.21024196792919134,0.19555578738719942,-0.014686180541991917
13235,0.29982754372998277,0.29543357933579334,-0.004393964394189431
13237,0.2908477435681147,0.2870233750097072,-0.0038243685584075093
13239,0.44936708860759494,0.42105263157894735,-0.0283144570286476
13241,0.20735785953177258,0.2131823851098532,0.005824525578080636
13243,0.5435914118412492,0.5354515050167225,-0.0081399068245267
13245,0.6794612485060219,0.677893704084807,-0.0015675444212148726
13247,0.6991899028778589,0.7343888396811338,0.035198936803274905
13249,0.20307692307692307,0.18657331136738056,-0.01650361170954251
13251,0.40147857573928786,0.3729768786127168,-0.02850169712657108
13253,0.32286302780638515,0.29722984776640876,-0.02563318003997639
13255,0.39128702350909816,0.4140383800472184,0.022751356538120215
13257,0.20067311737484222,0.18352545995877548,-0.017147657416066747
13259,0.5939698492462312,0.5803747534516766,-0.013595095794554646
13261,0.52,0.5092538799900407,-0.010746120009959337
13263,0.6002271436683703,0.5587451908848772,-0.04148195278349309
13265,0.6045258620689655,0.5735294117647058,-0.03099645030425968
13267,0.25186361969937676,0.23108552631578946,-0.0207780933835873
13269,0.361292003125814,0.34304369663485684,-0.018248306490957156
13271,0.34318024463420266,0.3023255813953488,-0.04085466323885384
13273,0.5380434782608695,0.5190048375950241,-0.019038640665845374
13275,0.39848075779069236,0.37803442028985507,-0.020446337500837297
13277,0.3268439476754898,0.32008946965683677,-0.006754478018653032
13279,0.269287154113982,0.24505131964809385,-0.024235834465888173
13281,0.19425993232234615,0.1865806743607151,-0.0076792579616310475
13283,0.30939226519337015,0.2768343479653957,-0.032557917227974464
13285,0.3853040034610137,0.37557500638895985,-0.009728997072053824
13287,0.37183544303797467,0.35611792329767805,-0.015717519740296615
13289,0.45994599459945995,0.4252692998204668,-0.034676694778993156
13291,0.18001285347043702,0.18506711409395973,0.0050542606235227105
13293,0.32553273924835335,0.29995608256477824,-0.025576656683575116
13295,0.19653198882605438,0.20058592532568723,0.004053936499632843
13297,0.24820432527644584,0.2673187611347129,0.01911443585826708
13299,0.2967164599774521,0.28265703168426903,-0.014059428293183074
13301,0.5541305167861185,0.5223765432098766,-0.03175397357624188
13303,0.5000528597103288,0.48909722953755397,-0.010955630172774788
13305,0.21028329942087964,0.19969028832681956,-0.010593011094060079
13307,0.45971223021582736,0.40718562874251496,-0.052526601473312395
13309,0.3015317286652079,0.273286467486819,-0.02824526117838888
13311,0.1627294816414687,0.15506686478454682,-0.007662616856921878
13313,0.290371741141893,0.2750075323892739,-0.015364208752619124
13315,0.2627247790307833,0.2530624439796833,-0.00966233505109998
13317,0.42950884867766953,0.4142801098469988,-0.015228738830670718
13319,0.4350104821802935,0.4099429502852486,-0.025067531895044903
13321,0.2579429186860528,0.2470727253195832,-0.010870193366469605
15001,0.6688113512651741,0.6298129746567982,-0.038998376608375906
15003,0.6251367435920252,0.5992619991141642,-0.025874744477860978
15007,0.6336388333283578,0.587912453432677,-0.045726379895680846
15009,0.6658549631214459,0.6185903041673955,-0.04726465895405041
16001,0.46470359190250937,0.4342099850795942,-0.030493606822915187
16003,0.228538283062645,0.21521820216337187,-0.01332008089927314
16005,0.37119813920562283,0.3578647188312988,-0.013333420374324056
16007,0.10558069381598793,0.10406015037593985,-0.0015205434400480805
16009,0.1964608887995174,0.18172983479105928,-0.014731054008458117
16011,0.20624124824964993,0.18778751634303423,-0.0184537319066157
16013,0.6711565956806381,0.6435938574375429,-0.027562738243095186
16015,0.24979253112033195,0.21690427698574338,-0.03288825413458857
16017,0.30400585330162794,0.2574890609222484,-0.04651679237937956
16019,0.26398740624131867,0.25618399603090225,-0.007803410210416417
16021,0.19325201964200855,0.16104078762306612,-0.03221123201894244
16023,0.13286219081272085,0.12382864792503347,-0.009033542887687387
16025,0.1976127320954907,0.21016483516483517,0.012552103069344456
16027,0.28626258157283485,0.2540730476096209,-0.032189533963213945
16029,0.12617096018735363,0.12876157407407407,0.0025906138867204387
16031,0.15204071035413855,0.14218455743879474,-0.009856152915343808
16033,0.13183279742765272,0.15015015015015015,0.018317352722497432
16035,0.1984611903145508,0.1751131221719457,-0.023348068142605122
16037,0.22015334063526834,0.2211320754716981,0.0009787348364297677
16039,0.254875061244488,0.24465892053973012,-0.010216140704757876
16041,0.09858943577430973,0.09785634743875278,-0.0007330883355569501
16043,0.14853400803691025,0.1402322504777304,-0.008301757559179834
16045,0.1810604539064069,0.15998116760828626,-0.021079286298120642
16047,0.20760330578512395,0.18587360594795538,-0.021729699837168576
16049,0.16257029785461363,0.1479679740549306,-0.014602323799683042
16051,0.11719466591406195,0.11953223767383059,0.0023375717597686335
16053,0.2423195084485407,0.21922980115781526,-0.02308970729072543
16055,0.27174265371589523,0.22947128106677736,-0.04227137264911787
16057,0.4976178901312591,0.44176726455207466,-0.055850625579184465
16059,0.2178134233853947,0.21296676241280263,-0.004846660972592065
16061,0.18663101604278076,0.16522210184182015,-0.02140891420096061
16063,0.2134020618556701,0.20448617631716223,-0.008915885538507862
16065,0.15579710144927536,0.15936186142947648,0.0035647599802011154
16067,0.1939196797197548,0.17274786109713136,-0.021171818622623434
16069,0.31888205274955883,0.29441271417928977,-0.02446933857026906
16071,0.10159118727050184,0.10297110297110297,0.0013799157006011281
16073,0.1720792914382117,0.15272727272727274,-0.019352018710938973
16075,0.1913574780837687,0.17549528101351927,-0.01586219707024944
16077,0.2813923227065712,0.2598477325388944,-0.02154459016767679
16079,0.27988097206149776,0.2400521852576647,-0.03982878680383306
16081,0.5227666614148416,0.5170200059719319,-0.005746655442909754
16083,0.25728062244870004,0.24246315169997057,-0.014817470748729467
16085,0.4213507008353391,0.3962707182320442,-0.025079982603294915
16087,0.20078592814371257,0.18181818181818182,-0.01896774632553075
17001,0.25749396009186626,0.2553358937228483,-0.0021580663690179414
17003,0.4255156608097785,0.3980625275209159,-0.027453133288862563
17005,0.2809085328422345,0.2649230384182205,-0.01598549442401398
17007,0.4220345089875495,0.4188242084432718,-0.0032103005442777333
17009,0.192780642602142,0.19022403258655804,-0.0025566100155839655
17011,0.38252839279568657,0.3687730483155197,-0.013755344480166853
17013,0.24422799422799424,0.208955223880597,-0.03527277034739723
17015,0.3424725822532403,0.33163265306122447,-0.010839929192015818
17017,0.3037427120556705,0.27437511925205116,-0.029367592803619336
17019,0.5998087069853482,0.6063116062557908,0.006502899270442675
17021,0.2675265366576154,0.2589900289482149,-0.00853650770940051
17023,0.23851124940162757,0.23482817450645868,-0.003683074895168892
17025,0.163955852454255,0.15570985374501403,-0.008245998709240976
17027,0.23437663015127805,0.2312532501300052,-0.0031233800212728535
17029,0.35685216314252854,0.3484911889152369,-0.008360974227291651
17031,0.7434776690447412,0.6963225487786637,-0.04715512026607749
17033,0.2336339522546419,0.22921096810296587,-0.004422984151676024
17035,0.19581618655692729,0.18356734269370775,-0.012248843863219533
17037,0.5152744380554104,0.49889242842978,-0.01638200962563041
17039,0.27305583250249255,0.2652745552977572,-0.007781277204735371
17041,0.2672236209658961,0.26135552913198573,-0.005868091833910349
17043,0.5797148652660048,0.549734942501565,-0.029979922764439837
17045,0.23023426061493413,0.2295247724974722,-0.0007094881174619372
17047,0.14497920380273321,0.13894800851322592,-0.006031195289507296
17049,0.19507585700036748,0.1895304967512052,-0.005545360249162273
17051,0.18158313444709626,0.1699822935110926,-0.011600840936003665
17053,0.252265209262189,0.2507248588432779,-0.0015403504189110961
17055,0.25555674863094596,0.24061722812570654,-0.014939520505239418
17057,0.3899148578966303,0.370416253716551,-0.01949860418007926
17059,0.23261032161555723,0.2217391304347826,-0.01087119118077462
17061,0.21663722498795568,0.20145310435931307,-0.015184120628642606
17063,0.36064591060657153,0.34386400391139194,-0.016781906695179594
17065,0.19096176129779838,0.1767519732121502,-0.014209788085648184
17067,0.2467227965469466,0.24081632653061225,-0.0059064700163343475
17069,0.20767807585568918,0.1853582554517134,-0.022319820403975787
17071,0.3254729914998629,0.29618937644341803,-0.02928361505644489
17073,0.38217281061049346,0.3676869121632393,-0.014485898447254175
17075,0.2073440285204991,0.20616931852296608,-0.0011747099975330244
17077,0.49379499182970454,0.5071889606053862,0.013393968775681664
17079,0.18059540889526543,0.16811059907834103,-0.012484809816924403
17081,0.26476672029418524,0.25447125195054615,-0.010295468343639091
17083,0.24805227444081426,0.24080725158200786,-0.007245022858806405
17085,0.40885083226632524,0.406879329788948,-0.0019715024773772627
17087,0.19900574801926363,0.20334261838440112,0.004336870365137496
17089,0.561360382273284,0.5371755527123391,-0.02418482956094492
17091,0.4062161837200914,0.3867855115726629,-0.019430672147428496
17093,0.5184606246287554,0.4966640059038812,-0.021796618724874206
17095,0.46247245387374153,0.4433328827001938,-0.019139571173547754
17097,0.6105506961879483,0.593870310987318,-0.01668038520063031
17099,0.41876434475938124,0.40049135369848404,-0.018272991060897192
17101,0.2213383247543285,0.2099836333878887,-0.011354691366439795
17103,0.39074220894065986,0.37888661329361384,-0.011855595647046024
17105,0.2687201583789449,0.26049912381412776,-0.008221034564817153
17107,0.2888521137355198,0.2819961795606495,-0.006855934174870293
17109,0.40634920634920635,0.39558970932175075,-0.0107594970274556
17111,0.47690064010641997,0.46443558475009705,-0.012465055356322918
17113,0.5049654030941817,0.5142622685559742,0.009296865461792536
17115,0.4018424782344604,0.3971901810723186,-0.004652297162141772
17117,0.3065939555407543,0.2942155816435432,-0.012378373897211081
17119,0.421732694565368,0.4233873391848022,0.001654644619434209
17121,0.2591362126245847,0.24555542298055125,-0.013580789644033447
17123,0.31654562677612885,0.3122245797290681,-0.0043210470470607665
17125,0.29337865799586166,0.2781612802008158,-0.015217377795045839
17127,0.2531924262439454,0.2520970641102457,-0.0010953621336997066
17129,0.2918591224018476,0.2851811537863474,-0.006677968615500185
17131,0.36882941639491734,0.35346273664030675,-0.01536667975461059
17133,0.31062038963495364,0.30968328389627786,-0.0009371057386757808
17135,0.28447585051358637,0.27062031356509886,-0.013855536948487512
17137,0.3315696649029982,0.3303127342099884,-0.0012569306930098056
17139,0.24644128113879005,0.24739583333333334,0.0009545521945432955
17141,0.3588611449451888,0.3443156711500446,-0.014545473795144204
17143,0.5189525204530028,0.5125729737926155,-0.006379546660387314
17145,0.2598229384263404,0.2320501730103806,-0.0277727654159598
17147,0.3389330075341071,0.33697938578039544,-0.001953621753711665
17149,0.18669014970436532,0.17339192968437875,-0.013298220019986567
17151,0.19908045977011493,0.19503047351148617,-0.004049986258628763
17153,0.3395579268292683,0.3229735405291894,-0.016584386300078857
17155,0.39469026548672564,0.376124775044991,-0.018565490441734667
17157,0.24121952857430662,0.24147073187748552,0.00025120330317890405
17159,0.22696266898176856,0.22527401676337847,-0.0016886522183900965
17161,0.5496120315168219,0.537773015222667,-0.011839016294154958
17163,0.5334098414408507,0.5287757789966823,-0.004634062444168419
17165,0.2520332550153624,0.24837340876944838,-0.0036598462459140058
17167,0.4669791507560715,0.4645914632301782,-0.0023876875258933006
17169,0.27342549923195086,0.2556530992285182,-0.017772400003432665
17171,0.20898794300328827,0.18863548511789718,-0.020352457885391084
17173,0.20699346945523683,0.1919451585261354,-0.015048310929101444
17175,0.2826916406520985,0.2625860195581311,-0.020105621093967407
17177,0.41069484760522496,0.39428435341748036,-0.016410494187744595
17179,0.35942478132421946,0.35757860849368633,-0.0018461728305331215
17181,0.29023182534323655,0.2777777777777778,-0.012454047565458759
17183,0.32684270516717323,0.31317472672510066,-0.01366797844207257
17185,0.22403003754693368,0.22317277292170354,-0.0008572646252301419
17187,0.3906941459097231,0.36403921042030346,-0.026654935489419662
17189,0.2076689445709947,0.20682359164242264,-0.0008453529285720462
17191,0.1398774452038652,0.13957703927492446,-0.0003004059289407335
17193,0.20441988950276244,0.19668883543229093,-0.007731054070471505
17195,0.44759817351598175,0.41637992967066206,-0.031218243845319682
17197,0.5329247620289477,0.49716731175443524,-0.03575745027451244
17199,0.30327162511514577,0.29908068223055523,-0.004190942884590543
17201,0.5015778057928572,0.49397183284300394,-0.0076059729498532125
17203,0.2874206793579694,0.28206220707285895,-0.005358472285110438
18001,0.22774297980153424,0.2276242302735214,-0.00011874952801282923
18003,0.432860978696727,0.42877368030742263,-0.0040872983893043835
18005,0.35694770249758523,0.35293620378719565,-0.004011498710389583
18007,0.2452600875060768,0.25543753161355587,0.010177444107479061
18009,0.2571481965987666,0.2389018691588785,-0.018246327439888077
18011,0.395742471443406,0.40953401979605575,0.01379154835264973
18013,0.33804698808595923,0.3282717051118581,-0.00977528297410113
18015,0.2342285413375461,0.2308362369337979,-0.0033923044037481864
18017,0.2831951572575339,0.26187293323014144,-0.021322224027392478
18019,0.3990564896576751,0.38916945335426195,-0.009887036303413144
18021,0.20803782505910165,0.20696806304437992,-0.0010697620147217257
18023,0.25955672252683604,0.25180722891566265,-0.007749493611173386
18025,0.2740695792880259,0.24645779285571742,-0.027611786432308466
18027,0.18144554124142545,0.17145602236003143,-0.009989518881394016
18029,0.21455304731513217,0.20056390977443608,-0.013989137540696084
18031,0.19850248229836412,0.19866237304929402,0.00015989075092989746
18033,0.25300590992459754,0.25586095392077607,0.00285504399617853
18035,0.42485111327841296,0.4116721998951599,-0.013178913383253055
18037,0.28902158934313277,0.27744585511575803,-0.011575734227374734
18039,0.35097530482476774,0.3308535798752956,-0.02012172494947212
18041,0.22069850039463298,0.2118316731042895,-0.008866827290343493
18043,0.4189034017511124,0.41341880964522476,-0.005484592105887642
18045,0.20398196844477837,0.19118015534953645,-0.01280181309524192
18047,0.17808333333333334,0.17126474987535317,-0.006818583457980171
18049,0.24926205313217448,0.23684210526315788,-0.012419947869016595
18051,0.24893261555596807,0.23407332872146405,-0.01485928683450402
18053,0.295113958540447,0.2815630465892829,-0.01355091195116409
18055,0.22923430735930736,0.22346750495455478,-0.00576680240475258
18057,0.45562090526239823,0.45948954642728246,0.0038686411648842234
18059,0.30050569783971476,0.32197975253093364,0.02147405469121888
18061,0.2640343941490413,0.2559174491392801,-0.008116945009761178
18063,0.36838596689452574,0.3836685138660159,0.015282546971490174
18065,0.263623395149786,0.25276645311589985,-0.010856942033886152
18067,0.327418163918287,0.31448535478547857,-0.01293280913280842
18069,0.23865612204834818,0.24899915421482943,0.010343032166481247
18071,0.22361991891048966,0.21523533826525143,-0.008384580645238227
18073,0.2454281098546042,0.2204600025274864,-0.024968107327117794
18075,0.22763266753338848,0.21559916080464026,-0.012033506728748228
18077,0.32190242906715655,0.3100439729182662,-0.011858456148890362
18079,0.20594237205126112,0.19713777627233467,-0.00880459577892645
18081,0.31868896390012624,0.31966286360365914,0.0009738997035328989
18083,0.2540128661545188,0.2399073461283918,-0.014105520026127
18085,0.23371615391063794,0.22910935350756534,-0.004606800403072597
18087,0.22148029718799964,0.20766496974354048,-0.013815327444459152
18089,0.5677044499809053,0.5205701714618398,-0.04713427851906549
18091,0.45406138645934563,0.4207305532773957,-0.033330833181949904
18093,0.23595719381688465,0.2360980207351555,0.0001408269182708588
18095,0.3769621377406213,0.3557150547281536,-0.021247083012467693
18097,0.6359340791901832,0.6289187042605094,-0.0070153749296737455
18099,0.28664625884478345,0.2738381307837824,-0.012808128061001067
18101,0.19653965785381025,0.18689903846153846,-0.009640619392271788
18103,0.22351965729289022,0.2179294555340917,-0.005590201758798513
18105,0.6312014061535051,0.6280039152153368,-0.003197490938168235
18107,0.24497034538899873,0.2493215125746336,0.0043511671856348855
18109,0.21518847313255343,0.21964811043222449,0.004459637299671054
18111,0.22894856622667273,0.2075443114679594,-0.021404254758713326
18113,0.24283480979676916,0.23528791394220627,-0.007546895854562891
18115,0.21723577235772357,0.21546425105143965,-0.001771521306283913
18117,0.25181159420289856,0.23129726585223967,-0.02051432835065889
18119,0.24434571890145396,0.23835560955852572,-0.005990109342928235
18121,0.21431626978468557,0.2060414788097385,-0.008274790974947072
18123,0.3672322861728961,0.34271867066697437,-0.024513615505921738
18125,0.227491961414791,0.21867199201198204,-0.008819969402808964
18127,0.45944352610711026,0.437959726488484,-0.02148379961862623
18129,0.2879268661226957,0.27523501309909076,-0.012691853023604927
18131,0.2519807096107475,0.22210654173173694,-0.029874167879010538
18133,0.2377538109296861,0.2313254452013864,-0.00642836572829969
18135,0.22700993676603431,0.2225907324931299,-0.004419204272904403
18137,0.1943802116179665,0.1861853523082263,-0.008194859309740204
18139,0.2211296016137166,0.2187826541274817,-0.002346947486234874
18141,0.5197591072389316,0.4982269023578138,-0.02153220488111779
18143,0.26566342087144684,0.2345145774025719,-0.031148843468874948
18145,0.25126306838077134,0.25083527386858356,-0.00042779451218777353
18147,0.2983563933512861,0.2732235203983911,-0.025132872952895013
18149,0.2575315840621963,0.23248711586180568,-0.025044468200390607
18151,0.2792352431629749,0.28098264483011487,0.0017474016671399917
18153,0.2393818100956193,0.22808413871517907,-0.011297671380440216
18155,0.23206547905633124,0.20502583372475341,-0.027039645331577822
18157,0.4901046915239055,0.48849131617493197,-0.0016133753489735447
18159,0.2259733859043864,0.2373370110330993,0.01136362512871289
18161,0.21131208728107953,0.21350887235260446,0.0021967850715249315
18163,0.44313821431330636,0.4297188211073789,-0.013419393205927443
18165,0.2867263734794814,0.2657111356119074,-0.021015237867573977
18167,0.4157223471119879,0.3993254142836193,-0.016396932828368627
18169,0.23970911086717892,0.23887973640856672,-0.0008293744586121976
18171,0.21779964221824688,0.20549199084668193,-0.012307651371564948
18173,0.3524490821484525,0.3411274243248142,-0.01132165782363831
18175,0.22934343850399538,0.21724436060677513,-0.012099077897220256
18177,0.3440875754181871,0.32907145785961905,-0.01501611755856802
18179,0.20839857651245552,0.20198440822111977,-0.006414168291335759
18181,0.27153859931936236,0.2638179700797277,-0.00772062923963468
18183,0.24117110959216223,0.24098083427282976,-0.00019027531933246689
19001,0.28680871438831695,0.2646198830409357,-0.022188831347381255
19003,0.27314814814814814,0.2675336739433349,-0.005614474204813258
19005,0.3470762597682565,0.31713900134952766,-0.02993725841872885
19007,0.2902087170042971,0.2579954093343535,-0.032213307669943625
19009,0.3131578947368421,0.2951917224589166,-0.017966172277925463
19011,0.3524108728315804,0.3247447406290687,-0.027666132202511684
19013,0.5352965026354122,0.49461906793723037,-0.0406774346981818
19015,0.4108865710560626,0.3798324742268041,-0.03105409682925847
19017,0.40959714010724596,0.3796769576773666,-0.02992018242987937
19019,0.386950064971227,0.34690493736182754,-0.04004512760939949
19021,0.3625566303416187,0.32424601606743053,-0.03831061427418819
19023,0.2993331686836256,0.26462601826709453,-0.03470715041653105
19025,0.2795739825028528,0.2593243507127514,-0.02024963179010142
19027,0.3047198941332157,0.28129181907395845,-0.02342807505925726
19029,0.3025013743815283,0.28483269336258915,-0.017668681018939147
19031,0.4052134915444268,0.3805210570548137,-0.024692434489613113
19033,0.45968656779126926,0.42998445058742224,-0.029702117203847023
19035,0.29702362687941086,0.2622497151229041,-0.03477391175650674
19037,0.336751621173277,0.3057192926557273,-0.031032328517549723
19039,0.3139186295503212,0.2778998242530756,-0.036018805297245604
19041,0.29680008919611994,0.2749448251829481,-0.021855264013171838
19043,0.34813425057327496,0.31888806680054965,-0.02924618377272531
19045,0.43796330052254223,0.44857635402655954,0.010613053504017311
19047,0.31031590718479174,0.274337623012869,-0.035978284171922725
19049,0.4797936524936632,0.46426654034422865,-0.01552711214943453
19051,0.24695270599707458,0.22115869017632242,-0.025794015820752164
19053,0.29442691903259727,0.2549280767181673,-0.03949884231442996
19055,0.31560531840447864,0.29164626383312114,-0.023959054571357496
19057,0.44563038685107237,0.4139064211569558,-0.03172396569411656
19059,0.32559587335467804,0.2912801484230056,-0.03431572493167245
19061,0.47578162667358975,0.3927067708063932,-0.08307485586719654
19063,0.3132083247475788,0.2722003725936659,-0.0410079521539129
19065,0.37649715295503633,0.33581788879935537,-0.04067926415568096
19067,0.3949203187250996,0.3611111111111111,-0.03380920761398848
19069,0.3169590643274854,0.2815847988680008,-0.03537426545948458
19071,0.2800103707544724,0.26822233875196644,-0.011788032002505944
19073,0.3498121415859205,0.3226650563607085,-0.027147085225211975
19075,0.30318856514568443,0.280338794779228,-0.022849770366456412
19077,0.3115680426934547,0.3110218652387327,-0.0005461774547220188
19079,0.35792521717235304,0.3247415936150726,-0.03318362355728044
19081,0.27268308489954635,0.2547248703796621,-0.01795821451988422
19083,0.33107130937812884,0.2990161630358398,-0.032055146342289065
19085,0.299202942979767,0.2800998128509046,-0.019103130128862444
19087,0.32809056301342415,0.3096247286260726,-0.018465834387351554
19089,0.3574021782977007,0.33149058149058147,-0.02591159680711924
19091,0.2706964520367937,0.24070107108081792,-0.029995380955975787
19093,0.23824369966224992,0.22500681013347862,-0.013236889528771306
19095,0.364093615274071,0.3503709810387469,-0.013722634235324105
19097,0.3618320610687023,0.32878606323163423,-0.033045997837068075
19099,0.38332342449464923,0.3516694573032601,-0.03165396719138913
19101,0.4820850541355062,0.4480719186184055,-0.03401313551710067
19103,0.7057399434711572,0.6755599435177425,-0.030179999953414693
19105,0.3833833833833834,0.356612990772571,-0.026770392610812377
19107,0.26664152366584953,0.282390221819828,0.015748698153978447
19109,0.29658965896589656,0.2702958579881657,-0.026293800977730875
19111,0.39088084140074103,0.34694378027098277,-0.04393706112975826
19113,0.5560576817461438,0.5362262626262626,-0.019831419119881177
19115,0.3237059264816204,0.2858246427191966,-0.03788128376242378
19117,0.27732181425485963,0.25,-0.027321814254859633
19119,0.15547136820632376,0.1451887595799035,-0.010282608626420275
19121,0.31901465798045603,0.2973213403182762,-0.021693317662179856
19123,0.25377060680462993,0.327811404906021,0.07404079810139108
19125,0.32123544093178036,0.3015106047505213,-0.01972483618125903
19127,0.45081605646228495,0.4098586694243364,-0.040957387037948545
19129,0.3033381712626996,0.29487333413374955,-0.00846483712895002
19131,0.3526279628993473,0.3352311939268461,-0.017396768972501198
19133,0.29758883248730966,0.2647247804669094,-0.03286405202040027
19135,0.2636986301369863,0.23942652329749103,-0.024272106839495267
19137,0.2971653838933734,0.29539666993143976,-0.0017687139619336212
19139,0.453388805573025,0.41322397222362,-0.040164833349405016
19141,0.2077870480731029,0.18866428854538247,-0.019122759527720412
19143,0.18058894230769232,0.17103235747303544,-0.009556584834656878
19145,0.2770988310308183,0.27766545356517053,0.0005666225343522457
19147,0.3063735377168213,0.26690604428485937,-0.03946749343196193
19149,0.24626444882999718,0.22039193410962796,-0.025872514720369222
19151,0.24404917603975934,0.22111111111111112,-0.022938064928648222
19153,0.565206469440204,0.5427854006905184,-0.022421068749685635
19155,0.40606418328086746,0.39020685341553857,-0.015857329865328895
19157,0.42465483234714,0.4039130002979442,-0.02074183204919583
19159,0.261238025055269,0.23533751383253412,-0.025900511222734873
19161,0.25094850948509484,0.2344488905056384,-0.016499618979456426
19163,0.5067657318113586,0.4688010418046175,-0.03796469000674113
19165,0.2883002207505519,0.2767843496866881,-0.011515871063863814
19167,0.15846937168652564,0.13734309623430963,-0.021126275452216015
19169,0.5716329009757436,0.5372556104219358,-0.03437729055380778
19171,0.3953359858532272,0.3534830166954519,-0.04185296915777531
19173,0.2296091104955371,0.21470019342359767,-0.01490891707193942
19175,0.3332255456750202,0.3102135408045026,-0.023012004870517633
19177,0.2308098127143234,0.21285909712722298,-0.01795071558710043
19179,0.3723533550821979,0.3331292100428659,-0.039224145039332026
19181,0.4051032571925642,0.38378166228904387,-0.021321594903520313
19183,0.38767530811729706,0.3681144521545447,-0.019560855962752366
19185,0.23383724670311998,0.20335230866540163,-0.030484938037718345
19187,0.3710582426214791,0.3352748885586924,-0.035783354062786654
19189,0.3576214405360134,0.336803105151729,-0.020818335384284403
19191,0.4656001326259947,0.44051659905621326,-0.025083533569781435
19193,0.4123274987875314,0.37332069276481605,-0.039006806022715335
19195,0.3612494341330919,0.3496406213772316,-0.011608812755860287
19197,0.31915574032619126,0.30665280665280664,-0.01250293367338462
20001,0.2664630006788866,0.2580357142857143,-0.008427286393172306
20003,0.20622362869198313,0.1930888947507254,-0.01313473394125772
20005,0.3170698924731183,0.30337698139214336,-0.013692911080974923
20007,0.12425277540563621,0.1327188940092166,0.008466118603580389
20009,0.21024258760107817,0.20879848628192998,-0.0014441013191481833
20011,0.23082684242061113,0.21972002434570906,-0.011106818074902075
20013,0.24692462536345336,0.2501174260216064,0.0031928006581530555
20015,0.28231857318573184,0.28384414939818836,0.0015255762124565253
20017,0.23138832997987926,0.23803009575923392,0.006641765779354658
20019,0.1293471629042099,0.13817943680419123,0.008832273899981341
20021,0.24035933391761613,0.22599518182861075,-0.014364152089005378
20023,0.15675297410776767,0.14486638537271448,-0.011886588735053188
20025,0.13402061855670103,0.12721893491124261,-0.006801683645458412
20027,0.21377331420373027,0.21079504011670314,-0.0029782740870271385
20029,0.21581046211588084,0.1895231035334816,-0.02628735858239925
20031,0.21117196056955093,0.21338816541009825,0.0022162048405473256
20033,0.13755458515283842,0.14874141876430205,0.011186833611463637
20035,0.30025999578385215,0.29018881895594223,-0.010071176827909922
20037,0.371222589366176,0.36463817803354964,-0.006584411332626383
20039,0.14552736982643524,0.14807162534435261,0.002544255517917371
20041,0.2203444218633009,0.21751968503937008,-0.002824736823930807
20043,0.18495551361552978,0.17500698909700865,-0.009948524518521129
20045,0.6855197915791243,0.6819661963095054,-0.0035535952696189588
20047,0.1893780573025856,0.16784869976359337,-0.02152935753899224
20049,0.14327700220426157,0.14275037369207771,-0.0005266285121838521
20051,0.2707971014492754,0.2598623343941973,-0.010934767055078065
20053,0.22712933753943218,0.23060188542422044,0.003472547884788263
20055,0.3665254237288136,0.3176590613986273,-0.048866362330186264
20057,0.33056646102075155,0.29924610894941633,-0.03132035207133521
20059,0.29574416927145947,0.28926660371419577,-0.006477565557263698
20061,0.4147662188899302,0.4009603841536615,-0.01380583473626873
20063,0.11284840244731476,0.10744985673352435,-0.005398545713790406
20065,0.1705310396409873,0.16317016317016317,-0.007360876470824118
20067,0.20711715313874451,0.17792792792792791,-0.0291892252108166
20069,0.14903846153846154,0.14774281805745554,-0.001295643481005998
20071,0.12168486739469579,0.12647554806070826,0.004790680666012473
20073,0.18492037699057523,0.1875866851595007,0.002666308168925463
20075,0.16414435389988358,0.1607361963190184,-0.0034081575808651843
20077,0.17214339058999253,0.1710371819960861,-0.0011062085939064215
20079,0.389797215321509,0.3855526544821584,-0.004244560839350597
20081,0.1900709219858156,0.1729264475743349,-0.017144474411480704
20083,0.14736842105263157,0.14078674948240166,-0.006581671570229902
20085,0.2856925880923451,0.2778807537843682,-0.007811834307976884
20087,0.3265180944592108,0.3052281656089453,-0.021289928850265538
20089,0.13022113022113022,0.11181702668360864,-0.018404103537521574
20091,0.5306784864665596,0.5336290650997731,0.002950578633213574
20093,0.18350515463917524,0.14757878554957723,-0.03592636908959801
20095,0.19042795644466953,0.19077780592855334,0.0003498494838838073
20097,0.13390557939914163,0.13640469738030714,0.002499117981165505
20099,0.31005488730585073,0.3010983461684131,-0.008956541137437657
20101,0.12849162011173185,0.13167259786476868,0.003180977753036829
20103,0.3805426144149082,0.3757353544750595,-0.004807259939848707
20105,0.16846105129829006,0.16589250165892502,-0.0025685496393650364
20107,0.17756638921918352,0.17025518341307816,-0.007311205806105364
20109,0.12757201646090535,0.13071428571428573,0.0031422692533803753
20111,0.4328710323134115,0.41603802051901023,-0.016833011794401276
20113,0.28632774622523893,0.2850964265456608,-0.0012313196795781245
20115,0.24807723776795942,0.2434412265758092,-0.004636011192150236
20117,0.2461869378177552,0.2425523349436393,-0.0036346028741159053
20119,0.1441095890410959,0.1457227138643068,0.0016131248232109097
20121,0.29252383341695937,0.29285523146909287,0.0003313980521335025
20123,0.1799419542083199,0.1664564943253468,-0.013485459882973116
20125,0.24042901832265753,0.23583313238485654,-0.0045958859378009975
20127,0.2514660227664712,0.2582378223495702,0.006771799583099036
20129,0.12520868113522537,0.12358490566037736,-0.001623775474848016
20131,0.1630893736805067,0.15800711743772242,-0.005082256242784272
20133,0.26116038970481315,0.25,-0.011160389704813145
20135,0.09847984137475214,0.0946441672780631,-0.003835674096689043
20137,0.15072463768115943,0.1524229074889868,0.0016982698078273628
20139,0.2658369632856254,0.24657881398884945,-0.01925814929677594
20141,0.14447300771208227,0.1471251409244645,0.002652133212382224
20143,0.1585709808837355,0.1585081585081585,-6.28223755770041e-05
20145,0.2347572106608251,0.2336448598130841,-0.0011123508477410005
20147,0.11434735706580366,0.1204950855478704,0.006147728482066739
20149,0.25322938164029657,0.25192992874109266,-0.0012994528992039123
20151,0.22552574329224076,0.23370896619304263,0.008183222900801868
20153,0.1422872340425532,0.12544547398431932,-0.016841760058233873
20155,0.31802727175119,0.31752041573867856,-0.0005068560125114363
20157,0.15957847196085811,0.16209578387228818,0.0025173119114300646
20159,0.2234313498495022,0.20801815431164902,-0.01541319553785317
20161,0.5071312224385205,0.4961543207337638,-0.01097690170475668
20163,0.12560207484253427,0.13772691397000789,0.012124839127473613
20165,0.1759093619558736,0.1643835616438356,-0.011525800312037981
20167,0.17306028266512835,0.18418661011814602,0.01112632745301767
20169,0.334841628959276,0.33298889175923535,-0.001852737200040644
20171,0.127017841971113,0.1161592505854801,-0.010858591385632888
20173,0.4285880333321412,0.4226250513653853,-0.005962981966755876
20175,0.34624102757839065,0.29660460021905805,-0.0496364273593326
20177,0.502177288487806,0.49264840684926486,-0.009528881638541098
20179,0.10173010380622838,0.09176984705025491,-0.009960256755973465
20181,0.14521452145214522,0.1461627458542229,0.0009482244020776742
20183,0.15782057303898545,0.14955134596211367,-0.008269227076871777
20185,0.17551622418879056,0.17077003666841278,-0.0047461875203777815
20187,0.19072164948453607,0.17319277108433734,-0.017528878400198733
20189,0.11669128508124077,0.11444141689373297,-0.002249868187507803
20191,0.237097364568082,0.23954877239548772,0.002451407827405716
20193,0.16404199475065617,0.16293668122270744,-0.001105313527948737
20195,0.14846625766871166,0.13610586011342155,-0.012360397555290115
20197,0.24705279343926193,0.24608967674661106,-0.0009631166926508672
20199,0.05333333333333334,0.06951871657754011,0.01618538324420677
20201,0.16475893166840097,0.14666666666666667,-0.018092265001734303
20203,0.15392561983471073,0.12441860465116279,-0.02950701518354794
20205,0.18285280728376327,0.17957257840688315,-0.00328022887688012
20207,0.19016817593790428,0.18725099601593626,-0.0029171799219680217
20209,0.6478471427313551,0.6113987589423343,-0.03644838378902082
21001,0.15884970900376583,0.14007131713839982,-0.018778391865366006
21003,0.1753711417280786,0.15980038224676152,-0.015570759481317087
21005,0.2527945619335347,0.24635357006491027,-0.006440991868624457
21007,0.1952662721893491,0.1704990215264188,-0.024767250662930312
21009,0.2556469708302169,0.23053226946773053,-0.02511470136248639
21011,0.27954505064865826,0.23714974948970124,-0.04239530115895701
21013,0.1781162883313421,0.1519271948608137,-0.02618909347052839
21015,0.3121144683584007,0.3055576155797155,-0.006556852778685174
21017,0.34180234366898266,0.3237915487050435,-0.018010794963939147
21019,0.3257899820615427,0.3002720633859959,-0.025517918675546813
21021,0.36621276007465264,0.34717873791136156,-0.019034022163291087
21023,0.1885014137606032,0.16903443294004333,-0.019466980820559865
21025,0.2298180533474651,0.19597105417563074,-0.03384699917183437
21027,0.23045993919780328,0.2028264331210191,-0.027633506076784164
21029,0.25142979696883044,0.23791339767178135,-0.013516399297049092
21031,0.17624959163672002,0.1623759044253744,-0.013873687211345631
21033,0.2229309271935283,0.20297349709114415,-0.019957430102384155
21035,0.33216763171472796,0.30162289760991445,-0.03054473410481351
21037,0.3967194315319558,0.3921049364836347,-0.004614495048321121
21039,0.1755117513267627,0.15632183908045977,-0.019189912246302926
21041,0.26989117291414755,0.23925465838509316,-0.030636514529054387
21043,0.22805351747949934,0.20180353703379444,-0.026249980445704896
21045,0.12801561846325477,0.1135593220338983,-0.01445629642935646
21047,0.34765117545991703,0.32555027456047253,-0.022100900899444498
21049,0.3312003530450132,0.31529214425496227,-0.01590820879005095
21051,0.10948616600790514,0.09205800186244513,-0.017428164145460015
21053,0.12226277372262774,0.1125,-0.009762773722627738
21055,0.17232437529467232,0.15162094763092268,-0.020703427663749635
21057,0.1535207011181626,0.14032539221382917,-0.01319530890433343
21059,0.35099512591389115,0.33278128118563816,-0.018213844728252992
21061,0.20013048442342196,0.1789659036337442,-0.021164580789677756
21063,0.23772954924874792,0.1827550669872896,-0.05497448226145832
21065,0.20724992352401345,0.17710651828298887,-0.030143405241024573
21067,0.5932374364617723,0.579337895577865,-0.013899540883907324
21069,0.20860458533823945,0.19057142857142856,-0.018033156766810887
21071,0.23753898844107393,0.19556606184513162,-0.04197292659594232
21073,0.4854368932038835,0.46562900283352093,-0.01980789037036257
21075,0.3267244940107394,0.2965034965034965,-0.030220997507242886
21077,0.21356196414653156,0.19428133775848863,-0.019280626388042926
21079,0.21027231988969322,0.19277784008074464,-0.017494479808948582
21081,0.19854132901134522,0.16950039236201936,-0.02904093664932586
21083,0.20913150781525444,0.18617340208658112,-0.022958105728673323
21085,0.20028373529166318,0.18478710210830923,-0.015496633183353953
21087,0.1582931865106676,0.1335154515963804,-0.024777734914287197
21089,0.2681007922535211,0.24064694370899045,-0.027453848544530673
21091,0.2945280139524744,0.25318368227930066,-0.04134433167317375
21093,0.3698534970678981,0.34466120377688114,-0.025192293291016965
21095,0.1361771944216571,0.11542164035425491,-0.02075555406740219
21097,0.2710945442222975,0.25116433799068527,-0.019930206231612235
21099,0.22798422750627315,0.19526697585919847,-0.032717251647074674
21101,0.3692478731631864,0.3472673709874035,-0.0219805021757829
21103,0.26421610953496977,0.22999752291305425,-0.034218586621915514
21105,0.20827648931332424,0.1904301594973417,-0.017846329815982526
21107,0.25287089125482354,0.23937283926571554,-0.013498051989108
21109,0.09896940945525928,0.08527131782945736,-0.01369809162580192
21111,0.5912772311334316,0.5734917846673482,-0.017785446466083377
21113,0.3263494724010514,0.31114858534757356,-0.01520088705347783
21115,0.1577708006279435,0.14030347121180628,-0.01746732941613721
21117,0.3929580552443124,0.38122004249641744,-0.011738012747894933
21119,0.22588385858262677,0.19673496585040812,-0.029148892732218656
21121,0.159270699917125,0.13841593189419277,-0.020854768022932235
21123,0.20599917819476785,0.1913486706157873,-0.014650507578980537
21125,0.1592340819304552,0.1447627926991071,-0.014471289231348106
21127,0.17800143781452193,0.15880742318223304,-0.019194014632288897
21129,0.17262128619781872,0.15092936802973977,-0.021691918168078944
21131,0.09270421949698607,0.08767500573789305,-0.005029213759093015
21133,0.19693486590038314,0.1728146127387024,-0.024120253161680733
21135,0.1398946115927248,0.11641321447299423,-0.02348139711973056
21137,0.2065426555484285,0.18850824723581658,-0.01803440831261191
21139,0.18768738756745953,0.17819790828640386,-0.009489479281055674
21141,0.2506074842054107,0.2185276956278475,-0.03207978857756319
21143,0.2582781456953642,0.2268927633150227,-0.031385382380341525
21145,0.33382059007786163,0.3189970889285379,-0.014823501149323737
21147,0.11266511266511267,0.1031873792659369,-0.009477733399175778
21149,0.2245922208281054,0.21342252913249893,-0.01116969169560647
21151,0.3548732432863358,0.3359298928919182,-0.01894335039441758
21153,0.22273228057289754,0.17235494880546076,-0.05037733176743678
21155,0.3048835125448029,0.27609316633706876,-0.02879034620773413
21157,0.23129367649565366,0.21020338597886604,-0.021090290516787624
21159,0.10254452926208651,0.07852257181942544,-0.02402195744266107
21161,0.29680824327720534,0.27464877863561576,-0.022159464641589577
21163,0.25740609496810773,0.2321744671811938,-0.02523162778691393
21165,0.24177949709864605,0.201578627808136,-0.04020086929051003
21167,0.2584576054537708,0.2394734621550924,-0.01898414329867837
21169,0.19453312051077415,0.17242051882192316,-0.022112601688850986
21171,0.12326454033771107,0.10851544837980406,-0.01474909195790701
21173,0.2827763496143959,0.25965213321893765,-0.023124216395458252
21175,0.211743450767841,0.17476270240089337,-0.03698074836694765
21177,0.24906880314849955,0.22261174408413673,-0.026457059064362826
21179,0.3092277909227791,0.28509539646420445,-0.024132394458574624
21181,0.28121319199057715,0.24826755046700813,-0.03294564152356902
21183,0.21605104700278602,0.1914601810368474,-0.024590865965938624
21185,0.3823281315900464,0.3769170374247579,-0.00541109416528851
21187,0.20124633431085043,0.17963636363636365,-0.021609970674486778
21189,0.11398416886543536,0.11038607939097335,-0.00359808947446201
21191,0.19090252707581226,0.1753623188405797,-0.015540208235232555
21193,0.22157269470111257,0.19675740592473978,-0.02481528877637279
21195,0.19165878271838538,0.16805845511482254,-0.023600327603562843
21197,0.2483197093551317,0.21902985074626866,-0.029289858608863045
21199,0.17959856676285,0.1686150937450764,-0.010983473017773582
21201,0.22076788830715532,0.18793706293706294,-0.03283082537009238
21203,0.14570217139920338,0.1276540652511652,-0.018048106148038173
21205,0.3857625770530921,0.3528815962726628,-0.03288098078042928
21207,0.1486743483611142,0.13493759136399416,-0.013736756997120042
21209,0.36490500863557856,0.35274950451812287,-0.012155504117455695
21211,0.3430464701384759,0.31770917952883837,-0.02533729060963752
21213,0.3070316078790655,0.27381494986326343,-0.03321665801580209
21215,0.22136669874879691,0.21036585365853658,-0.011000845090260336
21217,0.23669064748201438,0.21009705570508116,-0.026593591776933212
21219,0.22463091011025976,0.20559467918622848,-0.019036230924031283
21221,0.24284745762711865,0.23165647581989995,-0.011190981807218697
21223,0.234313498495022,0.21722758296069664,-0.01708591553432537
21225,0.23251216545012166,0.20221195113898977,-0.03030021431113189
21227,0.40608119094505973,0.3702694626566592,-0.03581172828840051
21229,0.26418126305640366,0.24175997476738684,-0.022421288289016822
21231,0.18398268398268397,0.16534982251230962,-0.01863286147037435
21233,0.2356868636287765,0.20752339812814974,-0.02816346550062676
21235,0.1662865706652766,0.14839137645107794,-0.017895194214198662
21237,0.28163813360187984,0.23636363636363636,-0.04527449723824348
21239,0.4292945894418513,0.4189955312479157,-0.010299058193935562
22001,0.19148636763412488,0.17183469622962516,-0.01965167140449972
22003,0.2148827726809378,0.19278533412182142,-0.02209743855911639
22005,0.32730044123545926,0.3198740564489662,-0.0074263847864930455
22007,0.34116599910992434,0.32602836879432623,-0.015137630315598116
22009,0.28793661808928983,0.2809222337711424,-0.0070143843181474375
22011,0.1554074708076053,0.15083285970358065,-0.004574611104024656
22013,0.4350354609929078,0.4194747571651277,-0.015560703827780076
22015,0.28656115634434176,0.2689557228499252,-0.017605433494416567
22017,0.5252973921000458,0.5103711709577602,-0.01492622114228559
22019,0.3143123283694035,0.2885296870821075,-0.02578264128729596
22021,0.15644687106257874,0.12757651467832604,-0.0288703563842527
22023,0.08021787571180986,0.06624541377904607,-0.013972461932763788
22025,0.2612186084808563,0.22590707601379084,-0.035311532467065476
22027,0.41504559270516717,0.36914040438269513,-0.045905188322472035
22029,0.3598776619845945,0.3233204424858351,-0.0365572194987594
22031,0.37031758957654726,0.31142446310125704,-0.058893126475290214
22033,0.5551728775782728,0.5391839287219989,-0.015988948856273888
22035,0.6258234519104084,0.5544166415435635,-0.07140681036684493
22037,0.40726995908269104,0.3855429669383158,-0.021726992144375235
22039,0.2697897742019206,0.24553096403490104,-0.02425881016701953
22041,0.2734567901234568,0.22695514987604237,-0.04650164024741443
22043,0.12318994889267462,0.11851415094339622,-0.004675797949278401
22045,0.33708311680371716,0.3174728254571581,-0.01961029134655906
22047,0.5092409833123991,0.4710060887213685,-0.03823489459103058
22049,0.28079140461215935,0.2478738652651696,-0.03291753934698974
22051,0.43604858232722354,0.4311538102788919,-0.004894772048331664
22053,0.21615794083956608,0.1871762564748705,-0.028981684364695587
22055,0.346530330681709,0.32918272497159107,-0.017347605710117953
22057,0.191063717282101,0.1780155180859974,-0.013048199196103616
22059,0.09015119400876077,0.08058757523207181,-0.009563618776688959
22061,0.39216601815823604,0.3656277893484082,-0.026538228809827813
22063,0.1417905871531504,0.15057068939278648,0.008780102239636073
22065,0.5683083511777302,0.5201342281879194,-0.04817412298981072
22067,0.42733713495766373,0.3813258179144713,-0.046011317043192446
22069,0.41657605412589105,0.385797513647415,-0.030778540478476057
22071,0.8314859491955303,0.8305798985282402,-0.0009060506672901036
22073,0.37464939421102855,0.3454135581569317,-0.029235836054096853
22075,0.30996913019792993,0.286515791464414,-0.023453338733515905
22077,0.37854660092151,0.3610177628420547,-0.017528838079455267
22079,0.33084175656162407,0.3150176887567895,-0.015824067804834585
22081,0.3978702807357212,0.3566939630546563,-0.041176317681064944
22083,0.3244466800804829,0.2820051028065436,-0.04244157727393927
22085,0.16336353340883353,0.1388967668746455,-0.024466766534188028
22087,0.3484985835694051,0.34183095842279915,-0.00666762514660596
22089,0.34365466213136026,0.32806214103180426,-0.015592521099556
22091,0.543358233192595,0.4940229324225421,-0.04933530077005294
22093,0.517077045274027,0.47366632687733606,-0.04341071839669092
22095,0.6337252706233669,0.6420292872510237,0.008304016627656785
22097,0.4221217864606114,0.4049346600204007,-0.017187126440210698
22099,0.31211628078999926,0.2764115731794478,-0.035704707610551445
22101,0.3474079185715518,0.32434570505636495,-0.023062213515186836
22103,0.2694026122332453,0.274870177786537,0.005467565553291698
22105,0.32755241844574323,0.3022603955049245,-0.025292022940818726
22107,0.5203602192638997,0.4544615384615385,-0.06589868080236128
22109,0.24217128027681661,0.23001609214872534,-0.012155188128091271
22111,0.23694313007767165,0.20504168320762206,-0.03190144687004959
22113,0.1833186941882594,0.17229611715706034,-0.011022577031199077
22115,0.16782487838776927,0.16660187464904325,-0.001223003738726025
22117,0.30594987956746783,0.29071094584146384,-0.01523893372600399
22119,0.3388230127360562,0.3085057662683709,-0.0303172464676853
22121,0.4398098886287863,0.42176112890498074,-0.01804875972380554
22123,0.1405384006334125,0.11245092540661807,-0.02808747522679443
22125,0.3666241225271219,0.3276668083297918,-0.03895731419733012
22127,0.2478714859437751,0.20900774102744546,-0.03886374491632963
23001,0.46523811930392006,0.45913980321851583,-0.006098316085404232
23003,0.38541839270919637,0.36182088463803885,-0.023597508071157514
23005,0.6572220464081179,0.6642461174321069,0.007024071023989054
23007,0.4584919597704415,0.4479703969499888,-0.01052156282045269
23009,0.5429140038120865,0.5466306236725237,0.0037166198604371425
23011,0.4806444949390622,0.47450813599319486,-0.006136358945867337
23013,0.580439459127228,0.5822423048700421,0.0018028457428140854
23015,0.5316678542985287,0.5461817272840895,0.014513872985560838
23017,0.43640934634723455,0.4268574732581671,-0.009551873089067464
23019,0.4378461216955174,0.4357837676432419,-0.0020623540522755057
23021,0.3518407362945178,0.34394904458598724,-0.007891691708530546
23023,0.557166392092257,0.5717206411514557,0.014554249059198665
23025,0.3659096616797618,0.35631658521149046,-0.009593076468271344
23027,0.502523813400635,0.5038201352964584,0.0012963218958234046
23029,0.3848036425725669,0.37476449074587165,-0.010039151826695236
23031,0.5432533080996932,0.5428717686204249,-0.00038153947926833354
24001,0.2988805848373095,0.2872390079970128,-0.011641576840296708
24003,0.5581831746964798,0.5518628118059389,-0.006320362890540943
24005,0.6227743341077574,0.6053497693229841,-0.017424564784773278
24009,0.4598986011850223,0.43250724290011255,-0.02739135828490974
24011,0.3225908572875776,0.2976117575015309,-0.024979099786046677
24013,0.3633717742980454,0.3591489610427565,-0.004222813255288893
24015,0.354157009818381,0.3336677329598153,-0.02048927685856572
24017,0.6946635679009587,0.6889909551885512,-0.005672612712407488
24019,0.4291794454528385,0.4146196041020749,-0.014559841350763603
24021,0.5334271881330906,0.5278770641966768,-0.005550123936413853
24023,0.21017231439369674,0.21820936986993308,0.008037055476236343
24025,0.4257824625808106,0.41610367113065494,-0.009678791450155655
24027,0.7070446078377818,0.6844221601724715,-0.022622447665310297
24029,0.49370020381693536,0.4718727534148095,-0.02182745040212586
24031,0.7860880611080614,0.7445403787597189,-0.041547682348342496
24033,0.8925586376528463,0.8589858146724454,-0.033572822980400874
24035,0.3535490260812149,0.3485021794911429,-0.005046846590071985
24037,0.4156651396748406,0.3991417037011908,-0.016523435973649803
24039,0.4179560461220065,0.3999210811877281,-0.018034964934278364
24041,0.49044557747727774,0.4870346035917652,-0.003410973885512536
24043,0.3842488086280411,0.37173403152784595,-0.012514777100195162
24045,0.47719404535225896,0.4585820259208731,-0.01861201943138585
24047,0.3963270329115522,0.37806027797208114,-0.018266754939471053
24510,0.8728170099511078,0.8455281381904539,-0.027288871760653866
25001,0.6071730291990073,0.5923244950767886,-0.014848534122218648
25003,0.7204163241420629,0.6857617147683257,-0.03465460937373721
25005,0.5451194893447634,0.495602786879939,-0.049516702464824425
25007,0.7701390507263264,0.7483823408960603,-0.02175670983026612
25009,0.6292949347501996,0.5888351652727006,-0.040459769477498964
25011,0.698323372787945,0.6699725430789624,-0.028350829708982617
25013,0.5704347511017106,0.5318066767655462,-0.03862807433616444
25015,0.7173164877960422,0.6918909348441926,-0.02542555295184956
25017,0.7099535628465964,0.6804727845739981,-0.029480778272598318
25019,0.714227309893704,0.6720989041865693,-0.04212840570713472
25021,0.664924752215102,0.6280602514704474,-0.03686450074465464
25023,0.5713956626188831,0.5329774863475373,-0.038418176271345805
25025,0.8021646305301862,0.7429318199289422,-0.05923281060124397
25027,0.571995833726125,0.5362595374500108,-0.03573629627611419
26001,0.3032276330690827,0.28598155819858345,-0.01724607487049923
26003,0.4003510140405616,0.39463674400912896,-0.0057142700314326555
26005,0.3643992011208156,0.3565002155382198,-0.007898985582595774
26007,0.3535859508515528,0.350781386161622,-0.0028045646899307886
26009,0.37369114051037683,0.3749333649232956,0.0012422244129187687
26011,0.31412071113124224,0.29067481982965715,-0.023445891301585087
26013,0.3660227835562159,0.34349030470914127,-0.022532478847074655
26015,0.3285614816877872,0.3208025889967637,-0.007758892691023478
26017,0.4340054767239233,0.4200821676611562,-0.01392330906276712
26019,0.44690915022019245,0.4499455083294411,0.003036358109248627
26021,0.45439429063854064,0.45359104251491333,-0.0008032481236273092
26023,0.2999123490455785,0.2802883019583669,-0.019624047087211605
26025,0.4356753820853638,0.4231515947741041,-0.012523787311259749
26027,0.3482606042111688,0.3247102723260737,-0.023550331885095088
26029,0.4081764705882353,0.40750806862578565,-0.0006684019624496607
26031,0.34263927401058736,0.33751446142604885,-0.005124812584538507
26033,0.3768280240335563,0.3700517288320174,-0.006776295201538884
26035,0.3193292795282845,0.30500925497454884,-0.014320024553735655
26037,0.4583637615540301,0.4491257552114592,-0.009238006342570881
26039,0.339905864393843,0.32468145351580935,-0.015224410878033667
26041,0.3596047468204813,0.3411355947700466,-0.0184691520504347
26043,0.325176502844609,0.3110632183908046,-0.014113284453804387
26045,0.4865608531409828,0.4762605815237394,-0.010300271617243395
26047,0.43567660188483565,0.43783641853748195,0.002159816652646307
26049,0.5393476689555475,0.5135980077754089,-0.02574966118013866
26051,0.3097993562966514,0.2906120867768595,-0.019187269519791883
26053,0.43188966852165495,0.40807715491259794,-0.023812513609057007
26055,0.4761770369878478,0.4833205887975531,0.007143551809705273
26057,0.3499241909342814,0.336658605401048,-0.013265585533233426
26059,0.25246759934769547,0.2366280006444337,-0.015839598703261765
26061,0.41889627587697964,0.40678228553731804,-0.012113990339661596
26063,0.29777078700439336,0.29110654225314986,-0.006664244751243498
26065,0.651760636457973,0.6383616585978488,-0.013398977860124228
26067,0.33844577602533454,0.3332647482437318,-0.005181027781602732
26069,0.34973637961335674,0.33971139787680377,-0.010024981736552974
26071,0.3672116659301812,0.34737441297851146,-0.019837252951669715
26073,0.4782978144862513,0.45438624939192473,-0.02391156509432657
26075,0.39567900471178935,0.38588998771278943,-0.009789016998999922
26077,0.5835274101552149,0.5799258801729462,-0.003601529982268703
26079,0.28238171385570504,0.27808136004857315,-0.004300353807131896
26081,0.5204709623097206,0.517998532048921,-0.002472430260799574
26083,0.43159922928709055,0.42830540037243947,-0.0032938289146510757
26085,0.3618535505298118,0.33232104121475053,-0.02953250931506124
26087,0.3108641975308642,0.2947022853947582,-0.016161912136106016
26089,0.520414201183432,0.5318631608707944,0.011448959687362481
26091,0.39190632318501173,0.377835538752363,-0.014070784432648753
26093,0.3790969912812409,0.3737542280744141,-0.005342763206826806
26095,0.2805731422859047,0.2576214405360134,-0.022951701749891307
26097,0.3751960085531005,0.36957723127935893,-0.005618777273741549
26099,0.45310931986662784,0.4222255829300484,-0.03088373693657942
26101,0.4167178437393381,0.41243381055108846,-0.0042840331882496585
26103,0.5462869040627836,0.5349022020559359,-0.011384702006847713
26105,0.39422742552451606,0.38601638618246237,-0.008211039342053694
26107,0.3503729393320348,0.34185601849793235,-0.008516920834102437
26109,0.3423494883794717,0.32588055130168453,-0.016468937077787182
26111,0.417474739243807,0.41601558617124906,-0.0014591530725579505
26113,0.22467161621930326,0.21252185314685315,-0.01214976307245011
26115,0.37837930876210585,0.3570865624589518,-0.02129274630315403
26117,0.30227414330218066,0.2975462763667671,-0.004727866935413549
26119,0.277863116572794,0.2663120012517603,-0.0115511153210337
26121,0.4937367487343689,0.4835839085531776,-0.01015284018119128
26123,0.2898641434409632,0.27844936817232285,-0.01141477526864032
26125,0.56357167057614,0.5433163460230915,-0.02025532455304846
26127,0.35158583416299244,0.3419636852723605,-0.009622148890631954
26129,0.2918451331149744,0.28347330058627795,-0.008371832528696443
26131,0.3656677181913775,0.34183806300442593,-0.02382965518695157
26133,0.2606861870386893,0.2522754854368932,-0.008410701601796078
26135,0.275338530980714,0.2723420647149461,-0.002996466265767883
26137,0.32140678999796707,0.3163233360465844,-0.005083453951382655
26139,0.38352112759538387,0.3901975832880503,0.00667645569266645
26141,0.34887344199424736,0.3472889498970487,-0.001584492097198631
26143,0.3439872153415901,0.32922579039083893,-0.014761424950751167
26145,0.4943250539434344,0.4768118174989889,-0.017513236444445524
26147,0.3406651894334376,0.3195474700592599,-0.021117719374177724
26149,0.3315435280641466,0.32251680485890744,-0.009026723205239173
26151,0.26579345985921765,0.25523801362526244,-0.010555446233955212
26153,0.33487881981032663,0.3329930583911801,-0.0018857614191465366
26155,0.39126555170303895,0.37692024087501536,-0.014345310828023594
26157,0.29587366276107996,0.2787381580232445,-0.017135504737835483
26159,0.43011826140377823,0.4171828317423304,-0.01293542966144784
26161,0.72607638920977,0.7093553366855946,-0.01672105252417544
26163,0.6844598490032311,0.6268685288727545,-0.05759132013047663
26165,0.3196277032575965,0.31957280755802014,-5.489569957634055e-05
27001,0.3598004987531172,0.33735401110472907,-0.022446487648388136
27003,0.4778669268514484,0.4640181299024615,-0.013848796948986886
27005,0.3396216689861347,0.32600435685698365,-0.013617312129151071
27007,0.4723634709992145,0.4620487255769076,-0.01031474542230687
27009,0.3270440251572327,0.3103750438135296,-0.016668981343703093
27011,0.35406859448554134,0.3413597733711048,-0.012708821114436553
27013,0.5084463676458351,0.4818067065473904,-0.026639661098444678
27015,0.32476938845234027,0.31346759830113713,-0.01130179015120314
27017,0.49575335067995485,0.4758587557050204,-0.019894594974934454
27019,0.4637362306173807,0.46080104106419895,-0.0029351895531817274
27021,0.34676581551752417,0.32536280535041057,-0.0214030101671136
27023,0.3367115413704432,0.3206710984488762,-0.016040442921566977
27025,0.3415099797512294,0.3340917389960956,-0.007418240755133754
27027,0.5073668538106021,0.49038754030540854,-0.01697931350519355
27029,0.2676295666949873,0.24283340257582053,-0.02479616411916674
27031,0.6558066211245402,0.6601092896174864,0.004302668492946138
27033,0.30031111838873426,0.2847361389445558,-0.01557497944417846
27035,0.3416722674433077,0.3345371288297219,-0.007135138613585779
27037,0.5572926000632962,0.551440503454514,-0.005852096608782165
27039,0.3347009108065972,0.3290611983338674,-0.005639712472729819
27041,0.3255948686116284,0.3161793993467697,-0.0094154692648587
27043,0.3198129896386151,0.30305373018940857,-0.01675925944920653
27045,0.37484556461576474,0.36261606782398065,-0.012229496791784089
27047,0.4096206445475086,0.38601532567049807,-0.02360531887701056
27049,0.4122782511523956,0.4070860950133602,-0.005192156139035398
27051,0.35577449370552816,0.3350268134349421,-0.020747680270586044
27053,0.7045566683289923,0.6980406096868391,-0.006516058642153211
27055,0.42421328671328673,0.4083829191459573,-0.015830367567329418
27057,0.344157346702661,0.3331130204890945,-0.011044326213566491
27059,0.2945327006395709,0.28489852612084265,-0.009634174518728222
27061,0.4060841082790558,0.38997764530551415,-0.016106462973541624
27063,0.2998797044165664,0.28012048192771083,-0.019759222488855588
27065,0.3001514823631249,0.2801195506544368,-0.02003193170868811
27067,0.36119313561860744,0.33560967229308936,-0.025583463325518085
27069,0.38120500189465706,0.3644,-0.016805001894657057
27071,0.38413753250505633,0.36308734717926056,-0.02105018532579578
27073,0.3579207920792079,0.32882882882882886,-0.02909196325037905
27075,0.5063871146903638,0.5081967213114754,0.0018096066211116257
27077,0.27865448504983387,0.25734980826587134,-0.02130467678396253
27079,0.3372577000832441,0.32262865647718814,-0.014629043606055991
27081,0.30080256821829854,0.30046367851622874,-0.00033888970206980007
27083,0.35941984022337703,0.32979214780600463,-0.029627692417372398
27085,0.3063583815028902,0.30067456012076044,-0.00568382138212975
27087,0.4826388888888889,0.44663307375171785,-0.03600581513717105
27089,0.25327596323097984,0.23394951301928046,-0.019326450211699375
27091,0.3002089199745663,0.2937198962578733,-0.006489023716692965
27093,0.28583043831768795,0.27763984226668614,-0.008190596051001808
27095,0.2998161889849547,0.2879526003949967,-0.011863588589958007
27097,0.2232845894263217,0.21198247427755623,-0.011302115148765474
27099,0.46001550788317397,0.43818862354367655,-0.02182688433949742
27101,0.2959558823529412,0.27867477458586704,-0.017281107767074144
27103,0.5031111111111111,0.4862234124736056,-0.016887698637505444
27105,0.3365461847389558,0.3140785498489426,-0.02246763489001319
27107,0.4080209241499564,0.3743169398907104,-0.03370398425924598
27109,0.5415659025004104,0.5402424002463596,-0.0013235022540507568
27111,0.3285255089425534,0.319904181184669,-0.008621327757884378
27113,0.35289267555311254,0.33044302939981035,-0.022449646153302194
27115,0.33866633335416535,0.3157116669623322,-0.022954666391833134
27117,0.26437246963562755,0.25118875335952034,-0.013183716276107205
27119,0.34878799538283956,0.3221350282119463,-0.02665296717089327
27121,0.3527485046995158,0.3322249930728734,-0.0205235116266424
27123,0.7149879889315723,0.701980037766388,-0.013007951165184384
27125,0.3146630236794171,0.30340264650283555,-0.01126037717658157
27127,0.2842829550941574,0.27624309392265195,-0.008039861171505458
27129,0.30708661417322836,0.28294862248696945,-0.02413799168625891
27131,0.48764221263240487,0.4765736570361419,-0.011068555596262963
27133,0.2969465648854962,0.2949934859482598,-0.0019530789372363966
27135,0.2598266239163995,0.2462642663842805,-0.013562357532118985
27137,0.5664137336757828,0.5573948188792445,-0.00901891479653838
27139,0.45518103791280623,0.44612329572558546,-0.009057742187220774
27141,0.3248399625980004,0.3162353347135956,-0.008604627884404803
27143,0.2859678182678656,0.27538948108234745,-0.01057833718551815
27145,0.37577650733777335,0.3558615753993905,-0.01991493193838284
27147,0.3747160166603559,0.3665197393637409,-0.00819627729661504
27149,0.37797443461160274,0.3555166374781086,-0.02245779713349416
27151,0.34353937993452727,0.32014246141669966,-0.023396918517827603
27153,0.24786905031304216,0.22393934975944016,-0.023929700553601996
27155,0.3546137339055794,0.33129855715871254,-0.02331517674686684
27157,0.3578450049531357,0.349470723221556,-0.008374281731579725
27159,0.2635143936433503,0.2358642972536349,-0.027650096389715384
27161,0.3365097699489845,0.32752479060363915,-0.008984979345345367
27163,0.5346072212295996,0.5327718006795017,-0.0018354205500978882
27165,0.382041915016343,0.34928035678086355,-0.03276155823547944
27167,0.2991253644314869,0.29406501640322097,-0.0050603480282659374
27169,0.4906708865417878,0.4651221354822463,-0.02554875105954152
27171,0.3449154393031325,0.3429881942670561,-0.001927245036076386
27173,0.3053545586107091,0.2861367837338262,-0.019217774876882865
28001,0.5754051893306199,0.5653085177733065,-0.01009667155731342
28003,0.17615399227505857,0.1540497617787189,-0.022104230496339666
28005,0.3640911617565314,0.32956713132795307,-0.03452403042857832
28007,0.4014507537118894,0.3803712839153576,-0.021079469796531747
28009,0.39146654231755657,0.33969072164948455,-0.051775820668072015
28011,0.6478463329452853,0.6151413512218495,-0.03270498172343572
28013,0.28861911987860395,0.25638051044083526,-0.032238609437768684
28015,0.3032801262936327,0.2755102040816326,-0.027769922212000087
28017,0.4680014740203906,0.4271495714680675,-0.04085190255232313
28019,0.28060620412029363,0.2480719794344473,-0.032534224685846325
28021,0.8478309732524163,0.8330979949166902,-0.014732978335726066
28023,0.3403693931398417,0.3209615638621054,-0.01940782927773632
28025,0.5735597212680341,0.5476427072982224,-0.02591701396981172
28027,0.7081519821197506,0.6938144329896907,-0.014337549130059912
28029,0.5022122176511682,0.46515216459494213,-0.03706005305622606
28031,0.36495726495726494,0.3296467667306173,-0.03531049822664761
28033,0.3713020860700962,0.3669988113603601,-0.004303274709736071
28035,0.4345422379478107,0.40311248506990793,-0.031429752877902783
28037,0.3317641784353284,0.29832759468765374,-0.033436583747674664
28039,0.11023622047244094,0.102809648568073,-0.0074265719043679485
28041,0.16620784583620096,0.14781377234908832,-0.01839407348711264
28043,0.4338740720373935,0.41572803604341596,-0.018146035993977516
28045,0.21491625709786707,0.2012750885478158,-0.013641168550051264
28047,0.3659592440080245,0.34976225913096165,-0.016196984877062837
28049,0.7355367768388419,0.723713002418519,-0.011823774420322897
28051,0.811829944547135,0.8053491827637445,-0.006480761783390521
28053,0.7199809023633326,0.7044405997693195,-0.015540302594013067
28055,0.5251479289940828,0.46141479099678456,-0.06373313799729824
28057,0.11544505037434144,0.0966952264381885,-0.018749823936152946
28059,0.3185560016867426,0.29515359664186225,-0.023402405044880337
28061,0.49690934065934067,0.47173637515842837,-0.025172965500912303
28063,0.8513306038894575,0.8266141254925735,-0.024716478396883956
28065,0.5792692741026879,0.5654518408330235,-0.013817433269664448
28067,0.283041440962414,0.262006845613403,-0.02103459534901103
28069,0.6102303952652716,0.5827214880078316,-0.02750890725743993
28071,0.4299193100798361,0.38258789354521766,-0.04733141653461842
28073,0.2576794804282956,0.24983138688722445,-0.007848093541071133
28075,0.4147598169424265,0.3895720071514577,-0.025187809790968796
28077,0.3417510963254196,0.3137287295555923,-0.028022366769827334
28079,0.4235869565217391,0.37971360381861574,-0.04387335270312337
28081,0.32984250690047084,0.3004131529797951,-0.02942935392067575
28083,0.7021022675112457,0.6874004882708842,-0.014701779240361534
28085,0.2999821439200048,0.2697126945956208,-0.030269449324383968
28087,0.48041555008993797,0.45427004012118233,-0.026145509968755642
28089,0.43478260869565216,0.4074672410698259,-0.02731536762582626
28091,0.31099614026443295,0.2873614587057562,-0.023634681558676762
28093,0.5093886324840362,0.45972101715277314,-0.04966761533126307
28095,0.3403441682600382,0.3167589769120667,-0.02358519134797149
28097,0.41793103448275865,0.39263110307414106,-0.025299931408617582
28099,0.27856105272152437,0.24141423441672039,-0.037146818304803986
28101,0.30197387803201414,0.2792019736136437,-0.02277190441837046
28103,0.7566960104888556,0.7347718588446842,-0.021924151644171386
28105,0.5212835956876044,0.4903329455431832,-0.03095065014442122
28107,0.47373136238561464,0.4202607127998891,-0.05347064958572556
28109,0.17259601381433862,0.16140407766203235,-0.011191936152306264
28111,0.2302231237322515,0.1946199675031594,-0.0356031562290921
28113,0.49855841310114174,0.4780109783661608,-0.02054743473498094
28115,0.18202075064410556,0.1573784475405175,-0.02464230310358806
28117,0.20227358136039084,0.1663616221943936,-0.03591195916599724
28119,0.666460012399256,0.6443780351139335,-0.022081977285322463
28121,0.26674686858679497,0.2591922845087402,-0.00755458407805476
28123,0.40342867790925185,0.3770094024871095,-0.02641927542214234
28125,0.6710948236371965,0.6800679501698754,0.008973126532678899
28127,0.3416842996191282,0.3135929331170002,-0.028091366502128012
28129,0.21508346343220847,0.1935904116727462,-0.021493051759462256
28131,0.22873825844122875,0.20457128425306226,-0.02416697418816649
28133,0.7004441689908067,0.6744540375825292,-0.02599013140827755
28135,0.5461741424802111,0.5247406225059856,-0.02143351997422549
28137,0.3194836935767204,0.27641707487753675,-0.043066618699183656
28139,0.19174420906751138,0.1612970493170681,-0.030447159750443292
28141,0.11588969139855548,0.10176795580110497,-0.014121735597450516
28143,0.7243121841661988,0.6885307346326837,-0.03578144953351514
28145,0.1703067097689821,0.14481487417855426,-0.025491835590427836
28147,0.39823008849557523,0.3606984224230357,-0.03753166607253955
28149,0.4959863202393958,0.4745327358181222,-0.021453584421273597
28151,0.6943025322079076,0.6695323246217332,-0.02477020758617443
28153,0.360381861575179,0.33205395328435133,-0.028327908290827652
28155,0.1933271547729379,0.17114818449460256,-0.022178970278335347
28157,0.6661012842258299,0.6199249402934153,-0.046176343932414654
28159,0.43741879601559114,0.40458015267175573,-0.032838643343835405
28161,0.42616679418515685,0.3894181694453896,-0.036748624739767255
28163,0.5266385588348026,0.484004012930554,-0.04263454590424859
29001,0.3589396284829721,0.3256177361070417,-0.03332189237593042
29003,0.24107875307629203,0.23479232253478216,-0.006286430541509874
29005,0.20042643923240938,0.19498709915223,-0.005439340080179378
29007,0.25375375375375375,0.25544046374608004,0.0016867099923262852
29009,0.18899858956276447,0.1777296628518404,-0.011268926710924082
29011,0.13888431792002634,0.13632585203657524,-0.0025584658834511
29013,0.19866920152091255,0.187320230105465,-0.01134897141544755
29015,0.2080946926307751,0.20113288141888755,-0.0069618112118875475
29017,0.12535517299013874,0.12270735270248337,-0.002647820287655367
29019,0.5491400491400491,0.537698368660526,-0.011441680479523098
29021,0.3673698016285043,0.3524606216601852,-0.014909179968319086
29023,0.18196350807562978,0.1769316909294513,-0.00503181714617848
29025,0.19158479282357968,0.18881564958537103,-0.002769143238208649
29027,0.27762012864169505,0.27620601258447913,-0.0014141160572159195
29029,0.22779300338545866,0.22404884922498824,-0.0037441541604704143
29031,0.26681214044832374,0.2617153619309593,-0.005096778517364453
29033,0.1734333627537511,0.17424911660777384,0.0008157538540227438
29035,0.144287193648602,0.12718378756114604,-0.017103406087455975
29037,0.3318701226309922,0.33282784882643346,0.0009577261954412664
29039,0.16254968767745598,0.14746800222593212,-0.015081685451523857
29041,0.2246750061319598,0.21398875030569822,-0.010686255826261565
29043,0.23764384380537587,0.2333182382011853,-0.004325605604190569
29045,0.19976428992339423,0.18841884188418842,-0.011345448039205813
29047,0.46930923053828344,0.46362169637369394,-0.005687534164589503
29049,0.2659808963997061,0.25422974176313445,-0.01175115463657167
29051,0.3211313213084065,0.3206315999203028,-0.0004997213881036688
29053,0.25871390774186126,0.2656479909451047,0.006934083203243457
29055,0.19256356511437164,0.1853356727306307,-0.0072278923837409415
29057,0.15926195678562757,0.16029622551361683,0.001034268727989257
29059,0.1702862783810464,0.17272834972159698,0.002442071340550578
29061,0.19074405522884172,0.1785987261146497,-0.012145329114192027
29063,0.19202973363617593,0.18072289156626506,-0.011306842069910866
29065,0.1478577429291515,0.14430522314514993,-0.003552519784001562
29067,0.14514285714285713,0.13664425847166964,-0.00849859867118749
29069,0.21115270179479798,0.18754352800716348,-0.023609173787634496
29071,0.2713793424606501,0.2649286023366508,-0.006450740123999321
29073,0.20206992300896126,0.19444791796923847,-0.007622005039722796
29075,0.18937287611986406,0.18712029161603888,-0.002252584503825178
29077,0.38834978843441464,0.3885876545609809,0.00023786612656623296
29079,0.18007662835249041,0.17801998183469572,-0.0020566465177946913
29081,0.1560376372190277,0.1388816644993498,-0.017155972719677892
29083,0.24276974416017796,0.2318880351262349,-0.01088170903394306
29085,0.2078740157480315,0.191015625,-0.0168583907480315
29087,0.14425949637217242,0.15178571428571427,0.007526217913541855
29089,0.2774941084053417,0.2705811138014528,-0.0069129946038889445
29091,0.17254691689008042,0.16200970054829186,-0.010537216341788558
29093,0.20579268292682926,0.18238158477202301,-0.023411098154806242
29095,0.4693154395218361,0.471617568871981,0.002302129350144899
29097,0.25880577628361856,0.259129852993105,0.00032407670948642053
29099,0.32156691347867816,0.30981276296159715,-0.011754150517081008
29101,0.30160446308869954,0.2948902635369884,-0.006714199551711153
29103,0.18338727076591155,0.1718232044198895,-0.011564066346022056
29105,0.16554516762936938,0.1613961115015226,-0.004149056127846773
29107,0.26221049545587805,0.24895640074211503,-0.013254094713763015
29109,0.1795029321418598,0.17626309220166061,-0.0032398399401991906
29111,0.2134953352137123,0.19438252340615247,-0.019112811807559832
29113,0.2276862636983941,0.21498148321040675,-0.012704780487987344
29115,0.22266852951449528,0.20801828732196237,-0.014650242192532914
29117,0.20864160994377035,0.20689655172413793,-0.0017450582196324171
29119,0.15895283331492324,0.1523880916684515,-0.00656474164647175
29121,0.2120980091883614,0.1889271590764128,-0.02317085011194861
29123,0.17952783650458068,0.17138884060490178,-0.008138995899678897
29125,0.17061412701739678,0.15775177601337234,-0.012862351004024442
29127,0.23988612526221156,0.23051775260396867,-0.00936837265824289
29129,0.12478920741989882,0.13113839285714285,0.006349185437244026
29131,0.16459376514294943,0.15886557528245332,-0.0057281898604961135
29133,0.24768713204373424,0.22814115531580131,-0.01954597672793293
29135,0.1827581388850077,0.1804810996563574,-0.0022770392286503016
29137,0.20878875752844078,0.19575148469620832,-0.013037272832232466
29139,0.20928620928620928,0.1950650216738913,-0.01422118761231797
29141,0.2028038368293454,0.19661016949152543,-0.00619366733781998
29143,0.24110344827586208,0.22918807810894143,-0.011915370166920652
29145,0.20482309452561168,0.201635907481871,-0.0031871870437406857
29147,0.2883857272819165,0.27598307358860563,-0.012402653693310894
29149,0.17366533023844694,0.15087795360936485,-0.02278737662908209
29151,0.1375513993898395,0.13058107933221172,-0.0069703200576277935
29153,0.15460526315789475,0.14602510460251045,-0.008580158555384299
29155,0.27201394943330426,0.252561669829222,-0.019452279604082245
29157,0.17614057372710915,0.17884771986970685,0.002707146142597705
29159,0.2504581871498141,0.2490731913992162,-0.0013849957505979171
29161,0.28807236304170075,0.27870466321243526,-0.009367699829265497
29163,0.22313190383365822,0.20679959100204498,-0.016332312831613238
29165,0.4745765671381177,0.47678018575851394,0.0022036186203962527
29167,0.19151619755708976,0.18627574876785039,-0.005240448789239377
29169,0.2594699597613431,0.2421377580551804,-0.01733220170616273
29171,0.15290131300296483,0.1457983193277311,-0.007102993675233732
29173,0.21282232426704345,0.1997576596849576,-0.013064664582085855
29175,0.23129188384214444,0.23313384113166485,0.0018419572895204128
29177,0.26688986179071167,0.25098610872920596,-0.01590375306150571
29179,0.16040024257125532,0.15429879045439687,-0.006101452116858447
29181,0.1457057897498688,0.13146106133700897,-0.014244728412859842
29183,0.4032574082164879,0.4077801261020666,0.004522717885578675
29185,0.19863289103337353,0.19218436873747494,-0.0064485222958985955
29186,0.2860607338675664,0.2689238952536825,-0.01713683861388393
29187,0.2515624441984215,0.23802201642495194,-0.01354042777346956
29189,0.6117130149166925,0.6079409155464676,-0.003772099370224935
29195,0.30507406240151275,0.2921757770632369,-0.012898285338275861
29197,0.18622066899650525,0.17172236503856042,-0.014498303957944825
29199,0.19556451612903225,0.18665276329509906,-0.008911752833933195
29201,0.21180653535752583,0.20234200103323574,-0.009464534324290091
29203,0.18074756784434204,0.15555002488800398,-0.025197542956338054
29205,0.17671641791044776,0.16860821581851626,-0.008108202091931499
29207,0.13548339043646657,0.12765644532686227,-0.0078269451096043
29209,0.1896878212411405,0.1893008419181091,-0.0003869793230314167
29211,0.19344394981788748,0.1656516443361754,-0.027792305481712076
29213,0.20309646987218502,0.1986653742916791,-0.004431095580505917
29215,0.1516570923552806,0.13787418655097614,-0.013782905804304468
29217,0.20718562874251498,0.1977042237824585,-0.009481404960056478
29219,0.25953741496598637,0.247325205274944,-0.012212209691042364
29221,0.18083400160384924,0.17065546546839894,-0.010178536135450306
29223,0.14375637972099353,0.13391482811698308,-0.009841551604010457
29225,0.19026572234943287,0.18436459069344907,-0.005901131655983799
29227,0.1942186088527552,0.17194570135746606,-0.022272907495289124
29229,0.1336537361254148,0.11770601336302895,-0.01594772276238586
29510,0.8223759402989534,0.8123951802255076,-0.009980760073445838
30001,0.2840487546369899,0.26630997583707283,-0.017738778799917088
30003,0.5206939799331104,0.47248322147651006,-0.04821075845660033
30005,0.5097850497273019,0.44650546538588937,-0.06327958434141251
30007,0.20380766414449597,0.183991683991684,-0.01981598015281197
30009,0.34330686330119115,0.322461285459778,-0.020845577841413165
30011,0.08564814814814815,0.08782201405152225,0.002173865903374095
30013,0.387514103046258,0.3730676103557459,-0.01444649269051207
30015,0.3342327150084317,0.3203817314246762,-0.013850983583755527
30017,0.25836177474402733,0.23891668104191824,-0.01944509370210909
30019,0.19230769230769232,0.1619348054679285,-0.03037288683976383
30021,0.1993782383419689,0.1927554980595084,-0.006622740282460515
30023,0.5238192598650583,0.4878850102669405,-0.03593424959811781
30025,0.10920634920634921,0.10816191108161911,-0.001044438124730096
30027,0.22990625480252036,0.2267580452920143,-0.003148209510506067
30029,0.33826081153230114,0.31773835920177385,-0.020522452330527297
30031,0.5219008439115794,0.4998497789604704,-0.022051064951109034
30033,0.05043050430504305,0.04875,-0.0016805043050430457
30035,0.6426918283781378,0.5775896022055927,-0.06510222617254502
30037,0.1550695825049702,0.13009708737864079,-0.024972495126329403
30039,0.30352045670789723,0.26608455882352944,-0.0374358978843678
30041,0.41506544138123086,0.3871252204585538,-0.02794022092267706
30043,0.3220463746779536,0.3034615848510433,-0.01858478982691031
30045,0.20461309523809523,0.1958610495195861,-0.008752045718509127
30047,0.41597497894863467,0.38497930218805443,-0.030995676760580237
30049,0.46712409795338933,0.45415605739713966,-0.012968040556249671
30051,0.2299168975069252,0.2165991902834008,-0.013317707223524405
30053,0.2413382140120882,0.2218169480023751,-0.0195212660097131
30055,0.1374113475177305,0.11922365988909427,-0.01818768762863622
30057,0.29094792180055856,0.26141464169633183,-0.029533280104226733
30059,0.23243243243243245,0.21843003412969283,-0.01400239830273961
30061,0.26765509168942647,0.2432050829509354,-0.02445000873849107
30063,0.6064340163647808,0.5895455732208374,-0.016888443143943332
30065,0.1433530024297119,0.13147410358565736,-0.011878898844054547
30067,0.45651046169808057,0.4458479132883844,-0.01066254840969616
30069,0.11206896551724138,0.11419753086419752,0.0021285653469561433
30071,0.1746431570109152,0.17587939698492464,0.0012362399740094288
30073,0.30150250417362273,0.27419354838709675,-0.02730895578652598
30075,0.13556338028169015,0.11844484629294756,-0.017118533988742593
30077,0.23655237496067946,0.21633150517976843,-0.020220869780911033
30079,0.1693548387096774,0.17732558139534885,0.00797074268567144
30081,0.307398182902445,0.28374130551096843,-0.023656877391476594
30083,0.15091410831321145,0.14654360519871915,-0.004370503114492302
30085,0.475479213343291,0.4292284108329075,-0.04625080251038349
30087,0.3177842565597668,0.2965069049553209,-0.021277351604445882
30089,0.23878247179218054,0.21130251580121454,-0.027479955990966004
30091,0.2827586206896552,0.2662133891213389,-0.016545231568316277
30093,0.5569728802658377,0.514978601997147,-0.04199427826869073
30095,0.20195667365478687,0.17880121909922114,-0.023155454555565724
30097,0.22444807849550286,0.22049559008819825,-0.003952488407304611
30099,0.2737156836096765,0.25980941704035876,-0.01390626656931776
30101,0.22038697498820198,0.20283479960899314,-0.017552175379208834
30103,0.16956521739130434,0.12895927601809956,-0.04060594137320478
30105,0.24172729406242666,0.22922284873743565,-0.01250444532499101
30107,0.21067415730337077,0.19244935543278086,-0.01822480187058992
30109,0.12876254180602006,0.13003663003663005,0.0012740882306099821
30111,0.3660061321148638,0.34883463773635903,-0.017171494378504792
31001,0.28852212025749896,0.2854358117516012,-0.00308630850589775
31003,0.12615126988557074,0.11488250652741515,-0.01126876335815559
31005,0.07394366197183098,0.06028368794326241,-0.013659974028568576
31007,0.1048780487804878,0.08808290155440414,-0.016795147226083662
31009,0.11041009463722397,0.12714776632302405,0.01673767168580008
31011,0.15511345974510413,0.16364236225668097,0.008528902511576841
31013,0.20285659139162324,0.21151896167106063,0.008662370279437392
31015,0.1170858629661752,0.12279069767441861,0.005704834708243414
31017,0.11375818939845146,0.12241169305724726,0.008653503658795803
31019,0.2691932680486668,0.26878235615977103,-0.0004109118888957486
31021,0.28491021173948006,0.2688730853391685,-0.016037126400311574
31023,0.194086260560249,0.197514715500327,0.003428454940078013
31025,0.3099319549856059,0.30618851158362426,-0.0037434434019816276
31027,0.14511609287429944,0.14291530944625408,-0.002200783428045361
31029,0.11339688911189162,0.10932475884244373,-0.004072130269447888
31031,0.11424196018376723,0.11371782339524275,-0.0005241367885244763
31033,0.1794333683105981,0.17373068432671082,-0.005702683983887291
31035,0.17762788083192804,0.1743202416918429,-0.003307639140085139
31037,0.2757600215227334,0.24032992036405007,-0.03543010115868331
31039,0.19546169400134802,0.1950506186726659,-0.00041107532868212004
31041,0.13115301184715503,0.13353720693170235,0.002384195084547319
31043,0.4038857815719753,0.3446078431372549,-0.0592779384347204
31045,0.26255763164280516,0.2564632885211996,-0.006094343121605561
31047,0.2720636304205709,0.24743846425627133,-0.024625166164299578
31049,0.13662790697674418,0.1492094861660079,0.012581579189263725
31051,0.21115796302302953,0.19792746113989637,-0.013230501883133156
31053,0.328513865844987,0.3304749741531351,0.0019611083081481073
31055,0.5468247069477834,0.5440064666444772,-0.002818240303306241
31057,0.10510510510510511,0.10333692142088267,-0.0017681836842224352
31059,0.22112316528398213,0.2197145701958181,-0.0014085950881640164
31061,0.16009280742459397,0.1475,-0.012592807424593983
31063,0.13125,0.13120567375886524,-4.4326241134762245e-05
31065,0.15340253748558247,0.1483630335681724,-0.005039503917410065
31067,0.30583664618720635,0.29699523635031144,-0.008841409836894909
31069,0.13472803347280335,0.1450313339301701,0.010303300457366743
31071,0.12372093023255815,0.11428571428571428,-0.009435215946843864
31073,0.19230769230769232,0.1815742397137746,-0.010733452593917725
31075,0.04975124378109453,0.040983606557377046,-0.008767637223717484
31077,0.1820349761526232,0.15546558704453442,-0.026569389108088787
31079,0.31513087716419136,0.3050342045255218,-0.010096672638669535
31081,0.20206036508223388,0.19235622859203172,-0.009704136490202159
31083,0.1462655601659751,0.15538290788013318,0.009117347714158064
31085,0.06367041198501873,0.038461538461538464,-0.025208873523480266
31087,0.1191286589516678,0.1060711793440335,-0.0130574796076343
31089,0.12389380530973451,0.12513781697905182,0.001244011669317313
31091,0.1334841628959276,0.1288056206088993,-0.004678542287028298
31093,0.18508997429305912,0.1808450704225352,-0.004244903870523925
31095,0.27341227125941875,0.26659322500688515,-0.0068190462525336
31097,0.2902646926873037,0.2904275092936803,0.00016281660637657014
31099,0.19450610432852386,0.20421753607103219,0.009711431742508325
31101,0.174839596700275,0.17408906882591094,-0.0007505278743640542
31103,0.09262759924385633,0.08088235294117647,-0.011745246302679854
31105,0.14300960512273211,0.15813953488372093,0.015129929760988814
31107,0.19267617628273365,0.17718665464382327,-0.015489521638910375
31109,0.5272116906163712,0.5139279211840161,-0.013283769432355097
31111,0.21581808616355877,0.21780855199222546,0.0019904658286666876
31113,0.08444444444444445,0.056818181818181816,-0.02762626262626263
31115,0.16519823788546256,0.1705607476635514,0.005362509778088831
31117,0.056291390728476824,0.04240282685512368,-0.013888563873353146
31119,0.22061528702822708,0.21414913957934992,-0.006466147448877163
31121,0.17453605825698848,0.16812528788576692,-0.006410770371221564
31123,0.1509581540868205,0.1508656224237428,-9.253166307771066e-05
31125,0.1963894967177243,0.19161676646706588,-0.0047727302506584135
31127,0.26906222611744085,0.26770040959625513,-0.0013618165211857214
31129,0.177594442032132,0.1767050487156776,-0.0008893933164544066
31131,0.2994588093806374,0.3004391314954867,0.0009803221148492747
31133,0.22533240027991602,0.20594633792603337,-0.019386062353882655
31135,0.12888601036269431,0.13113604488078542,0.0022500345180911097
31137,0.1501297664204432,0.1526686807653575,0.002538914344914295
31139,0.11982026959560658,0.11444701052091352,-0.0053732590746930625
31141,0.2080010208639061,0.20379358794226593,-0.004207432921640164
31143,0.18409169850642584,0.1777225966654842,-0.006369101840941638
31145,0.1487527512839325,0.15310914897614128,0.004356397692208774
31147,0.24139602520601067,0.23693556570268898,-0.00446045950332169
31149,0.09988109393579073,0.10191846522781775,0.0020373712920270237
31151,0.3441941074523397,0.3280282935455349,-0.01616581390680477
31153,0.4306962256854076,0.4350523651163945,0.004356139430986894
31155,0.2615626226933647,0.2622926649465536,0.0007300422531889006
31157,0.27125218178292065,0.25638297872340426,-0.01486920305951639
31159,0.2666812513673157,0.26001742160278746,-0.0066638297645282285
31161,0.12724550898203593,0.1457326892109501,0.018487180228914157
31163,0.20200235571260305,0.1944279786603438,-0.007574377052259246
31165,0.09876543209876543,0.11356932153392331,0.014803889435157883
31167,0.1683011705156596,0.16057441253263707,-0.007726757983022525
31169,0.20939597315436242,0.19074333800841514,-0.018652635145947283
31171,0.1053864168618267,0.11195928753180662,0.006572870669979913
31173,0.48258064516129034,0.46066886481394254,-0.02191178034734781
31175,0.17606837606837608,0.1752936059156155,-0.0007747701527605899
31177,0.2863127366470636,0.28202471104025506,-0.004288025606808521
31179,0.24333333333333335,0.24699238890252884,0.0036590555691954907
31181,0.17857142857142858,0.16789563244469655,-0.010675796126732029
31183,0.11752988047808766,0.11728395061728394,-0.00024592986080371193
31185,0.22819543609127818,0.23596792668957617,0.0077724905982979875
32001,0.23662759102554148,0.23542916388950605,-0.0011984271360354348
32003,0.5366375675197571,0.5044369646526503,-0.0322006028671068
32005,0.3391271213764399,0.3249240634492069,-0.014203057927233032
32007,0.20745092681149518,0.20618740262630758,-0.0012635241851876033
32009,0.15,0.15835140997830802,0.008351409978308022
32011,0.10317460317460317,0.10038610038610038,-0.002788502788502789
32013,0.21734654484622315,0.21307596513075966,-0.004270579715463491
32015,0.17938517179023508,0.17688073394495413,-0.0025044378452809546
32017,0.1349141455437449,0.12702265372168284,-0.007891491822062058
32019,0.28026067683350425,0.26695685876986375,-0.013303818063640505
32021,0.3541039965620971,0.30980392156862746,-0.04430007499346966
32023,0.2871610970996217,0.2799940734155647,-0.007167023684056972
32027,0.23577586206896553,0.21490467937608318,-0.02087118269288235
32029,0.3138075313807531,0.2969105691056911,-0.016896962275062044
32031,0.5082315959929512,0.4931901082150955,-0.015041487777855689
32033,0.19619527847811138,0.20294185244771318,0.0067465739696017935
32510,0.4282255623928175,0.430507274365907,0.0022817119730895175
33001,0.44005105363236174,0.42946700757203266,-0.010584046060329089
33003,0.501158905511574,0.48537134283570893,-0.01578756267586512
33005,0.5771596562641339,0.541518870210844,-0.03564078605328991
33007,0.46260974871329097,0.42529730977947117,-0.0373124389338198
33009,0.6148315606122373,0.5902674657840594,-0.024564094828177896
33011,0.5297630130639427,0.5066370926463061,-0.023125920417636614
33013,0.5404264795946774,0.5181978532556089,-0.022228626339068525
33015,0.5033451040754937,0.481027192714442,-0.022317911361051712
33017,0.5668922224033915,0.5525375547673691,-0.014354667636022445
33019,0.5082034454470877,0.48836287220966657,-0.019840573237421166
34001,0.5270832887003593,0.476876363103908,-0.050206925596451235
34003,0.5767219455923074,0.5067995129357384,-0.06992243265656894
34005,0.5911922507715194,0.5764470553371741,-0.01474519543434527
34007,0.6615813102760226,0.6297610081229703,-0.031820302153052316
34009,0.41482136050178464,0.3967160240433954,-0.018105336458389243
34011,0.5246442763748237,0.4755658942471146,-0.0490783821277091
34013,0.7726947592170537,0.7169109080288429,-0.05578385118821072
34015,0.5021719740058151,0.4780757433109606,-0.02409623069485456
34017,0.7262437462477487,0.6261976546515501,-0.1000460915961986
34019,0.4683768191638375,0.45715168365770775,-0.011225135506129746
34021,0.6938234694570904,0.6587738102529552,-0.035049659204135164
34023,0.6043615537901817,0.5252158483188065,-0.07914570547137523
34025,0.47941430804096774,0.43422196183182793,-0.04519234620913981
34027,0.5140985293429818,0.4766006477766927,-0.03749788156628914
34029,0.3497815622108481,0.3137882450650333,-0.03599331714581483
34031,0.5770807350686389,0.46928740870062685,-0.10779332636801203
34033,0.42683214433111255,0.3959549691945421,-0.030877175136570456
34035,0.5981577432354634,0.556839447162537,-0.041318296072926475
34037,0.39200773078672124,0.36652920393718463,-0.02547852684953661
34039,0.672929076528414,0.6122502410319492,-0.0606788354964648
34041,0.40964350930297594,0.38766417290108063,-0.02197933640189531
35001,0.6100853301426368,0.592313186035439,-0.01777214410719774
35003,0.25580395528804817,0.24297872340425533,-0.012825231883792837
35005,0.2843202780376955,0.2676728993016445,-0.01664737873605099
35006,0.5329664158148939,0.4960151591149752,-0.03695125669991872
35007,0.4340093085106383,0.4195659662418188,-0.014443342268819492
35009,0.2852128998079597,0.2779511778427572,-0.007261721965202528
35011,0.2563817980022198,0.23815028901734103,-0.01823150898487874
35013,0.5803051753972,0.5378598943880478,-0.042445281009152125
35015,0.23357161312548447,0.2144424793846285,-0.01912913374085598
35017,0.5258053342570143,0.5134498400084391,-0.012355494248575183
35019,0.5637277295568753,0.4974066390041494,-0.06632109055272595
35021,0.35445544554455444,0.30117647058823527,-0.05327897495631917
35023,0.41691995947315097,0.3795423956931359,-0.037377563780015055
35025,0.1941390190266756,0.1853423882286361,-0.008796630798039495
35027,0.30991655346400154,0.29849424269264835,-0.011422310771353195
35028,0.6144960546652567,0.6341103086014446,0.019614253936187875
35029,0.43971368628902874,0.3944361649279682,-0.04527752136106056
35031,0.6806992373329306,0.607387934200607,-0.07331130313232359
35033,0.6496649292628444,0.5821197411003236,-0.06754518816252075
35035,0.3599762419922786,0.3540136952396667,-0.00596254675261193
35037,0.3020914020139427,0.28594660523106114,-0.016144796782881554
35039,0.6609333654077459,0.5863622145761651,-0.07457115083158083
35041,0.2726997578692494,0.2743649657043793,0.0016652078351299116
35043,0.5301324416812518,0.5180412371134021,-0.012091204567849734
35045,0.34579492867250544,0.3299701469976949,-0.01582478167481055
35047,0.6840690313069118,0.6289676286524695,-0.0551014026544423
35049,0.7604558113515025,0.7334830440651242,-0.02697276728637832
35051,0.3809924306139613,0.39209751996637243,0.011105089352411113
35053,0.5198324022346369,0.46801742618076203,-0.05181497605387486
35055,0.7636924509632734,0.7236766960233251,-0.040015754939948356
35057,0.3219338003021563,0.29898201087714404,-0.022951789425012248
35059,0.21408608160983789,0.22784810126582278,0.013762019655984892
35061,0.4418936084518388,0.40896114433392433,-0.03293246411791445
36001,0.6429000756170545,0.6231718233643161,-0.019728252252738443
36003,0.2894472361809045,0.28297894302229565,-0.006468293158608862
36005,0.8218659155085928,0.7210725013089366,-0.10079341419965615
36007,0.5028130147389137,0.499032710951923,-0.003780303786990735
36009,0.3392255411502656,0.33494590553258863,-0.004279635617676969
36011,0.4393090315560392,0.4339762815397738,-0.005332750016265375
36013,0.386264012046177,0.38915613821782874,0.0028921261716517432
36015,0.41892674573795674,0.4145899893503727,-0.004336756387584018
36017,0.3698086273810055,0.36277728482697424,-0.007031342554031261
36019,0.5153071246176727,0.4879805678867577,-0.027326556730914997
36021,0.569743718733406,0.5681811850572471,-0.0015625336761588837
36023,0.4736433400328887,0.46639169650546164,-0.007251643527427076
36025,0.3962468579353385,0.3989030920711695,0.0026562341358309927
36027,0.5362007781998697,0.524004480574352,-0.01219629762551766
36029,0.5603634327278219,0.5446303800240937,-0.015733052703728156
36031,0.5108885464817668,0.5005718444583074,-0.010316702023459468
36033,0.4764675592173018,0.45333538904306714,-0.023132170174234634
36035,0.3294699235626454,0.3200434183609569,-0.009426505201688473
36037,0.32703611837858043,0.3293137392771762,0.002277620898595789
36039,0.40860979462875197,0.4123271434215725,0.0037173487928205406
36041,0.33763255947262827,0.35213724920034895,0.014504689727720677
36043,0.3361637347767253,0.31714534377719755,-0.019018390999527734
36045,0.39219107616306736,0.38106575169806034,-0.011125324465007025
36047,0.764151763402073,0.709094104022247,-0.055057659379825985
36049,0.29334151580239337,0.2776492364645997,-0.015692279337793658
36051,0.39414329037149354,0.3914290317383599,-0.002714258633133626
36053,0.4321193019319442,0.43263145442716033,0.0005121524952161338
36055,0.5886482102952029,0.5920819376094179,0.003433727314214985
36057,0.3754589099124541,0.3551564310544612,-0.02030247885799291
36059,0.5369997927865335,0.47511508509769074,-0.0618847076888428
36061,0.8597600530364055,0.815716442635076,-0.044043610401329425
36063,0.4389315888848626,0.42407083792992356,-0.01486075095493905
36065,0.4087378067967275,0.3931357098685392,-0.015602096928188314
36067,0.5893179908861791,0.5830388692579506,-0.006279121628228523
36069,0.48306565698593656,0.492106623101672,0.00904096611573546
36071,0.48864141253858806,0.4568655356939542,-0.031775876844633844
36073,0.3050671617341924,0.2969398483758508,-0.008127313358341604
36075,0.3854554072777656,0.37817329173051717,-0.007282115547248447
36077,0.45973142472451545,0.45825713883809255,-0.0014742858864228992
36079,0.45108283018185763,0.42958845153770286,-0.021494378644154766
36081,0.7162233259240426,0.6139954029185991,-0.10222792300544348
36083,0.512355869037793,0.5038102011786222,-0.008545667859170769
36085,0.4176109114773358,0.3473850315599639,-0.07022587991737189
36087,0.5007365521432676,0.4389892851431313,-0.06174726700013633
36089,0.4277067179181302,0.40907645482215055,-0.01863026309597965
36091,0.5126763305280182,0.5069947711219154,-0.005681559406102821
36093,0.5633382417320014,0.5505854638675258,-0.012752777864475595
36095,0.33807716635041113,0.345779827951627,0.007702661601215854
36097,0.3983059495866925,0.3938435589289479,-0.004462390657744619
36099,0.43987784705433264,0.4396700811493947,-0.0002077659049379288
36101,0.3394530914094075,0.33991266760762173,0.0004595761982142399
36103,0.4855669191702611,0.4480729475951335,-0.03749397157512763
36105,0.4408801093020608,0.41495065883292453,-0.02592945046913625
36107,0.38275725069527217,0.3842583167067063,0.0015010660114341268
36109,0.7300859972202919,0.7442405226510789,0.01415452543078699
36111,0.5905664221678891,0.5883654373109789,-0.0022009848569102264
36113,0.4847502335549816,0.4772391079851517,-0.007511125569829913
36115,0.4092936013590034,0.39263975372559995,-0.01665384763340344
36117,0.3876440674202216,0.3837724726053597,-0.003871594814861934
36119,0.6757401057834792,0.6278072156526981,-0.04793289013078106
36121,0.26038084483909046,0.2588624547030093,-0.0015183901360811825
36123,0.3910826844642195,0.4174729652817302,0.026390280817510714
37001,0.4509762925276742,0.45222695951286307,0.0012506669851888863
37003,0.2048329709428741,0.19635343618513323,-0.008479534757740853
37005,0.2445687952600395,0.23599137931034483,-0.008577415949694661
37007,0.5171520457387886,0.4830344827586207,-0.03411756298016788
37009,0.26331099026179333,0.2726265920137821,0.009315601751988756
37011,0.23165574117149504,0.23395510591210875,0.0022993647406137074
37013,0.36606498194945847,0.34054643986150834,-0.025518542087950125
37015,0.6050942435048395,0.574678859133464,-0.030415384371375587
37017,0.4277956204379562,0.3948938200906705,-0.03290180034728574
37019,0.3693928472414749,0.37079668671945,0.0014038394779750663
37021,0.5973608798717576,0.6146782131954396,0.017317333323682016
37023,0.29411237164252724,0.2894845900495125,-0.004627781593014746
37025,0.44496575021112883,0.4533535215720204,0.008387771360891583
37027,0.23920707931541713,0.2330271015158475,-0.006179977799569636
37029,0.2581891483285738,0.24143401015228427,-0.01675513817628954
37031,0.283241597376742,0.27965602287360586,-0.003585574503136124
37033,0.4032860343539955,0.37317275747508305,-0.030113276878912465
37035,0.30792927779442614,0.30500866730188614,-0.002920610492539999
37037,0.5511841807444597,0.5547503871818894,0.0035662064374296643
37039,0.2181696401388297,0.20679982046678635,-0.011369819672043341
37041,0.4171377183967112,0.3833421610169492,-0.03379555737976203
37043,0.24648193819817205,0.24572981366459629,-0.0007521245335757598
37045,0.33045528962345055,0.32110393377944535,-0.009351355844005205
37047,0.35718067004461923,0.3275509431103704,-0.029629726934248812
37049,0.39853010458871196,0.3918430562725865,-0.006687048316125488
37051,0.5740332993544003,0.5595994676649135,-0.014433831689486754
37053,0.2598005821514833,0.25502686534094055,-0.0047737168105427275
37055,0.41003631561571474,0.3998253691062073,-0.010210946509507435
37057,0.25573355627358385,0.2584214356033044,0.002687879329720533
37059,0.26522065505116355,0.2602607076350093,-0.004959947416154242
37061,0.38595641646489104,0.3518647916848633,-0.03409162478002775
37063,0.804206454194782,0.7984544972141151,-0.0057519569806668835
37065,0.6315107744239903,0.6094568062827225,-0.02205396814126781
37067,0.561598847319521,0.557550091341598,-0.00404875597792298
37069,0.42512917994163474,0.4257857360489371,0.000656556107302364
37071,0.3546295173942406,0.3694740725833501,0.014844555189109487
37073,0.426394238820968,0.38650306748466257,-0.03989117133630543
37075,0.1939978563772776,0.17555974053149195,-0.01843811584578564
37077,0.4609468953731249,0.44745203089957636,-0.013494864473548529
37079,0.4377927567691077,0.40674556213017754,-0.031047194638930187
37081,0.6084165828898435,0.6003023999045791,-0.00811418298526434
37083,0.6034783959004619,0.5847694554558731,-0.018708940444588817
37085,0.37899919372823493,0.3681478112207287,-0.010851382507506224
37087,0.3596956926276613,0.3675728514438192,0.007877158816157859
37089,0.39799037603662374,0.41959870809157684,0.021608332054953105
37091,0.6673876246003385,0.6289749060245861,-0.03841271857575246
37093,0.5454965571421969,0.5225106513813853,-0.02298590576081161
37095,0.41974317817014445,0.38455183808343657,-0.03519134008670788
37097,0.3310312490842133,0.33135512965050734,0.0003238805662940658
37099,0.44759193578495426,0.4441709962628749,-0.0034209395220793914
37101,0.37049309877241665,0.3859221354208441,0.01542903664842743
37103,0.3976470588235294,0.3673805601317957,-0.0302664986917337
37105,0.41860865968008826,0.4070675841893554,-0.011541075490732855
37107,0.4788975324721039,0.4617678071483111,-0.01712972532379281
37109,0.26433279566680606,0.26702889424633874,0.0026960985795326797
37111,0.2535321479806982,0.2498837455083492,-0.0036484024723489883
37113,0.3003422841440486,0.3043220570803319,0.003979772936283266
37115,0.3748088100336494,0.3736876881286249,-0.0011211219050245025
37117,0.47137161084529505,0.44518272425249167,-0.026188886592803384
37119,0.6667930510904625,0.6518627544350265,-0.014930296655435993
37121,0.2065037053423294,0.21657995928522958,0.010076253942900182
37123,0.33675772433652423,0.307057398152355,-0.029700326184169235
37125,0.35617682853665644,0.3469169768570966,-0.009259851679559838
37127,0.4963937938818848,0.4861351984905948,-0.010258595391290037
37129,0.5016915724797087,0.496013954762351,-0.0056776177173577524
37131,0.6002967359050445,0.5685295713510581,-0.03176716455398643
37133,0.33593133522530627,0.3144427712687161,-0.021488563956590157
37135,0.7481911126275045,0.7453164326306558,-0.0028746799968486503
37137,0.3555235224741187,0.33550651955867605,-0.020017002915442672
37139,0.4941448459566769,0.4693997935407757,-0.024745052415901192
37141,0.3430887646697299,0.32023439307101187,-0.022854371598718004
37143,0.33297701763762694,0.295982259326898,-0.03699475831072896
37145,0.386635607929113,0.3764294790343075,-0.010206128894805488
37147,0.5395726993479726,0.5232985194536899,-0.016274179894282703
37149,0.36559313804822785,0.3693755739210285,0.003782435872800638
37151,0.21302307818211577,0.20985948847489738,-0.0031635897072183894
37153,0.4216153735009392,0.39183817239470636,-0.02977720110623283
37155,0.4030685767568026,0.35766516998075687,-0.04540340677604571
37157,0.33449768871969715,0.3160802500252042,-0.01841743869449297
37159,0.31487031386224934,0.31551582354033475,0.0006455096780854097
37161,0.2653286473612362,0.25710989327949235,-0.008218754081743829
37163,0.38318540778530996,0.3473990284032481,-0.03578637938206186
37165,0.48636209813874787,0.4617803910843703,-0.024581707054377566
37167,0.23951795869059195,0.24189682409979843,0.002378865409206482
37169,0.2056729310143574,0.19797608095676172,-0.007696850057595683
37171,0.2380315519406081,0.2296310120507625,-0.008400539889845599
37173,0.39332201471420486,0.37478729438457176,-0.018534720329633103
37175,0.41384042344638305,0.43176130895091436,0.017920885504531303
37177,0.4171711612548156,0.3870233352305065,-0.0301478260243091
37179,0.37191533535351995,0.36717735280398983,-0.0047379825495301175
37181,0.5919805705033573,0.562014732231734,-0.029965838271623246
37183,0.6225345425193486,0.6165794546956761,-0.005955087823672489
37185,0.6217817934518605,0.5864376310795966,-0.0353441623722639
37187,0.547300564061241,0.5279273216689099,-0.01937324239233107
37189,0.5314090626939789,0.520471370297628,-0.010937692396350895
37191,0.4360156292201595,0.4130236295241226,-0.022991999696036935
37193,0.21178029662211695,0.1980726872246696,-0.013707609397447335
37195,0.5094881551491347,0.4971656886003246,-0.012322466548810085
37197,0.18887717713195804,0.18331127126538216,-0.0055659058665758765
37199,0.324876673713883,0.3221660905787468,-0.002710583135136224
38001,0.2033096926713948,0.17901748542880933,-0.024292207242585462
38003,0.3270440251572327,0.311106948866829,-0.015937076290403696
38005,0.4191738908720041,0.3971028971028971,-0.022070993769106984
38007,0.11338582677165354,0.1437403400309119,0.030354513259258364
38009,0.23653125900316913,0.21322889469103568,-0.02330236431213345
38011,0.1375980687990344,0.12793572311495674,-0.009662345684077672
38013,0.11861471861471862,0.12310606060606061,0.0044913419913419905
38015,0.2827025003448072,0.27198974417848193,-0.010712756166325277
38017,0.46844386598956456,0.44362747795841545,-0.024816388031149106
38019,0.23465346534653464,0.2471061902365375,0.012452724890002848
38021,0.2508250825082508,0.22706889523033022,-0.023756187277920587
38023,0.22046589018302828,0.21065778517901748,-0.009808105004010803
38025,0.14627887082976904,0.1480820695807315,0.0018031987509624647
38027,0.3037272006344171,0.26224066390041495,-0.041486536734002155
38029,0.11796913887506222,0.10621761658031088,-0.011751522294751335
38031,0.20978627671541059,0.1967116852613036,-0.013074591454106999
38033,0.13352826510721247,0.1231079717457114,-0.010420293361501062
38035,0.41588634162092347,0.3969628474101429,-0.018923494210780545
38037,0.1498913830557567,0.15696784073506892,0.007076457679312226
38039,0.2464,0.2335143522110163,-0.012885647788983712
38041,0.14939024390243902,0.14701378254211334,-0.0023764613603256823
38043,0.15136986301369862,0.17024320457796852,0.018873341564269897
38045,0.23749436683190625,0.2133772962788507,-0.024117070553055564
38047,0.11895910780669144,0.1132623426911907,-0.00569676511550074
38049,0.1878121878121878,0.17405523255813954,-0.01375695525404827
38051,0.17938144329896907,0.1647482014388489,-0.01463324186012016
38053,0.1502122162760657,0.14653142546640102,-0.0036807908096646857
38055,0.2221820809248555,0.2016233167312304,-0.020558764193625095
38057,0.15058823529411763,0.14753018660812295,-0.0030580486859946854
38059,0.2329863409350743,0.2200046959380136,-0.012981644997060698
38061,0.30156062424969987,0.27620918242082004,-0.025351441828879828
38063,0.3297692740574001,0.32935831913685404,-0.0004109549205460472
38065,0.12101313320825516,0.14351425942962281,0.022501126221367657
38067,0.23596517562293606,0.2262210796915167,-0.009744095931419366
38069,0.23355263157894737,0.22284263959390863,-0.010709991985038747
38071,0.30510052122114667,0.28879557167398356,-0.016304949547163106
38073,0.38508557457212717,0.34730086825217066,-0.03778470631995651
38075,0.16679302501895377,0.14817880794701987,-0.018614217071933892
38077,0.3213005632360471,0.29935843118266553,-0.02194213205338158
38079,0.6524710830704522,0.6299386503067484,-0.022532432763703758
38081,0.3565217391304348,0.3245227606461087,-0.03199897848432609
38083,0.12807881773399016,0.1334214002642008,0.005342582530210638
38085,0.6779089376053963,0.6862539349422875,0.008344997336891202
38087,0.10304449648711944,0.08483290488431877,-0.01821159160280067
38089,0.16604651162790698,0.1637748344370861,-0.0022716771908208866
38091,0.3602941176470588,0.361576354679803,0.0012822370327441601
38093,0.26870167687518826,0.26564041839352676,-0.0030612584816614996
38095,0.27001703577512776,0.2594254937163375,-0.01059154205879026
38097,0.3609767891682785,0.3302551640340219,-0.030721625134256636
38099,0.27869537946895256,0.2608985765124555,-0.01779680295649705
38101,0.2581958507399278,0.25269683384701597,-0.005499016892911823
38103,0.18618365627632688,0.17976031957390146,-0.006423336702425425
38105,0.15131854332356634,0.15050919190583256,-0.0008093514177337779
39001,0.17752161383285303,0.1687987770536648,-0.008722836779188226
39003,0.2947339915843853,0.27505445448467725,-0.019679537099708044
39005,0.24771823518273053,0.24543374714023178,-0.0022844880424987557
39007,0.3736833759938388,0.3537833725273205,-0.019900003466518268
39009,0.5668674929966614,0.5483395406579764,-0.018527952338684983
39011,0.18043216821197192,0.17331928674548364,-0.00711288146648828
39013,0.27617263056092844,0.260334439539904,-0.01583819102102446
39015,0.20762229806598406,0.18975004663309084,-0.017872251432893227
39017,0.37278632515248716,0.3641598934480368,-0.008626431704450377
39019,0.2287503518153673,0.2222302626818149,-0.006520089133552398
39021,0.25345483677148006,0.24146520146520148,-0.011989635306278584
39023,0.3749454930542578,0.3475777583326704,-0.027367734721587378
39025,0.30858073859522084,0.31653277029690824,0.007952031701687401
39027,0.2288205777756126,0.22296549400837384,-0.005855083767238756
39029,0.26793020457280387,0.2510561255280628,-0.016874079044741086
39031,0.24643049166616882,0.23474322090959174,-0.011687270756577078
39033,0.2376486512617229,0.23131637441343542,-0.006332276848287494
39035,0.6651685393258427,0.6528550614029002,-0.012313477922942573
39037,0.17435689540797522,0.16972816828383083,-0.004628727124144388
39039,0.30860120736804086,0.2958342033827521,-0.012767003985288738
39041,0.4579598635678591,0.4622241213865899,0.004264257818730799
39043,0.4336928226106359,0.4244383506503308,-0.0092544719603051
39045,0.37478844330280514,0.3752797281456836,0.00049128484287847
39047,0.23588645734221375,0.22058706546814097,-0.015299391874072782
39049,0.648840664978266,0.636078398595846,-0.012762266382419951
39051,0.29266578831796225,0.2838692437872985,-0.008796544530663752
39053,0.21668236828755708,0.19935394554683894,-0.017328422740718136
39055,0.37844736795130396,0.3753415673844136,-0.00310580056689036
39057,0.39256342858432136,0.395097788785109,0.002534360200787622
39059,0.2510696653867252,0.23600931765240613,-0.01506034773431908
39061,0.5714769718445498,0.5690527573551825,-0.00242421448936736
39063,0.30324211395114903,0.30221648261866485,-0.0010256313324841781
39065,0.23114667471880426,0.22205848134646708,-0.009088193372337183
39067,0.2309601567602874,0.21926863572433192,-0.011691521035955471
39069,0.2751286914115416,0.26186963519313305,-0.01325905621840856
39071,0.19307786135393373,0.1805673687897133,-0.012510492564220432
39073,0.2806712962962963,0.27459411372229225,-0.006077182574004025
39075,0.15401251255117016,0.15030401297122012,-0.0037084995799500364
39077,0.285362265538801,0.2754262198706643,-0.009936045668136717
39079,0.22380694876301202,0.20669139777420031,-0.017115550988811706
39081,0.300281757688388,0.2747945117855886,-0.025487245902799383
39083,0.2735524555704185,0.2709319710939447,-0.002620484476473839
39085,0.4253653004773617,0.4237394908966472,-0.00162580958071451
39087,0.2662566217513421,0.24385130835173885,-0.022405313399603277
39089,0.35086508863178006,0.34538186408584054,-0.005483224545939525
39091,0.21632146525162615,0.21477398957532257,-0.001547475676303589
39093,0.48061764388295003,0.46669014571685524,-0.013927498166094787
39095,0.5752630555818625,0.557791080169352,-0.017471975412510554
39097,0.2869806094182826,0.2764042769364749,-0.010576332481807671
39099,0.48451658457038144,0.44927909143338807,-0.03523749313699337
39101,0.29725357682076353,0.2888263459921781,-0.00842723082858543
39103,0.3760926057169856,0.37153533560652063,-0.004557270110464973
39105,0.22755912702036343,0.21173076923076922,-0.01582835778959421
39107,0.16960565632759564,0.162716288468825,-0.006889367858770645
39109,0.27018215690333264,0.26980131107656957,-0.00038084582676306544
39111,0.2245383324006715,0.19658622719246616,-0.027952105208205347
39113,0.5030222900877078,0.49744346386121324,-0.005578826226494582
39115,0.2519351540820797,0.23002064287820703,-0.021914511203872694
39117,0.21932058297664841,0.21742588959007264,-0.0018946933865757742
39119,0.29583590757444705,0.27647402812031224,-0.01936187945413481
39121,0.18445530506069682,0.17351079370232106,-0.010944511358375764
39123,0.37522389303119924,0.37003338898163607,-0.005190504049563172
39125,0.23375937466990598,0.2141856203514067,-0.01957375431849928
39127,0.24575712143928036,0.2236346516007533,-0.02212246983852706
39129,0.25835661985780484,0.25262978142076503,-0.005726838437039805
39131,0.250563970351273,0.2285971517433295,-0.021966818607943472
39133,0.43031421951925863,0.41764592795520633,-0.012668291564052303
39135,0.20601586500985833,0.20054488363502032,-0.005470981374838008
39137,0.16038351488379096,0.15163478084826398,-0.008748734035526978
39139,0.2941225510629429,0.28427744080052086,-0.009845110262422019
39141,0.3170365476440734,0.2989797157779667,-0.018056831866106682
39143,0.3523309170712243,0.34119666173105395,-0.011134255340170374
39145,0.28333385340281464,0.2572482360487492,-0.02608561735406545
39147,0.3202634637737311,0.30736650437398566,-0.012896959399745445
39149,0.1767756750336527,0.1720183486238532,-0.004757326409799506
39151,0.399749314036834,0.3859538636104521,-0.013795450426381917
39153,0.5407579339187729,0.5300452167810185,-0.010712717137754457
39155,0.4407778140810487,0.4118634235279493,-0.02891439055309941
39157,0.2928319890946268,0.2796643655719034,-0.013167623522723437
39159,0.3331140678726267,0.3467467360124393,0.01363266813981262
39161,0.2049448713665219,0.20367981533030077,-0.0012650560362211238
39163,0.2207296849087894,0.20372952248170095,-0.017000162427088433
39165,0.3384937545922116,0.3375471819738001,-0.0009465726184114676
39167,0.2885642034279292,0.27741935483870966,-0.011144848589219547
39169,0.3069100823462226,0.29911571025399813,-0.007794372092224444
39171,0.2596107447321859,0.2541176470588235,-0.005493097673362424
39173,0.45293430181812805,0.4441156452519753,-0.008818656566152772
39175,0.2399473222124671,0.23977172958735732,-0.0001755926251097717
40001,0.19513224535734383,0.17764608599779494,-0.017486159359548892
40003,0.10256410256410256,0.10925925925925926,0.006695156695156704
40005,0.14195583596214512,0.13758389261744966,-0.004371943344695456
40007,0.08723599632690542,0.0743879472693032,-0.012848049057602215
40009,0.1318570709612481,0.1423547798905965,0.010497708929348398
40011,0.17636503460651115,0.17723190702588484,0.0008668724193736932
40013,0.20799949924887332,0.20037053671682012,-0.007628962532053196
40015,0.2708185414342225,0.254212299915754,-0.016606241518468512
40017,0.2702938327413626,0.2878999370501136,0.01760610430875098
40019,0.22947789927614354,0.2194683908045977,-0.01000950847154583
40021,0.34023935869933386,0.32688099646524155,-0.013358362234092314
40023,0.1855281207133059,0.16740556836318496,-0.018122552350120946
40025,0.06641366223908918,0.07058823529411765,0.004174573055028469
40027,0.41599458999148425,0.4143712173286167,-0.0016233726628675504
40029,0.14817749603803487,0.1359338061465721,-0.012243689891462767
40031,0.38581572226432037,0.37402286781005717,-0.011792854454263202
40033,0.15279937791601866,0.1564245810055866,0.00362520308956793
40035,0.20175729442970822,0.2001321003963012,-0.0016251940334070236
40037,0.21560399934436977,0.21215508431272356,-0.0034489150316462103
40039,0.22158825180057992,0.2241345397324941,0.002546287931914165
40041,0.20133371991881704,0.19190413077092996,-0.00942958914788708
40043,0.0907164052564646,0.0943566591422122,0.0036402538857475963
40045,0.08649225840896957,0.108719646799117,0.02222738839014743
40047,0.2193045028979046,0.2219831532686321,0.002678650370727509
40049,0.17075627174510163,0.1639523246292421,-0.006803947115859521
40051,0.17938617375871174,0.17940908911126052,2.2915352548780188e-05
40053,0.12578616352201258,0.1388235294117647,0.013037365889752128
40055,0.16624429802331475,0.1655773420479303,-0.0006669559753844645
40057,0.18971061093247588,0.1870748299319728,-0.0026357810005030735
40059,0.09145931405514458,0.10130944176430048,0.0098501277091559
40061,0.15616274431591542,0.1454619124797407,-0.010700831836174735
40063,0.18921144739551163,0.1783644558918223,-0.01084699150368934
40065,0.2002189514657584,0.19893207500310442,-0.0012868764626539908
40067,0.13375262054507336,0.13431578947368422,0.0005631689286108577
40069,0.17360621030345802,0.16170212765957448,-0.01190408264388354
40071,0.23421647631746767,0.2445456157984982,0.010329139481030536
40073,0.13209590100541377,0.13665975718092982,0.004563856175516051
40075,0.2039684855558798,0.20073215375228798,-0.003236331803591813
40077,0.179336314426924,0.16695268448149056,-0.012383629945433433
40079,0.1754320659399096,0.169777114215634,-0.005654951724275603
40081,0.17524180548092425,0.17536372453928226,0.00012191905835801098
40083,0.2528506535644758,0.24435794442834072,-0.008492709136135063
40085,0.17443572129538765,0.16173708920187793,-0.012698632093509715
40087,0.18621334996880848,0.18839089591998878,0.002177545951180304
40089,0.16203017354146682,0.14996905119816076,-0.012061122343306058
40091,0.24367126574685063,0.22952956511435005,-0.014141700632500587
40093,0.0922988174214018,0.09401955146635997,0.0017207340449581776
40095,0.18139841688654354,0.17741690696615572,-0.003981509920387816
40097,0.21538554071935523,0.20311960400598594,-0.012265936713369285
40099,0.19613165931455717,0.18351741716227699,-0.012614242152280186
40101,0.32004306048403175,0.3038140986164142,-0.016228961867617575
40103,0.20311867152693397,0.20355053459753883,0.00043186307060485984
40105,0.1621498519699385,0.1578601183950888,-0.004289733574849713
40107,0.2218920257553244,0.21414242728184554,-0.007749598473478864
40109,0.480844133812852,0.4802975187160593,-0.000546615096792713
40111,0.30440857961293927,0.27730155411526936,-0.027107025497669912
40113,0.2922387769013536,0.28441923598991664,-0.00781954091143694
40115,0.2348312642070292,0.2246376811594203,-0.010193583047608923
40117,0.20085470085470086,0.19694767441860464,-0.003907026436096223
40119,0.3678440103903114,0.3606680556029919,-0.007175954787319472
40121,0.21022093282749385,0.19764397905759162,-0.012576953769902227
40123,0.268733681462141,0.25668907341505204,-0.012044608047088956
40125,0.2581160191591272,0.25251963578230346,-0.0055963833768237214
40127,0.1409580080185693,0.1310080816673756,-0.00994992635119371
40129,0.0916030534351145,0.09232544720138489,0.0007223937662703822
40131,0.21522680852018944,0.2163233977229116,0.0010965892027221535
40133,0.2578865299268322,0.24254102436598707,-0.01534550556084513
40135,0.1972572468477837,0.18654944490791248,-0.010707801939871225
40137,0.16550348953140578,0.17379162191192266,0.008288132380516872
40139,0.16192718710378554,0.1523242412600845,-0.009602945843701027
40141,0.22045790251107827,0.1973943939992104,-0.023063508511867864
40143,0.4087176295007462,0.412957939433095,0.004240309932348807
40145,0.23951553568396627,0.24233136801641517,0.002815832332448892
40147,0.24637249478745585,0.24997842409596963,0.003605929308513778
40149,0.12518316935315052,0.11844368013757524,-0.006739489215575281
40151,0.16068515497553018,0.16877405167674547,0.008088896701215292
40153,0.12909441233140656,0.13224835886214442,0.003153946530737861
41001,0.23620620217478855,0.2416958943676501,0.0054896921928615505
41003,0.6785545180779939,0.6750477783086479,-0.0035067397693460123
41005,0.5395977165387944,0.5302956465237167,-0.009302070015077657
41007,0.5401923881221247,0.5381279519106913,-0.0020644362114333736
41009,0.42937835573073463,0.41153379715325206,-0.017844558577482572
41011,0.3841672285906945,0.38424513782006436,7.790922936984357e-05
41013,0.24605126877265665,0.23538074492237834,-0.010670523850278307
41015,0.40589614740368507,0.40401408450704224,-0.0018820628966428332
41017,0.5267099988820927,0.5347046123650638,0.007994613482971147
41019,0.2977513248069123,0.29747439610400117,-0.0002769287029111278
41021,0.27504244482173174,0.2566137566137566,-0.018428688207975108
41023,0.20213228894691035,0.18312387791741472,-0.01900841102949563
41025,0.19950903816112475,0.1873090481786134,-0.012199989982511344
41027,0.6695187165775401,0.6582198788069568,-0.011298837770583381
41029,0.4677230369991743,0.4521543505168434,-0.015568686482330896
41031,0.368756820280366,0.3354042553191489,-0.03335256496121708
41033,0.35729362328382486,0.34109776738937697,-0.016195855894447886
41035,0.2828513859391167,0.27751654230606787,-0.005334843633048814
41037,0.18152647261058905,0.16164253501068124,-0.01988393759990781
41039,0.6045632679873838,0.5952859881203114,-0.009277279867072385
41041,0.5658074594805702,0.5741511206549457,0.00834366117437546
41043,0.36497797356828193,0.3604838370969774,-0.004494136471304533
41045,0.2761775669264656,0.2634993147555962,-0.01267825217086943
41047,0.4885522007563401,0.47207561378764573,-0.016476586968694362
41049,0.26787807737397423,0.2404902789518174,-0.027387798422156828
41051,0.7920670147673182,0.7867881713940857,-0.005278843373232478
41053,0.47456047710753557,0.46296724308196585,-0.01159323402556972
41055,0.2152317880794702,0.2003439380911436,-0.014887849988326596
41057,0.4776172430127901,0.4766797932562146,-0.0009374497565755036
41059,0.32408136085719474,0.29626901521216975,-0.027812345645024994
41061,0.2846627408993576,0.2818032111980239,-0.0028595297013337406
41063,0.31559526121577003,0.30794831636648395,-0.007646944849286075
41065,0.46737438075017695,0.4532148457919498,-0.014159534958227138
41067,0.6553948165306593,0.6478054969139013,-0.007589319616758017
41069,0.22487046632124352,0.24193548387096775,0.017065017549724226
41071,0.4611781477521511,0.45001730103806226,-0.011160846714088846
42001,0.32201980898478955,0.3271558120362737,0.00513600305148415
42003,0.5961446814304749,0.5966878740437249,0.0005431926132499765
42005,0.2325268078086335,0.2304210781540451,-0.002105729654588384
42007,0.4050275174773167,0.39218497938698693,-0.012842538090329758
42009,0.15837383041996084,0.15397727272727274,-0.004396557692688097
42011,0.4519558236839545,0.4342635747576702,-0.017692248926284293
42013,0.27731739916660114,0.27909590601856843,0.0017785068519672875
42015,0.26678603401969564,0.25615542446781225,-0.010630609551883385
42017,0.5166442051918816,0.49480584896815183,-0.02183835622372976
42019,0.33103570010149597,0.3348237812911726,0.0037880811896766065
42021,0.3079037605917193,0.29769736842105265,-0.010206392170666656
42023,0.26047658175842237,0.24245155475439387,-0.0180250270040285
42025,0.33340271789229536,0.3219098742760277,-0.011492843616267678
42027,0.5168853961002929,0.5089489058322606,-0.007936490268032337
42029,0.5798754856884852,0.5670812766952648,-0.01279420899322048
42031,0.23998358385061305,0.23118633760705418,-0.008797246243558876
42033,0.24537060524580184,0.23860994311155082,-0.006760662134251028
42035,0.31217021276595747,0.2912752402548321,-0.020894972511125376
42037,0.33787815597831317,0.3402197937131631,0.0023416377348499107
42039,0.3076849823826302,0.29991602910990856,-0.007768953272721646
42041,0.4395988558918041,0.4464742984986118,0.0068754426068077246
42043,0.5359576027360078,0.5238353196099675,-0.012122283126040245
42045,0.6294708338034526,0.6134709847275209,-0.01599984907593166
42047,0.26747900153791554,0.26135369906138867,-0.006125302476526873
42049,0.49813616568064606,0.49025037246992986,-0.007885793210716197
42051,0.329004329004329,0.30797832114948326,-0.021026007854845763
42053,0.2751322751322751,0.2732075471698113,-0.0019247279624637903
42055,0.27755839718752706,0.28066138953793335,0.003102992350406286
42057,0.13601604613263132,0.13476825241531123,-0.0012477937173200893
42059,0.27794442243477274,0.2664191227663031,-0.011525299668469657
42061,0.2388996138996139,0.23181896700639143,-0.007080646893222464
42063,0.30666537210544204,0.3006701555802884,-0.005995216525153613
42065,0.19834384858044163,0.2035107440875092,0.005166895507067559
42067,0.1870796313210994,0.18919365499008592,0.0021140236689865255
42069,0.5371371631574386,0.5104211338879835,-0.026716029269455155
42071,0.41338643086793775,0.415267391973228,0.0018809611052902353
42073,0.346774893653963,0.32774357885799194,-0.019031314795971088
42075,0.3340032378719366,0.33564023231829776,0.001636994446361173
42077,0.5321119791243714,0.5074390179653337,-0.02467296115903761
42079,0.42311881607868457,0.40028178033941725,-0.02283703573926732
42081,0.2864110439801532,0.2884476836726146,0.0020366396924613728
42083,0.2618925305661153,0.2598821258002236,-0.0020104047658917046
42085,0.36351244090140455,0.344889573703133,-0.018622867198271553
42087,0.21407310947818808,0.21453491006297856,0.00046180058479047825
42089,0.5255937682663517,0.491166325635779,-0.034427442630572735
42091,0.6262993549044706,0.608752826805604,-0.017546528098866587
42093,0.38593797973595334,0.3897860314897053,0.0038480517537519687
42095,0.4977536240362228,0.48623853211009177,-0.011515091926131038
42097,0.299813163682804,0.29555167501493496,-0.004261488667869018
42099,0.24135972740548434,0.24820213799805638,0.00684241059257204
42101,0.814416956555167,0.7881046405735188,-0.026312315981648182
42103,0.3999201327025865,0.3757367668097282,-0.0241833658928583
42105,0.19042365401588704,0.18436984039625756,-0.006053813619629478
42107,0.2935710947126893,0.28533559247923046,-0.008235502233458813
42109,0.25653082549634276,0.26145323884619226,0.004922413349849497
42111,0.21345238388871074,0.21026882904038552,-0.0031835548483252207
42113,0.25618915159944367,0.26229508196721313,0.006105930367769463
42115,0.286686281721221,0.2719603642206749,-0.014725917500546137
42117,0.2351126927639383,0.23625330059758187,0.0011406078336435588
42119,0.37161322396221724,0.3782801585803285,0.006666934618111242
42121,0.2859243063932449,0.28520125692054465,-0.0007230494727002434
42123,0.2937530266343826,0.29976354774887803,0.0060105211144954596
42125,0.38056010398555007,0.3692740324132317,-0.011286071572318368
42127,0.32720993983409874,0.31075940768917265,-0.01645053214492609
42129,0.352369599945285,0.35423977299598014,0.0018701730506951453
42131,0.3165971193969579,0.31092213659314377,-0.0056749828038141215
42133,0.36949566194631633,0.3688696280245576,-0.0006260339217587507
44001,0.6352278726024987,0.6161284630315864,-0.019099409570912274
44003,0.5275692049885599,0.4967256409155323,-0.030843564073027574
44005,0.638944266273728,0.6125778833654579,-0.026366382908270092
44007,0.6051777442814862,0.5565950630193675,-0.04858268126211873
44009,0.5857086510649487,0.560116260718607,-0.025592390346341753
45001,0.3298479852006756,0.18808100929614874,-0.14176697590452686
45003,0.37888125843751835,0.24236370042551875,-0.1365175580119996
45005,0.7564709156693571,0.4774506560811556,-0.2790202595882015
45007,0.28273651566711416,0.1714617074957272,-0.11127480817138696
45009,0.6186362233878433,0.3799320922608594,-0.2387041311269839
45011,0.45732002712915415,0.2776020945968921,-0.17971793253226204
45013,0.4437982317166658,0.2809753231867539,-0.16282290852991194
45015,0.4329299814279423,0.27424357906304836,-0.15868640236489395
45017,0.4709926426245326,0.2812736921910538,-0.1897189504334788
45019,0.5550884824337353,0.3462815606242124,-0.20880692180952293
45021,0.27633557578155915,0.15939986848638565,-0.1169357072951735
45023,0.4405026337500793,0.27226364961001115,-0.16823898414006816
45025,0.39367450731087095,0.2363474888079314,-0.15732701850293954
45027,0.49303770991454016,0.28856209150326795,-0.2044756184112722
45029,0.44609241300627495,0.26905960458160066,-0.17703280842467428
45031,0.46950674029058825,0.2852307320343323,-0.18427600825625595
45033,0.49126020914434015,0.2945788719332265,-0.19668133721111364
45035,0.43769248686560214,0.27852648183392487,-0.15916600503167727
45037,0.372294046903187,0.22314821467059415,-0.14914583223259287
45039,0.6082729070533949,0.3731312230643483,-0.23514168398904656
45041,0.48291737715082933,0.3021044597099553,-0.18081291744087402
45043,0.4314934002399913,0.2642545602231993,-0.16723884001679196
45045,0.3991013151013926,0.2533685761594434,-0.14573273894194916
45047,0.3794601012310192,0.2323663990330657,-0.1470937021979535
45049,0.5720580333154218,0.3504595327746063,-0.22159850054081554
45051,0.3292460388107531,0.20174407877487205,-0.12750196003588105
45053,0.4991663192997082,0.297873118633529,-0.20129320066617923
45055,0.3776205061107972,0.23511168103062655,-0.14250882508017068
45057,0.37974252025346916,0.24676477973554792,-0.13297774051792124
45059,0.3332130674363684,0.19349286730877438,-0.13972020012759404
45061,0.6320721148143755,0.371883770843652,-0.26018834397072355
45063,0.34102290963422055,0.21699125726953614,-0.12403165236468441
45065,0.47165174653326314,0.27227910504361014,-0.199372641489653
45067,0.6033732317736671,0.36430634398964246,-0.23906688778402463
45069,0.5495369561418836,0.3373391121618072,-0.2121978439800764
45071,0.37346358220170683,0.21479397650173754,-0.1586696056999693
45073,0.2560735713583161,0.15753359833427977,-0.09853997302403633
45075,0.6624196092707195,0.4117212153998738,-0.25069839387084575
45077,0.237114656101206,0.15319294414760165,-0.08392171195360434
45079,0.6839780829833558,0.44262681526881603,-0.2413512677145398
45081,0.31949536338149664,0.181495451519858,-0.13799991186163865
45083,0.3560324240691534,0.21727068431053725,-0.13876173975861616
45085,0.5596688470973017,0.34573094236587704,-0.21393790473142466
45087,0.3722561665535189,0.2215531505140098,-0.15070301603950909
45089,0.6436659368157648,0.4016748080949058,-0.24199112872085898
45091,0.40963554321416173,0.2647847402244006,-0.1448508029897611
46003,0.22562277580071174,0.21679827709978464,-0.008824498700927108
46005,0.29755684225391893,0.2877318116975749,-0.009825030556344039
46007,0.39391377852916315,0.35753676470588236,-0.03637701382328079
46009,0.24025324891702765,0.23295454545454544,-0.007298703462482209
46011,0.41944120271847324,0.40016065332351564,-0.019280549394957602
46013,0.37259930472445435,0.35645132899137477,-0.016147975733079578
46015,0.27028112449799196,0.27486586875773833,0.004584744259746365
46017,0.6411657559198543,0.6244635193133047,-0.01670223660654957
46019,0.19554352353186172,0.18536009445100354,-0.010183429080858175
46021,0.13402061855670103,0.14354066985645933,0.009520051299758303
46023,0.3111287338091462,0.2766251728907331,-0.03450356091841311
46025,0.23621621621621622,0.2252985884907709,-0.010917627725445328
46027,0.5410670410670411,0.5204171822520771,-0.02064985881496395
46029,0.29154319580578986,0.2842339008142117,-0.007309294991578175
46031,0.4848012470771629,0.4330708661417323,-0.05173038093543059
46033,0.27702948671277755,0.26112314614230964,-0.015906340570467914
46035,0.3132245091081145,0.2988994224692165,-0.014325086638897977
46037,0.3549257759784076,0.34106412005457026,-0.013861655923837313
46039,0.2591489361702128,0.2297650130548303,-0.029383923115382488
46041,0.5752797558494405,0.5515766969535008,-0.02370305889593971
46043,0.1265377855887522,0.13208685162846803,0.005549066039715833
46045,0.21007556675062972,0.18906942392909898,-0.021006142821530738
46047,0.26051459673428995,0.24099204492278894,-0.019522551811501004
46049,0.16751269035532995,0.16194690265486725,-0.005565787700462704
46051,0.28197596795727636,0.2606060606060606,-0.021369907351215744
46053,0.20150575730735165,0.1879135421261579,-0.013592215181193745
46055,0.09234828496042216,0.09333333333333334,0.0009850483729111764
46057,0.20986052546221212,0.18908865468071917,-0.02077187078149295
46059,0.20315904139433552,0.20691609977324263,0.0037570583789071077
46061,0.233249581239531,0.19501466275659823,-0.038234918482932756
46063,0.06027060270602706,0.05853658536585366,-0.0017340173401734008
46065,0.3385303221368795,0.3364552459988145,-0.002075076138065013
46067,0.20228298380674276,0.20208779443254818,-0.0001951893741945765
46069,0.19154929577464788,0.21294964028776978,0.021400344513121894
46071,0.3219730941704036,0.31620903454384414,-0.005764059626559459
46073,0.268389662027833,0.27627627627627627,0.00788661424844328
46075,0.15025041736227046,0.10909090909090909,-0.041159508271361375
46077,0.2947103274559194,0.2713316672616923,-0.02337866019422713
46079,0.3521198705942449,0.3349136471385032,-0.017206223455741687
46081,0.32810240092565807,0.32928807839574276,0.0011856774700846895
46083,0.36982960859365355,0.35668947325035033,-0.013140135343303216
46085,0.3287413901064496,0.29163787145818937,-0.037103518648260225
46087,0.26517241379310347,0.2418343780930386,-0.023338035700064874
46089,0.16767371601208458,0.1447267128560431,-0.02294700315604148
46091,0.3939393939393939,0.370791844476055,-0.023147549463338912
46093,0.2403072421360644,0.23316521264994547,-0.007142029486118917
46095,0.38751625487646296,0.38513513513513514,-0.0023811197413278196
46097,0.281195079086116,0.25107112253641817,-0.03012395654969785
46099,0.43846803717262745,0.4247760304726236,-0.013692006700003867
46101,0.367747972551466,0.32988397616807774,-0.037863996383388276
46103,0.35825306860461076,0.35438317426652527,-0.003869894338085489
46105,0.1431995206710605,0.1433060967944689,0.00010657612340839173
46107,0.1644927536231884,0.16486902927580893,0.00037627565262052243
46109,0.424425354074762,0.3759942154736081,-0.04843113860115389
46111,0.2168776371308017,0.2136963696369637,-0.003181267493837986
46115,0.31552323743281696,0.29340554316661355,-0.022117694266203414
46117,0.25484261501210653,0.2576368876080692,0.0027942725959626546
46119,0.1989247311827957,0.1864594894561598,-0.012465241726635878
46121,0.773139031114612,0.7384760112888052,-0.03466301982580677
46123,0.1836053412462908,0.17709118311981914,-0.006514158126471659
46125,0.2504397537379068,0.23005729396209784,-0.020382459775808937
46127,0.30773574251835123,0.2870662460567823,-0.020669496461568904
46129,0.2189922480620155,0.19505271695052717,-0.023939531111488332
46135,0.36844036697247706,0.35847488921713444,-0.009965477755342622
46137,0.5309050772626932,0.4686299615877081,-0.062275115674985115
47001,0.3300815293786899,0.31533873262558826,-0.014742796753101639
47003,0.23328792958927075,0.20517670482827277,-0.028111224760997977
47005,0.2106060606060606,0.18140495867768594,-0.029201101928374662
47007,0.1686349426884335,0.14391859150379582,-0.024716351184637664
47009,0.269212869131799,0.2551716167803074,-0.014041252351491562
47011,0.21478251389948763,0.20005685740973886,-0.014725656489748773
47013,0.16346347016674478,0.14844152498712004,-0.01502194517962474
47015,0.1923135580295867,0.16451097224240663,-0.027802585787180062
47017,0.21495170096598068,0.18793132469281265,-0.02702037627316803
47019,0.1849175240894986,0.1792209882504426,-0.005696535839055994
47021,0.2721618953603159,0.26343956414830527,-0.008722331212010603
47023,0.18618143459915612,0.16972416523690115,-0.016457269362254973
47025,0.17010428736964078,0.14563322003842175,-0.024471067331219037
47027,0.2096406160867085,0.16329787234042553,-0.04634274374628297
47029,0.170469075980887,0.15418502202643172,-0.016284053954455285
47031,0.23494769788320566,0.21819348628268892,-0.01675421160051674
47033,0.2260385999345764,0.20199290660361424,-0.024045693330962153
47035,0.2084327271600731,0.2019513884879626,-0.006481338672110509
47037,0.6449147123600876,0.6270325063095615,-0.01788220605052604
47039,0.17248616676206832,0.14983534577387486,-0.02265082098819346
47041,0.20556795489251733,0.18156662409535973,-0.024001330797157605
47043,0.25103811207499077,0.23460561815584827,-0.016432493919142505
47045,0.20943033357649712,0.18806447130748924,-0.021365862269007885
47047,0.3057344239470936,0.2835921674544227,-0.02214225649267093
47049,0.13907664108145262,0.11759287688056494,-0.021483764200887684
47051,0.2542337445118127,0.22957218167072183,-0.02466156284109086
47053,0.2583837027087531,0.23558758314855877,-0.02279611956019434
47055,0.24979171400439293,0.2205086379476533,-0.029283076056739632
47057,0.1447602131438721,0.12866127583108716,-0.016098937312784944
47059,0.18510342863246343,0.16546068499758804,-0.019642743634875393
47061,0.16874466268146884,0.1498103666245259,-0.01893429605694294
47063,0.22329584669725144,0.20124700992117955,-0.02204883677607189
47065,0.44135746553447136,0.4267246815487451,-0.014632783985726261
47067,0.13192419825072887,0.11485557083906466,-0.01706862741166422
47069,0.41538308655470535,0.37525268645600596,-0.04013040009869939
47071,0.15383948691280985,0.140896312220936,-0.012943174691873865
47073,0.16447792458910732,0.15179319272062744,-0.012684731868479876
47075,0.5393198010485281,0.49774503908598916,-0.0415747619625389
47077,0.1740432612312812,0.15788163028139787,-0.01616163094988332
47079,0.23579451053366118,0.21796232422393208,-0.017832186309729103
47081,0.21663954434499594,0.19090115433116694,-0.025738390013828993
47083,0.23629951166576235,0.20288713910761155,-0.0334123725581508
47085,0.24490043710539097,0.21381897386253632,-0.031081463242854657
47087,0.21322562464775502,0.1832276250880902,-0.029997999559664812
47089,0.19706978319783197,0.17443346891342243,-0.022636314284409542
47091,0.15972311242148443,0.14959269316218218,-0.010130419259302248
47093,0.41450697328569613,0.3944578660801212,-0.020049107205574956
47095,0.2586037364798427,0.22124806601340896,-0.03735567046643373
47097,0.3561628555493586,0.3110331478345028,-0.045129707714855805
47099,0.17069131317448447,0.15046331848666358,-0.020227994687820883
47101,0.1911214120164022,0.16825127334465195,-0.02287013867175025
47103,0.187019477191184,0.17249503968253968,-0.014524437508644322
47105,0.23675333083449757,0.22960643199132766,-0.007146898843169908
47107,0.19090351952372614,0.17476736457294784,-0.016136154950778303
47109,0.17232815964523282,0.1532794887725215,-0.01904867087271131
47111,0.13776747127648362,0.12358463176231492,-0.014182839514168696
47113,0.4281722933643772,0.40323791412271043,-0.02493437924166675
47115,0.23966505733252866,0.21718222923993397,-0.022482828092594692
47117,0.24230407312810862,0.2123794010775592,-0.02992467205054941
47119,0.30902115438197914,0.2715492416970628,-0.03747191268491634
47121,0.1822125813449024,0.15871454336776522,-0.023498037977137176
47123,0.18098764244843007,0.16162702145768937,-0.019360620990740707
47125,0.4230438521066208,0.4004158767047887,-0.022627975401832146
47127,0.16191014410850524,0.14833059660645867,-0.013579547502046568
47129,0.14183276616431698,0.12313084112149533,-0.018701925042821643
47131,0.19147992012425116,0.17217054263565892,-0.01930937748859224
47133,0.20255056291720633,0.17445116993405005,-0.02809939298315628
47135,0.1794049008168028,0.15016146393972013,-0.029243436877082668
47137,0.17911975435005117,0.16486120514556535,-0.014258549204485826
47139,0.1784688995215311,0.15537985562048814,-0.023089043901042966
47141,0.2734200577501265,0.2573342110535505,-0.016085846696576034
47143,0.17371855980054265,0.16006646358349488,-0.013652096217047771
47145,0.23316741906856503,0.2215453086239603,-0.011622110444604733
47147,0.25779280481656136,0.2403193612774451,-0.017473443539116257
47149,0.4124397058619108,0.3837026602373083,-0.028737045624602497
47151,0.10892620415377817,0.09807391983342009,-0.010852284320358077
47153,0.17898510755653613,0.16375158428390368,-0.015233523272632443
47155,0.20032158033765934,0.18926540823288607,-0.011056172104773276
47157,0.6441611809817959,0.6179505477845125,-0.02621063319728334
47159,0.19909402275991603,0.1708440445586975,-0.028249978201218523
47161,0.19567979669631513,0.17522658610271905,-0.02045321059359609
47163,0.23228478825127427,0.22006592446486015,-0.012218863786414125
47165,0.2988232753967397,0.2851239246734383,-0.013699350723301418
47167,0.25036619305697966,0.23110013840571578,-0.01926605465126388
47169,0.2531265632816408,0.20136438485062338,-0.05176217843101741
47171,0.19441434934392682,0.18475588338602036,-0.009658465957906454
47173,0.15376092576634248,0.14026992732725804,-0.01349099843908444
47175,0.1862375898664841,0.16049004594180705,-0.02574754392467704
47177,0.24511212443000813,0.21434028798119306,-0.030771836448815065
47179,0.30958590103483213,0.29609367344939086,-0.013492227585441274
47181,0.12295696506222822,0.11155028546332894,-0.01140667959889928
47183,0.2198762286130324,0.2034493056592504,-0.01642692295378201
47185,0.1801597309794031,0.16278710076560204,-0.01737263021380106
47187,0.36082896932727165,0.32968590151242844,-0.031143067814843217
47189,0.2993945916857258,0.2935855465577079,-0.005809045128017887
48001,0.20570031726218338,0.11901798846023305,-0.08668232880195033
48003,0.14497697424526693,0.08295012380615494,-0.06202685043911199
48005,0.26444727251692024,0.14838810478620906,-0.11605916773071118
48007,0.2372660699755899,0.1413872770255749,-0.095878792950015
48009,0.09299416180150125,0.06450932113964122,-0.028484840661860023
48011,0.06744604316546762,0.04418828049951969,-0.02325776266594793
48013,0.3243183574345954,0.17603926438412867,-0.14827909305046674
48015,0.20276212725024048,0.11558314732142858,-0.0871789799288119
48017,0.21989247311827956,0.1150574223734581,-0.10483505074482145
48019,0.19701140385371607,0.12107137327759715,-0.07594003057611892
48021,0.4220373653347879,0.26013749395778507,-0.16189987137700285
48023,0.10752056404230317,0.06867495260164315,-0.038845611440660024
48025,0.3490445859872611,0.18862535700981,-0.16041922897745112
48027,0.4476074582924436,0.26492856001454695,-0.18267889827789663
48029,0.5817871404144688,0.3517807293778714,-0.23000641103659736
48031,0.2568203198494826,0.15219883711407747,-0.10462148273540514
48033,0.038461538461538464,0.02497687326549491,-0.013484665196043553
48035,0.1710497479728249,0.10027361362672936,-0.07077613434609555
48037,0.2808865424322417,0.16171960027703572,-0.11916694215520598
48039,0.40151241418469,0.25693941562133193,-0.1445729985633581
48041,0.41557235395774794,0.23537409169081078,-0.18019826226693716
48043,0.4682704272086271,0.27169059011164276,-0.19657983709698434
48045,0.10758620689655173,0.06113320079522863,-0.046453006101323094
48047,0.5917874396135265,0.35017882133416267,-0.24160861827936386
48049,0.13194313983342726,0.07886701747547586,-0.053076122357951394
48051,0.20768962713439423,0.11404013660258625,-0.09364949053180799
48053,0.22814257393696646,0.14067854049779718,-0.08746403343916928
48055,0.44560208375075133,0.2712756264236902,-0.17432645732706115
48057,0.27342158859470467,0.15215030921021575,-0.12127127938448892
48059,0.10743559718969554,0.06896374653383999,-0.03847185065585555
48061,0.5610997249811691,0.3012606854977394,-0.25983903948342973
48063,0.2754940711462451,0.14309098349474833,-0.13240308765149675
48065,0.09513132607303011,0.05938606847697757,-0.03574525759605254
48067,0.20068930853737343,0.1064181457559884,-0.09427116278138503
48069,0.22371579452712434,0.1231357552581262,-0.10058003926899814
48071,0.18460188435248476,0.10551778611526418,-0.07908409823722058
48073,0.21580889891326635,0.11581346423562412,-0.09999543467764223
48075,0.13602457218078104,0.07109982542453579,-0.06492474675624525
48077,0.1068941504178273,0.06222763394001538,-0.04466651647781191
48079,0.177,0.10025706940874037,-0.07674293059125963
48081,0.10005621135469364,0.061547836684948204,-0.03850837466974544
48083,0.10935984481086324,0.06648152823361105,-0.04287831657725219
48085,0.4704944016167674,0.2802787434650377,-0.1902156581517297
48087,0.1272577996715928,0.07210800859159251,-0.055149791080000274
48089,0.24260651629072683,0.13436961516369902,-0.1082369011270278
48091,0.2792827251046213,0.17355787739002992,-0.1057248477145914
48093,0.14015773907328294,0.07985210529220242,-0.06030563378108052
48095,0.1553627760252366,0.07613889773813316,-0.07922387828710344
48097,0.1689829437776374,0.10272426928562402,-0.06625867449201338
48099,0.322010811731154,0.1873579994282361,-0.13465281230291787
48101,0.17069486404833836,0.0835117773019272,-0.08718308674641116
48103,0.1603459747172322,0.07844712182061579,-0.0818988528966164
48105,0.21855146124523506,0.14457215836526183,-0.07397930287997323
48107,0.2698412698412698,0.1471736896197328,-0.12266758022153704
48109,0.5069444444444444,0.260912211868563,-0.24603223257588142
48111,0.12243629583592293,0.06254886630179828,-0.05988742953412465
48113,0.6509770484957107,0.38746238019669843,-0.26351466829901227
48115,0.21324887833201372,0.11616318903768297,-0.09708568929433076
48117,0.2741865509761388,0.14375852660300137,-0.13042802437313744
48119,0.1554783950617284,0.09346705669313275,-0.06201133836859564
48121,0.45146232689896737,0.2761502027656105,-0.1753121241333569
48123,0.18403547671840353,0.10243360784676599,-0.08160186887163755
48125,0.13157894736842105,0.08437856328392246,-0.04720038408449859
48127,0.6175668303327878,0.32628797886393657,-0.29127885146885124
48129,0.12014563106796117,0.06473629782833505,-0.055409333239626116
48131,0.5095982584603206,0.2887962735964697,-0.2208019848638509
48133,0.11853370312311588,0.07001040402288886,-0.04852329910022703
48135,0.2549169114843803,0.1476323839889698,-0.10728452749541048
48137,0.1575984990619137,0.07939372067845543,-0.07820477838345827
48139,0.32242405811002073,0.2188048614597911,-0.10361919665022962
48141,0.6678163979169869,0.36609009361227857,-0.3017263043047083
48143,0.17299477930707166,0.09948237132532474,-0.07351240798174692
48145,0.3096363932822436,0.1696598222494637,-0.13997657103277994
48147,0.1769174385286866,0.1012061061907517,-0.07571133233793491
48149,0.20562553125724442,0.11828196283520641,-0.08734356842203801
48151,0.1927710843373494,0.11039743075070253,-0.08237365358664687
48153,0.2148111819519372,0.10524493681841786,-0.10956624513351935
48155,0.17967332123411978,0.10143042912873862,-0.07824289210538116
48157,0.5469771813131793,0.3221913610735031,-0.2247858202396762
48159,0.16051108005589937,0.0960432639649507,-0.06446781609094866
48161,0.18769372058317071,0.10553647040025566,-0.08215725018291506
48163,0.4587990149649555,0.2338320087268194,-0.22496700623813612
48165,0.09606404269513008,0.05087855871886121,-0.04518548397626887
48167,0.3794789113891397,0.2307575078242163,-0.1487214035649234
48169,0.1397459165154265,0.08306636155606408,-0.05667955495936243
48171,0.20037854889589907,0.12641962489454214,-0.07395892400135692
48173,0.05972434915773354,0.03628367234744365,-0.023440676810289884
48175,0.2195244055068836,0.12471406350077775,-0.09481034200610584
48177,0.2547071129707113,0.13954666912374458,-0.11516044384696672
48179,0.10652788486250321,0.06941722044270211,-0.0371106644198011
48181,0.24390489962000203,0.14430745355002803,-0.099597446069974
48183,0.30836563711391773,0.17980112342492788,-0.12856451368898986
48185,0.22821008538746576,0.12183347176079734,-0.10637661362666842
48187,0.37110758963655804,0.22471690583481602,-0.14639068380174203
48189,0.2377425412059253,0.12693946144526516,-0.11080307976066014
48191,0.1437125748502994,0.08068697342838627,-0.06302560142191313
48193,0.14732245460813606,0.08751933566718229,-0.059803118940953776
48195,0.0810942843185149,0.043899762209621364,-0.037194522108893534
48197,0.15253164556962026,0.083668543845535,-0.06886310172408526
48199,0.12571015017188347,0.07563376534529284,-0.05007638482659063
48201,0.5595946655875301,0.3344271076556469,-0.2251675579318832
48203,0.266110307231551,0.154559071334956,-0.11155123589659499
48205,0.09384023099133783,0.05075960679177837,-0.04308062419955946
48207,0.15943992773261065,0.08750615662452799,-0.07193377110808266
48209,0.5441199323552265,0.33869599424349245,-0.20542393811173404
48211,0.11976744186046512,0.07623318385650224,-0.04353425800396288
48213,0.1943993171242118,0.11541532063421336,-0.07898399648999843
48215,0.5803906122670723,0.31126980577242097,-0.26912080649465137
48217,0.19154778648449536,0.11080344489261965,-0.08074434159187571
48219,0.18296296296296297,0.10351428962122249,-0.07944867334174048
48221,0.1735656556344304,0.10718360243643044,-0.06638205319799997
48223,0.19107960604729943,0.10870923942326344,-0.08237036662403599
48225,0.24517906336088155,0.14054416933222763,-0.10463489402865392
48227,0.20203105165511182,0.1143800549083624,-0.08765099674674942
48229,0.3184549356223176,0.13916256157635468,-0.1792923740459629
48231,0.2307433220198461,0.13796139093252846,-0.09278193108731764
48233,0.1099965804171891,0.06822442129125071,-0.04177215912593839
48235,0.13498312710911137,0.07107641741988496,-0.0639067096892264
48237,0.08751983077736647,0.056864754098360656,-0.030655076679005813
48239,0.1626003462930899,0.08831730495646731,-0.07428304133662259
48241,0.189225546089296,0.1040914150707649,-0.08513413101853111
48243,0.3839080459770115,0.2486951182069389,-0.1352129277700726
48245,0.48621239143511435,0.28967373765844373,-0.19653865377667062
48247,0.5879174852652259,0.34688995215311,-0.2410275331121159
48249,0.44765527836710806,0.26856222580107736,-0.1790930525660307
48251,0.22860316578728132,0.15298422135833523,-0.0756189444289461
48253,0.14819759679572764,0.07982591449977963,-0.068371682295948
48255,0.23495811119573495,0.12882803297997644,-0.10613007821575851
48257,0.3245001586797842,0.22742062098456836,-0.09707953769521585
48259,0.22758203538484803,0.14065249441194655,-0.08692954097290148
48261,0.33505154639175255,0.16397228637413394,-0.1710792600176186
48263,0.10173160173160173,0.07489711934156379,-0.02683448239003794
48265,0.23514146693097857,0.14443117942595632,-0.09071028750502225
48267,0.12390924956369982,0.07162121666167216,-0.05228803290202766
48269,0.050314465408805034,0.031914893617021274,-0.01839957179178376
48271,0.27822832189644414,0.15169106511862696,-0.1265372567778172
48273,0.485562865497076,0.2798347945801029,-0.2057280709169731
48275,0.1820054945054945,0.08451118963486455,-0.09749430487062995
48277,0.20790970991511987,0.12229652696241088,-0.08561318295270899
48279,0.19047619047619047,0.10559939872228485,-0.08487679175390561
48281,0.20617367054524474,0.12648444863336475,-0.07968922191187999
48283,0.4372402327514547,0.24649010848755584,-0.19075012426389884
48285,0.13072472295773266,0.07378559755207066,-0.056939125405662
48287,0.21639668603932236,0.1217868943912801,-0.09460979164804226
48289,0.1235877334563062,0.07043927225045074,-0.053148461205855466
48291,0.19721142701302244,0.11844907908375384,-0.0787623479292686
48293,0.2433205057724024,0.13537833946568548,-0.10794216630671694
48295,0.09682187730968218,0.0561973150171714,-0.04062456229251078
48297,0.16204986149584488,0.09295917627438184,-0.06909068522146304
48299,0.19470774091627172,0.12468745216104506,-0.07002028875522666
48301,0.06060606060606061,0.06642066420664207,0.005814603600581461
48303,0.3312199442131488,0.18994361484602515,-0.14127632936712367
48305,0.18665503706934147,0.08554396423248882,-0.10111107283685265
48307,0.14260768335273574,0.08200949040643697,-0.06059819294629877
48309,0.3748569560241949,0.21706981878257564,-0.15778713724161925
48311,0.10271317829457365,0.047372316802368614,-0.05534086149220503
48313,0.2053605134012835,0.11083502255934087,-0.09452549084194263
48315,0.2752878289473684,0.1489213099487816,-0.1263665189985868
48317,0.13333333333333333,0.07218646721168899,-0.06114686612164434
48319,0.1847210994341148,0.1109416169740674,-0.0737794824600474
48321,0.27194580024768705,0.15452146281036247,-0.11742433743732458
48323,0.5429427863938485,0.2575912010809017,-0.2853515853129468
48325,0.29893631107384033,0.18153194412640256,-0.11740436694743778
48327,0.1916342412451362,0.10178817056396149,-0.08984607068117471
48329,0.20946669158497427,0.12254069162054036,-0.08692599996443391
48331,0.23596142938173567,0.1321490191066522,-0.10381241027508348
48333,0.10818363273453094,0.07379596064215432,-0.034387672092376614
48335,0.15393563396665375,0.08862948551664505,-0.06530614845000869
48337,0.11172217130053977,0.06929360884190293,-0.04242856245863684
48339,0.27390505371156687,0.17108854754259598,-0.1028165061689709
48341,0.19281045751633988,0.09519517437426334,-0.09761528314207654
48343,0.29872919276892784,0.14927407811328472,-0.14945511465564312
48345,0.0705521472392638,0.034385569334836524,-0.036166577904427274
48347,0.3360089602389397,0.19421257651641624,-0.14179638372252348
48349,0.2667468493437222,0.147225920162001,-0.11952092918172122
48351,0.19248441089596324,0.09666820003942958,-0.09581621085653366
48353,0.2169124509986933,0.1228486646884273,-0.094063786310266
48355,0.47851117638742713,0.2824756884592984,-0.19603548792812875
48357,0.09569074778200254,0.05443572721786361,-0.041255020564138926
48359,0.0802775024777007,0.04267815191855912,-0.03759935055914158
48361,0.17661276879479915,0.10382486899456389,-0.07278789980023526
48363,0.17439346625030028,0.10289415430023777,-0.07149931195006251
48365,0.17963496637848222,0.10139723165317316,-0.07823773472530907
48367,0.17098833543505676,0.105438738374444,-0.06554959706061277
48369,0.18415094339622642,0.08383806184252471,-0.10031288155370172
48371,0.29605826906598115,0.1728013728013728,-0.12325689626460834
48373,0.22273215910030597,0.13043036209676248,-0.09230179700354349
48375,0.2975972643009269,0.17236058076797442,-0.1252366835329525
48377,0.6599007668019846,0.41894353369763204,-0.24095723310435258
48379,0.1391045762431852,0.08429761003568725,-0.05480696620749795
48381,0.19794662460958035,0.12390042455463902,-0.07404620005494132
48383,0.15302491103202848,0.09024296182028538,-0.0627819492117431
48385,0.16145307769929365,0.1037344398340249,-0.05771863786526875
48387,0.21460558043403377,0.1197160783319602,-0.09488950210207357
48389,0.37815126050420167,0.20342407486176095,-0.17472718564244072
48391,0.32917409387997626,0.1786231884057971,-0.15055090547417915
48393,0.03090909090909091,0.023963730569948185,-0.0069453603391427254
48395,0.2931226077293493,0.14584525958870934,-0.14727734814063995
48397,0.304540646861257,0.18820503894032892,-0.11633560792092806
48399,0.12519845770015878,0.06692585392946404,-0.058272603770694736
48401,0.21654114234925387,0.1247874185455219,-0.09175372380373197
48403,0.12183573119650337,0.06422732580770728,-0.057608405388796094
48405,0.2448775612193903,0.13691643781875246,-0.10796112340063785
48407,0.18488924050632913,0.10673837573274145,-0.07815086477358768
48409,0.3471476574871577,0.199518038131689,-0.1476296193554687
48411,0.11029976940814758,0.06346623270951994,-0.04683353669862764
48413,0.182053494391717,0.10589378238341969,-0.07615971200829731
48415,0.1393526405451448,0.07973674218453361,-0.05961589836061118
48417,0.07985257985257985,0.053153343176545034,-0.026699236676034813
48419,0.2050163576881134,0.1078982898289829,-0.0971180678591305
48421,0.09173387096774194,0.039435450394354504,-0.05229842057338743
48423,0.2958866608718241,0.17111000906339244,-0.12477665180843164
48425,0.15524560339599758,0.09090909090909091,-0.06433651248690667
48427,0.5205706134094151,0.2671737051615629,-0.2533969082478522
48429,0.10447368421052632,0.06356216994719155,-0.04091151426333477
48431,0.07981220657276995,0.039473684210526314,-0.04033852236224364
48433,0.15760869565217392,0.09375,-0.06385869565217392
48435,0.20680796403339757,0.1005586592178771,-0.10624930481552047
48437,0.2029723991507431,0.10867070971971808,-0.09430168943102503
48439,0.49307353446819624,0.30012685626942054,-0.1929466781987757
48441,0.26458692300716424,0.1576375350212387,-0.10694938798592554
48443,0.259825327510917,0.1472663139329806,-0.11255901357793643
48445,0.20957918050941307,0.10519604717883328,-0.10438313333057979
48447,0.09172259507829977,0.04702455264253017,-0.0446980424357696
48449,0.27094203585997534,0.13806076093128905,-0.1328812749286863
48451,0.2707144437071444,0.1634624453736599,-0.10725199833348453
48453,0.7161976748962741,0.4492302555697201,-0.26696741932655393
48455,0.19068895935428076,0.10023843121989198,-0.09045052813438878
48457,0.14523809523809525,0.08283885980221059,-0.06239923543588466
48459,0.15228668219352107,0.08950847735426418,-0.06277820483925689
48461,0.12426900584795321,0.0726974583219459,-0.051571547526007316
48463,0.39375483372003095,0.21322289269517633,-0.18053194102485462
48465,0.4431282722513089,0.23282800849340773,-0.21030026375790117
48467,0.13508010296208076,0.0759660904987339,-0.059114012463346854
48469,0.3036153036153036,0.18039714025952558,-0.12321816335577801
48471,0.33389801795697105,0.18752565790405007,-0.14637236005292098
48473,0.3602973519838128,0.2303023228668145,-0.12999502911699828
48475,0.18817733990147784,0.09982157018239493,-0.0883557697190829
48477,0.24450565214896425,0.1417974377944784,-0.10270821435448585
48479,0.6114303258914865,0.30887457455486483,-0.30255575133662166
48481,0.2800548893264125,0.15024577901260952,-0.12980911031380296
48483,0.07188703465982028,0.04395085066162571,-0.027936183998194572
48485,0.2858601216333623,0.17532289974425375,-0.11053722188910853
48487,0.21131741821396993,0.1189289160501769,-0.09238850216379303
48489,0.5601009190845198,0.2994273247886556,-0.2606735942958642
48491,0.49660686225414863,0.31296422413498576,-0.18364263811916287
48493,0.25386798864590415,0.14745465184318315,-0.106413336802721
48495,0.16839134524929444,0.08717235901509134,-0.08121898623420311
48497,0.15365363818940214,0.09303034220391881,-0.06062329598548333
48499,0.1540453926862461,0.09387074113101511,-0.06017465155523098
48501,0.15963511972633979,0.08648648648648649,-0.0731486332398533
48503,0.12550066755674233,0.07499045113101048,-0.05051021642573185
48505,0.47134744450180693,0.24429967426710097,-0.22704777023470596
48507,0.6540306005937429,0.3618499620019542,-0.29218063859178867
49001,0.11516129032258064,0.12266500622665007,0.007503715904069425
49003,0.16552566332383525,0.18236514522821576,0.016839481904380504
49005,0.28530792693375373,0.31063095356633147,0.02532302663257774
49007,0.255310065108336,0.2673372154579142,0.012027150349578242
49009,0.17932148626817448,0.18363636363636363,0.004314877368189141
49011,0.3380816658226059,0.35957855556222607,0.021496889739620162
49013,0.09846980492933069,0.11251115075825156,0.014041345828920873
49015,0.11678236014699878,0.12033526242267012,0.0035529022756713435
49017,0.18814055636896046,0.19245819992885094,0.004317643559890477
49019,0.5411764705882353,0.5335849056603773,-0.007591564927857952
49021,0.1948693435309114,0.20385250017935289,0.008983156648441487
49023,0.10997442455242967,0.1126112304387849,0.0026368058863552313
49025,0.2590909090909091,0.2533422459893048,-0.005748663101604268
49027,0.10080775444264943,0.11163300454047284,0.01082525009782341
49029,0.16439600363306087,0.18579881656804734,0.02140281293498647
49031,0.09873708381171067,0.0976116303219107,-0.0011254534897999768
49033,0.13148283418553688,0.14789219073946094,0.01640935655392406
49035,0.5303989710582695,0.5369665075337937,0.006567536475524216
49037,0.4526683146720954,0.40780534049612893,-0.044862974175966464
49039,0.1420990099009901,0.14724969097651422,0.005150681075524133
49041,0.1046130090716078,0.11312465678198792,0.008511647710380127
49043,0.5843747604078816,0.56469315195548,-0.019681608452401633
49045,0.28385069510569416,0.2811268599658884,-0.002723835139805786
49047,0.10867150231980657,0.12329459322890349,0.014623090909096914
49049,0.2674524950226181,0.28488678251711425,0.01743428749449616
49051,0.3477796514896009,0.35191238966982674,0.004132738180225859
49053,0.22543098715273965,0.22956938389405282,0.004138396741313166
49055,0.22516964836520667,0.23076923076923078,0.0055995824040241116
49057,0.365295369065465,0.3680189908437004,0.0027236217782353744
50001,0.6673300605899783,0.6516730903994394,-0.01565697019053891
50003,0.6125949268998295,0.5890280034406958,-0.023566923459133693
50005,0.5626731758807231,0.5339638353556984,-0.028709340525024718
50007,0.7538421786987752,0.7391251271617497,-0.014717051537025516
50009,0.4460703327826292,0.3888888888888889,-0.0571814438937403
50011,0.522092666462105,0.49188828802133494,-0.030204378440770008
50013,0.5786924939467313,0.5831019436731456,0.004409449726414327
50015,0.6870973914152688,0.6522724243635879,-0.03482496705168092
50017,0.5613740252756118,0.5724848756441855,0.011110850368573733
50019,0.5023313042352027,0.47039076138042163,-0.03194054285478104
50021,0.5391119291383872,0.5052046987671551,-0.03390723037123211
50023,0.7105732484076434,0.6868191873652376,-0.02375406104240574
50025,0.7049416561225924,0.6863714778608395,-0.01857017826175289
50027,0.6824666740112372,0.6526793718731022,-0.029787302138134963
51001,0.4467633533781394,0.43012132524498364,-0.01664202813315574
51003,0.6567889014337195,0.6634551992807911,0.006666297847071623
51005,0.27343654760453495,0.25540654826628006,-0.018029999338254887
51007,0.30542183937167466,0.2756474103585657,-0.02977442901310895
51009,0.3335489561893561,0.3137606195457435,-0.01978833664361257
51011,0.26089771255934396,0.2410288321924912,-0.019868880366852776
51013,0.8057580370050252,0.7825213069288419,-0.02323673007618332
51015,0.2563981266852737,0.25785224882979446,0.0014541221445207864
51017,0.258296681327469,0.22773044151820293,-0.030566239809266094
51019,0.250179785900676,0.24422585087546725,-0.005953935025208773
51021,0.1529175050301811,0.14768883878241262,-0.005228666247768465
51023,0.2698480329498651,0.270177682364226,0.0003296494143609219
51025,0.5727226975339708,0.5407081933316102,-0.032014504202360516
51027,0.15938535703525158,0.14527715235338265,-0.014108204681868936
51029,0.4269897896420224,0.3775110549589387,-0.04947873468308367
51031,0.2698906391090599,0.2531198870745244,-0.01677075203453554
51033,0.4701006876227898,0.45074491587832094,-0.01935577174446884
51035,0.1815162547103532,0.18100247524752475,-0.000513779462828462
51036,0.5908579148840352,0.5491822160792444,-0.04167569880479072
51037,0.3742529478274915,0.33433233433233434,-0.03992061349515719
51041,0.5243068323894977,0.5381633528822772,0.013856520492779523
51043,0.419835064795973,0.4081987323655694,-0.011636332430403573
51045,0.18517350157728707,0.1736622877282922,-0.011511213848994867
51047,0.39154005015489013,0.3697334780933702,-0.021806572061519924
51049,0.4191605495953322,0.3858913598250091,-0.033269189770323115
51051,0.20569317093198303,0.18674613310628635,-0.018947037825696678
51053,0.41240392260800424,0.38116620694079156,-0.031237715667212673
51057,0.4917449012625445,0.4576187335092348,-0.03412616775330968
51059,0.6984580277857705,0.6612706990401909,-0.03718732874557962
51061,0.40221199422958026,0.3857466825336237,-0.016465311695956553
51063,0.3191670208244794,0.30836363636363634,-0.010803384460843057
51065,0.4678783289158147,0.4635447895431107,-0.004333539372704032
51067,0.2821505521141934,0.2691834886128364,-0.012967063501356957
51069,0.35319594400426946,0.35224827056110686,-0.0009476734431625999
51071,0.23490956635432556,0.22406324453108079,-0.01084632182324477
51073,0.31251121881170346,0.30385761803965616,-0.008653600772047298
51075,0.3943487494100991,0.4014579934747145,0.007109244064615383
51077,0.18878366744557865,0.1854639684106614,-0.003319699034917245
51079,0.3679837355255016,0.3701611563382622,0.0021774208127605665
51081,0.5743331875819851,0.5432960893854749,-0.031037098196510238
51083,0.4201008329679965,0.3913920645595158,-0.02870876840848069
51085,0.3564968727108807,0.36576956230246144,0.00927268959158073
51087,0.6359663718841893,0.6368397161236036,0.0008733442394143198
51089,0.3496265083317372,0.332782434187227,-0.01684407414451017
51091,0.2720156555772994,0.27207325049051667,5.7594913217273724e-05
51093,0.4007077080491132,0.3963602464332036,-0.004347461615909598
51095,0.5147766876850863,0.5254656920537609,0.010689004368674593
51097,0.3863912515188335,0.3680805176132279,-0.018310733905605614
51099,0.3798411471146412,0.3682463220934774,-0.011594825021163768
51101,0.30362298593648135,0.29305423406279735,-0.010568751873684001
51103,0.470917225950783,0.4609149608462701,-0.010002265104512909
51105,0.14969337488690057,0.13761377127028096,-0.01207960361661961
51107,0.6150522722423725,0.5665007361705111,-0.048551536071861356
51109,0.37730425260083955,0.3647733410894586,-0.012530911511380971
51111,0.4028657114295235,0.38322844021092023,-0.01963727121860326
51113,0.3317349071683266,0.3199431212228937,-0.011791785945432898
51115,0.31308972379481903,0.29920728622027326,-0.01388243757454577
51117,0.41975689516875425,0.3937046600270503,-0.02605223514170396
51119,0.3671333824613117,0.3593432141819239,-0.007790168279387832
51121,0.5155316739569688,0.5091410610045545,-0.006390612952414276
51125,0.4643700364885168,0.4578184916915211,-0.006551544796995712
51127,0.3193283117960058,0.3368967988533206,0.017568487057314786
51131,0.5447118241235889,0.5273711943793911,-0.01734062974419781
51133,0.4161228406909789,0.3902498476538696,-0.02587299303710927
51135,0.4197513421870585,0.3846490588063622,-0.03510228338069632
51137,0.38522694420352704,0.3719153144244168,-0.013311629779110268
51139,0.2402908742208726,0.2252668231019605,-0.015024051118912113
51141,0.20492920818038804,0.19447308723448134,-0.0104561209459067
51143,0.295526923189295,0.2814956011730205,-0.014031322016274494
51145,0.2695991486342675,0.27513075188330693,0.005531603249039452
51147,0.5193733681462142,0.48164261460101865,-0.037730753545195506
51149,0.40730546476288776,0.38883837235735397,-0.01846709240553379
51153,0.6258591912102932,0.5761563506465546,-0.04970284056373864
51155,0.28327389853905444,0.27303561334087056,-0.010238285198183872
51157,0.42096806587668206,0.4051210797935689,-0.01584698608311319
51159,0.36884446611409066,0.34583032924777696,-0.023014136866313706
51161,0.3809631985461154,0.381992991600486,0.0010297930543706202
51163,0.3301284640866123,0.32622333751568383,-0.003905126570928452
51165,0.288537459209055,0.30948313126530946,0.020945672056254472
51167,0.17727476467951592,0.16059149722735674,-0.016683267452159173
51169,0.15567209494893736,0.1453377950619517,-0.010334299886985643
51171,0.28863367674379325,0.28359310910582447,-0.005040567637968785
51173,0.21279003961516696,0.19452149791955617,-0.01826854169561079
51175,0.4055793991416309,0.36883328247380737,-0.036746116667823514
51177,0.45550141402339445,0.4512997260412327,-0.00420168798216175
51179,0.5054063218174283,0.496276602143811,-0.00912971967361731
51181,0.5361216730038023,0.49130729284262814,-0.04481438016117417
51183,0.55562106918239,0.5190106295993459,-0.03661043958304411
51185,0.15904128622469235,0.15258334172625643,-0.006457944498435925
51187,0.31224287132926654,0.3062807499667568,-0.005962121362509731
51191,0.23061373854250167,0.23024615803073575,-0.00036758051176591366
51193,0.4524527543224769,0.4244400340232492,-0.02801272029922769
51195,0.1871802588022871,0.18097281831187412,-0.006207440490412969
51197,0.2085185430902939,0.19917093075976422,-0.009347612330529692
51199,0.45585316181588514,0.46272129489124936,0.006868133075364213
51510,0.8027047660595484,0.7784716844445555,-0.024233081614992935
51520,0.29600716662400817,0.2983019120203236,0.002294745396315412
51530,0.29719020172910665,0.2688398177357168,-0.02835038399338985
51540,0.8547474497170942,0.8340127880530404,-0.0207346616640538
51550,0.5216431164830329,0.5129614959252665,-0.008681620557766334
51570,0.32445414847161574,0.3335197405211945,0.009065592049578741
51580,0.37034191317710335,0.3305050505050505,-0.03983686267205283
51590,0.6018708881578947,0.600837720043018,-0.001033168114876637
51595,0.6761744966442953,0.6515151515151515,-0.024659345129143806
51600,0.6802105731445095,0.6542952770546672,-0.025915296089842332
51610,0.8102959519219867,0.8027650797190322,-0.007530872202954453
51620,0.6213090551181102,0.6086171310629515,-0.012691924055158732
51630,0.6614118195231808,0.6491293071507966,-0.012282512372384202
51640,0.29442970822281167,0.2771439087228561,-0.017285799499955568
51650,0.7007595857907425,0.6922499680674415,-0.008509617723300944
51660,0.644825367109343,0.6170484198318353,-0.02777694727750768
51670,0.5639800581636892,0.5638463246724406,-0.00013373349124867762
51678,0.6479739507959479,0.6269647223192455,-0.02100922847670239
51680,0.4963150368496315,0.45387443824050117,-0.04244059860913035
51683,0.6099658381434798,0.5647587541351976,-0.04520708400828222
51685,0.6557161629434954,0.587564940506117,-0.06815122243737848
51690,0.6251660026560425,0.6071049840933191,-0.018061018562723352
51700,0.6533653254583487,0.636911766650359,-0.01645355880798971
51710,0.7160954793972529,0.6998937449645622,-0.016201734432690684
51720,0.28981886321049344,0.2787583688374924,-0.01106049437300105
51730,0.8766008632279063,0.857918482832454,-0.018682380395452336
51735,0.2614229349624539,0.2640827517447657,0.002659816782311808
51740,0.6938857873141858,0.6861727916222243,-0.007712995691961488
51750,0.5313291139240506,0.4932824427480916,-0.038046671175959
51760,0.8290535253325658,0.8203027472883127,-0.008750778044253171
51770,0.6179858273896083,0.6109238511203949,-0.007061976269213344
51775,0.3944525323729982,0.3983115302707636,0.0038589978977653927
51790,0.5373306650246306,0.5597994396106769,0.022468774586046347
51800,0.5776560170823093,0.5734930274403959,-0.004162989641913417
51810,0.5155214586526259,0.506704131360583,-0.008817327292042876
51820,0.46290939628627414,0.4647862338123115,0.0018768375260373449
51830,0.6952104499274311,0.7149407718761941,0.019730321948763008
51840,0.5456947081647816,0.5419556758585687,-0.003739032306212864
53001,0.3094506994199932,0.2712022367194781,-0.03824846270051513
53003,0.35561877667140823,0.3559469829089641,0.0003282062375558614
53005,0.3756660487416653,0.37402798605662757,-0.0016380626850377444
53007,0.44679721054819194,0.4360408617951696,-0.010756348753022338
53009,0.5018065930496914,0.5227791134948524,0.020972520445160958
53011,0.5095224089788419,0.5177779866800686,0.008255577701226646
53013,0.26773547094188377,0.2659959758551308,-0.0017394950867529735
53015,0.3971134704711347,0.38474504846186264,-0.012368422009272073
53017,0.3665759339215318,0.3498253233877821,-0.01675061053374971
53019,0.34027936798717656,0.31925224569070165,-0.02102712229647491
53021,0.4116775706702876,0.37257422328118633,-0.03910334738910126
53023,0.2458025520483546,0.2440828402366864,-0.0017197118116682175
53025,0.31366772823779193,0.29807188370617604,-0.015595844531615888
53027,0.45144507166827086,0.4540787976609425,0.0026337259926716428
53029,0.541733889661567,0.5642624263570325,0.022528536695465506
53031,0.6939335269441755,0.7068993440764434,0.012965817132267854
53033,0.7495289163961877,0.7364922839588077,-0.013036632437379958
53035,0.5689535645860644,0.5847506247131419,0.01579706012707749
53037,0.43320436959490216,0.4079399222612174,-0.02526444733368477
53039,0.4394542772861357,0.4348497097082384,-0.004604567577897289
53041,0.32046613255644574,0.3183422294763774,-0.0021239030800683234
53043,0.24356604578416038,0.23488241881298993,-0.00868362697117045
53045,0.462938637643085,0.4692142058927744,0.006275568249689389
53047,0.4181937787801898,0.4083542349990353,-0.009839543781154536
53049,0.4830773606370876,0.4791491154170177,-0.003928245220069904
53051,0.3031684788962937,0.2880046811000585,-0.015163797796235223
53053,0.537634593960968,0.5349844511022996,-0.0026501428586683806
53055,0.7369099037660074,0.733430724281101,-0.0034791794849063917
53057,0.5209811639404546,0.5260191300387156,0.005037966098261015
53059,0.4365426695842451,0.42787219578518015,-0.008670473799064937
53061,0.5850737016745823,0.5740959923102857,-0.01097770936429654
53063,0.4595504857326609,0.45688339916818194,-0.0026670865644789488
53065,0.2757298628209638,0.26524109608440133,-0.01048876673656246
53067,0.5745893156648864,0.5814072214760206,0.006817905811134284
53069,0.39080845353908084,0.3932070542129327,0.0023986006738518917
53071,0.4379258501007645,0.4432494588744589,0.005323608773694366
53073,0.6035204155244553,0.6041648533379754,0.0006444378135200823
53075,0.529395058222096,0.5232935537025016,-0.006101504519594347
53077,0.4488788165459025,0.41358407229214317,-0.035294744253759336
54001,0.21821177175378165,0.09374511336982017,-0.12446665838396148
54003,0.3334820995439992,0.15596591921856617,-0.17751618032543304
54005,0.22647581003106967,0.10077376565954312,-0.12570204437152654
54007,0.2572387005649718,0.11603613777526821,-0.14120256278970356
54009,0.2765578078078078,0.1339705581680638,-0.142587249639744
54011,0.40133832976445394,0.1901549578029298,-0.21118337196152415
54013,0.19118142039717267,0.08310626702997276,-0.10807515336719992
54015,0.19049034175334323,0.08950617283950617,-0.10098416891383706
54017,0.14027732989358271,0.06326116373477672,-0.077016166158806
54019,0.300260941762543,0.14042893725992317,-0.1598320045026198
54021,0.22501878287002253,0.10366894197952219,-0.12134984089050034
54023,0.11018333635868578,0.04956896551724138,-0.0606143708414444
54025,0.29369085173501575,0.1399039743931715,-0.15378687734184424
54027,0.19224667856434663,0.09,-0.10224667856434663
54029,0.2746376811594203,0.1289332310053722,-0.14570445015404807
54031,0.2181329963670826,0.1011542661051318,-0.11697873026195081
54033,0.3024782537337929,0.14243092049499914,-0.16004733323879375
54035,0.23741486526502814,0.10524879114022774,-0.13216607412480041
54037,0.4377504241417897,0.2052236246398683,-0.23252679950192143
54039,0.41758669325421915,0.20089979930621088,-0.21668689394800827
54041,0.20624916186133835,0.09733257661748014,-0.10891658524385821
54043,0.21851851851851853,0.08898010296368443,-0.12953841555483409
54045,0.17910333179794258,0.0805650013078734,-0.09853833049006917
54047,0.20422858893825646,0.09548387096774194,-0.10874471797051452
54049,0.3450802512212142,0.166132175042624,-0.1789480761785902
54051,0.24538352272727273,0.12038086601677624,-0.12500265671049648
54053,0.22547531911095242,0.10007585095287759,-0.12539946815807484
54055,0.2210551444258773,0.10284514925373134,-0.11820999517214595
54057,0.20665009322560596,0.09621047737135772,-0.11043961585424823
54059,0.13939333466373977,0.06248527679623086,-0.0769080578675089
54061,0.4820783418900932,0.23237720737238252,-0.24970113451771067
54063,0.20724191063174113,0.09070205748390137,-0.11653985314783977
54065,0.2297872340425532,0.10701330108827085,-0.12277393295428234
54067,0.20940733772342426,0.09559629371326094,-0.11381104401016333
54069,0.36300130666398633,0.17997217614639627,-0.18302913051759007
54071,0.2241049467067505,0.09927007299270073,-0.12483487371404976
54073,0.20022916069894015,0.0979689366786141,-0.10226022402032604
54075,0.26122754491017963,0.11881568828505511,-0.1424118566251245
54077,0.21706011528959648,0.10234992374878692,-0.11471019154080957
54079,0.2764113539875794,0.1294943105391355,-0.1469170434484439
54081,0.24110433154111038,0.11005619066072467,-0.13104814088038572
54083,0.27557377049180326,0.12972227013972745,-0.1458515003520758
54085,0.1368199859911277,0.06382716049382715,-0.07299282549730056
54087,0.25247267048412286,0.1103061039666727,-0.14216656651745016
54089,0.25926589077887197,0.11645136778115502,-0.14281452299771696
54091,0.24326154679669512,0.11658637302133516,-0.12667517377535997
54093,0.24401664932362122,0.12238723872387239,-0.12162941059974883
54095,0.16088730239673635,0.07658280342825546,-0.08430449896848088
54097,0.2207220428529498,0.10310376305913378,-0.11761827979381602
54099,0.24122263527467988,0.11214834571664443,-0.12907428955803546
54101,0.17930629041740154,0.07988659106070714,-0.0994196993566944
54103,0.23083845807709613,0.10489623865110247,-0.12594221942599365
54105,0.17565020731247644,0.07923285548237118,-0.09641735183010526
54107,0.28187400030958154,0.13824940369308283,-0.1436245966164987
54109,0.13466014897579143,0.06477197620621282,-0.06988817276957861
55001,0.36630563547131495,0.1724499301350722,-0.19385570533624275
55003,0.5482471165924403,0.25750977107761025,-0.29073734551483005
55005,0.36273968279018387,0.1667537021149614,-0.19598598067522247
55007,0.5649816176470588,0.27166370106761567,-0.2933179165794431
55009,0.4548837984404619,0.22746814166995907,-0.22741565677050282
55011,0.36591606960081885,0.170679012345679,-0.19523705725513985
55013,0.3519376787299083,0.16951896392229418,-0.1824187148076141
55015,0.3937089751088581,0.19636347065257018,-0.19734550445628793
55017,0.3890867605320274,0.18940240700787606,-0.19968435352415134
55019,0.3036649214659686,0.14696870925684485,-0.15669621220912372
55021,0.4845138622339012,0.234690954917798,-0.24982290731610318
55023,0.45462909718228867,0.21197144426139483,-0.24265765292089383
55025,0.7546165648175271,0.37438273544867995,-0.3802338293688472
55027,0.3376827153357007,0.1641948310139165,-0.17348788432178422
55029,0.4992792165829895,0.2522202062643239,-0.24705901031866562
55031,0.5356404749361754,0.2590354283902671,-0.2766050465459083
55033,0.42071926543104915,0.20723966040968922,-0.21347960502135993
55035,0.5425997425997426,0.272250977412666,-0.2703487651870766
55037,0.26564625850340134,0.12397086763774541,-0.14167539086565595
55039,0.3596094391364343,0.1750901293420131,-0.1845193097944212
55041,0.3405897486641599,0.1649009221110457,-0.1756888265531142
55043,0.42947516401124647,0.2007983593349447,-0.22867680467630178
55045,0.5069139493599926,0.24694238086609893,-0.25997156849389363
55047,0.3133726923437354,0.1560351067680058,-0.15733758557572958
55049,0.5594625500285878,0.26401853239762896,-0.29544401763095884
55051,0.38229426433915215,0.1820519098922625,-0.20024235444688965
55053,0.417910447761194,0.19791468291753953,-0.2199957648436545
55055,0.41484816273786446,0.20514098831412275,-0.2097071744237417
55057,0.3461959296812313,0.16676973819830962,-0.1794261914829217
55059,0.47547837454078296,0.2306241729157477,-0.24485420162503527
55061,0.3287308805291443,0.162568087151554,-0.1661627933775903
55063,0.5575098697778563,0.26991046345885056,-0.28759940631900577
55065,0.4263004091174752,0.196388134057971,-0.22991227505950418
55067,0.3317510076130766,0.160579561042524,-0.17117144657055258
55069,0.3795235497363157,0.18321808356092742,-0.19630546617538827
55071,0.37515893729505456,0.1878292598670006,-0.18732967742805395
55073,0.40140193613112535,0.1999911196813234,-0.20141081644980194
55075,0.320553548892467,0.1518533688306369,-0.1687001800618301
55077,0.35730832873690016,0.17248329266999046,-0.1848250360669097
55078,0.819496855345912,0.4026717557251908,-0.4168250996207212
55079,0.6912637181869878,0.3407533176616599,-0.35051040052532795
55081,0.37296006368581663,0.1813513629166845,-0.19160870076913214
55083,0.28925263838035753,0.13983220937700708,-0.14942042900335045
55085,0.418270623784097,0.20245029122313718,-0.21582033256095984
55087,0.4412712225287441,0.22083943823035415,-0.22043178429838997
55089,0.4312689067429984,0.21957713637509452,-0.21169177036790388
55091,0.3593146718146718,0.17489664676159852,-0.18441802505307328
55093,0.4201226572886735,0.20027961562696914,-0.21984304166170435
55095,0.35531455007394486,0.1694954290978669,-0.18581912097607794
55097,0.5031155333349753,0.24854362198899627,-0.254571911345979
55099,0.3547858647320384,0.16965898825654924,-0.18512687647548914
55101,0.47119331899183664,0.2308610218598518,-0.24033229713198484
55103,0.44319946749500777,0.21371876005577603,-0.22948070743923174
55105,0.5466026241799438,0.2640810780206092,-0.28252154615933456
55107,0.3191732183616536,0.1521160822249093,-0.16705713613674428
55109,0.4089442220537147,0.1968107912008179,-0.21213343085289682
55111,0.5001795431317847,0.2417518092805449,-0.2584277338512398
55113,0.4279733587059943,0.20641831238779174,-0.22155504631820255
55115,0.3153216891443732,0.15608510638297873,-0.15923658276139446
55117,0.4105527866567693,0.2052559130872384,-0.2052968735695309
55119,0.25201197828935057,0.12618451635973538,-0.1258274619296152
55121,0.4086475942782835,0.19338889234405124,-0.21525870193423227
55123,0.46831627205928533,0.2262026612077789,-0.24211361085150643
55125,0.3840848461188106,0.18961884102881935,-0.19446600508999126
55127,0.3956423611111111,0.1911068204696602,-0.2045355406414509
55129,0.37261514742724994,0.17612497722718162,-0.19649017020006831
55131,0.30260020438287727,0.1559180369118339,-0.14668216747104337
55133,0.3877147420110748,0.19666989379484892,-0.1910448482162259
55135,0.33309303123927225,0.16358583034568958,-0.16950720089358268
55137,0.32340801886792453,0.15912413841119544,-0.1642838804567291
55139,0.4685638931427599,0.23413826005808894,-0.234425633084671
55141,0.39626616301031525,0.19659607731665718,-0.19967008569365807
56001,0.48506188647033716,0.4652364808536653,-0.019825405616671843
56003,0.13623789764868602,0.12819626814098134,-0.008041629507704678
56005,0.09804915125411705,0.10861788617886178,0.010568734924744735
56007,0.21279451237697583,0.19764194849519082,-0.015152563881785014
56009,0.12282453637660486,0.12463126843657817,0.0018067320599733094
56011,0.09123823316437364,0.10141941391941392,0.010181180755040278
56013,0.3026763189645717,0.2977121177282134,-0.004964201236358323
56015,0.1918048469387755,0.18603154168007724,-0.005773305258698264
56017,0.18624420401854713,0.1846386681800984,-0.0016055358384487461
56019,0.1811389337641357,0.17093844601412714,-0.010200487750008563
56021,0.33638393350575857,0.3245579838099388,-0.011825949695819793
56023,0.1433729216152019,0.1483546617915905,0.004981740176388583
56025,0.24102172868808455,0.2437291703209963,0.0027074416329117557
56027,0.1172465960665658,0.09003215434083602,-0.027214441725729788
56029,0.20279512340172465,0.19311448210476417,-0.009680641296960474
56031,0.17932701994761233,0.16233090530697192,-0.01699611464064041
56033,0.24434908739272332,0.23647222054654038,-0.00787686684618294
56035,0.1764,0.1850362027353178,0.008636202735317788
56037,0.22894957479937716,0.2218324513942565,-0.007117123405120662
56039,0.6659903969703118,0.6516686531585221,-0.014321743811789744
56041,0.1681995982662015,0.17022900763358778,0.00202940936738627
56043,0.16145833333333334,0.16747510850140412,0.0060167751680707815
56045,0.10112359550561797,0.10699122558731956,0.005867630081701589
